{
"type": "FeatureCollection",
"name": "north_aus_tropical_savanna_buffer10km_wgs84",
"crs": { "type": "name", "properties": { "name": "urn:ogc:def:crs:OGC:1.3:CRS84" } },
"features": [
{ "type": "Feature", "properties": { "OBJECTID": 12, "CMZ_ID": 12, "CM_ZONE": "North Australian Tropical Savanna Woodlands", "CMZ_AREA_SQ_KM": 1315554.05192874, "SHAPEAREA": 111.38838373954, "SHAPELEN": 375.66967707918002, "area_km2": 1145789 }, "geometry": { "type": "Polygon", "coordinates": [ [ [ 121.096473721435743, -19.65323293893579 ], [ 121.253129808643763, -19.550341371231717 ], [ 121.26739654025458, -19.538831905191966 ], [ 121.394580508285998, -19.41360502671397 ], [ 121.404259149655175, -19.402375618703537 ], [ 121.584233657019666, -19.154650514463999 ], [ 121.599220253522844, -19.120584529127356 ], [ 121.60794292035898, -19.077175480159511 ], [ 121.643251848046859, -19.026047640719717 ], [ 121.65418078473067, -19.004345765206917 ], [ 121.654684298801115, -19.00168379808877 ], [ 121.655592522140068, -19.000721541115638 ], [ 121.667327870353631, -18.976906369096373 ], [ 121.685758247438898, -18.918424785269554 ], [ 121.703477468635, -18.911403487177548 ], [ 121.726569628142528, -18.892179457537658 ], [ 121.741980478552776, -18.866977604897471 ], [ 121.748104401086962, -18.838431178521123 ], [ 121.750061099156667, -18.790064129831716 ], [ 121.776416800141632, -18.777070206812429 ], [ 121.848664343891357, -18.724448481757697 ], [ 121.87149700230006, -18.700505461234179 ], [ 121.883973062164515, -18.670454997704141 ], [ 121.8844988631202, -18.638153865917612 ], [ 121.876323767986449, -18.591357826271366 ], [ 121.868919986859126, -18.568424062247871 ], [ 121.865542378011654, -18.563351522683796 ], [ 121.866760895726799, -18.561075571719936 ], [ 121.892172558373815, -18.560556256187606 ], [ 121.917664341976874, -18.552941608654898 ], [ 121.987610469518245, -18.521126853668985 ], [ 122.002307843129842, -18.512808052398178 ], [ 122.074078319235227, -18.463287490870119 ], [ 122.097278065932713, -18.440305598328049 ], [ 122.123665364182798, -18.402594958102416 ], [ 122.163238576561426, -18.390885808337575 ], [ 122.190917205370397, -18.377633204069198 ], [ 122.212621525164352, -18.356575256000383 ], [ 122.23526795685251, -18.325820244437764 ], [ 122.237908257091433, -18.32539392816938 ], [ 122.265730874608195, -18.310715725353344 ], [ 122.286879865166185, -18.288076159686288 ], [ 122.292171287514904, -18.275804370129315 ], [ 122.343206088147753, -18.260360715280061 ], [ 122.364293916837454, -18.251123965138643 ], [ 122.382387936720676, -18.237264689562501 ], [ 122.440986208928095, -18.179714429870568 ], [ 122.456966962511672, -18.158615699433057 ], [ 122.465975934266766, -18.134036616043424 ], [ 122.478082454417006, -18.074530896048639 ], [ 122.478344009694993, -18.041393429811102 ], [ 122.46641698760034, -17.97754904025463 ], [ 122.456271856112352, -17.950013420341861 ], [ 122.437489879748426, -17.927008564209846 ], [ 122.420881214018422, -17.912333941729774 ], [ 122.402003228963608, -17.899373249405919 ], [ 122.380394780264311, -17.891219143006506 ], [ 122.299388581076727, -17.871214669191751 ], [ 122.297191673530321, -17.836086842759133 ], [ 122.306524556983945, -17.827683105878911 ], [ 122.324365968148228, -17.805735047968309 ], [ 122.334394050474884, -17.779621226312575 ], [ 122.335662954228766, -17.751817457652937 ], [ 122.328058234851554, -17.724958651460181 ], [ 122.312305551076804, -17.701589064268052 ], [ 122.293749953706055, -17.686958028383209 ], [ 122.293791923588245, -17.683859041489125 ], [ 122.286191962846146, -17.647071060451562 ], [ 122.240474175987359, -17.544445670380352 ], [ 122.243200054585941, -17.367494967959001 ], [ 122.255930055307218, -17.317953451657829 ], [ 122.276302283395566, -17.301719214697073 ], [ 122.292762753433891, -17.274829606327881 ], [ 122.295378664333739, -17.268123631478435 ], [ 122.308422404823887, -17.259203131148439 ], [ 122.320436744771811, -17.243784368547686 ], [ 122.331551615347948, -17.244474507878223 ], [ 122.359283219649015, -17.23788719757259 ], [ 122.383671722661575, -17.223551943766434 ], [ 122.402455667249413, -17.202798055125292 ], [ 122.413896010853577, -17.177549519347526 ], [ 122.416936922158513, -17.150146171547576 ], [ 122.414041075481094, -17.136261759951761 ], [ 122.415598734910503, -17.128816413075359 ], [ 122.412351300795976, -17.104893121302261 ], [ 122.422057197465506, -17.097339542197282 ], [ 122.435122726826279, -17.075961170321559 ], [ 122.449621743866516, -17.077728430686722 ], [ 122.460224824445277, -17.075375620629963 ], [ 122.479904565589095, -17.07600385983875 ], [ 122.508243647196863, -17.068024521790335 ], [ 122.521570505518028, -17.061931920988254 ], [ 122.544140893348214, -17.047414350428049 ], [ 122.546299425899079, -17.04490256347707 ], [ 122.58837081880489, -17.046408837405991 ], [ 122.615586563242786, -17.043505142958431 ], [ 122.640768339971842, -17.033112778058367 ], [ 122.661762092784684, -17.016120409328479 ], [ 122.676773992760587, -16.993980775032316 ], [ 122.684523928151677, -16.968586106158114 ], [ 122.684354169154915, -16.94210605024502 ], [ 122.676284151147485, -16.916802097842385 ], [ 122.661824169392716, -16.887517019373163 ], [ 122.673159373047355, -16.884433151221096 ], [ 122.699542666493528, -16.873447838008651 ], [ 122.709499429304984, -16.875547218015214 ], [ 122.736154642442287, -16.873673648732442 ], [ 122.761172676518001, -16.864571863234499 ], [ 122.770807047678886, -16.857534793149256 ], [ 122.771320655886612, -16.857963155432188 ], [ 122.798015220873978, -16.873578019247748 ], [ 122.828528301962592, -16.879819657432876 ], [ 122.859463504109215, -16.875993764268646 ], [ 122.887377151975087, -16.862525931192355 ], [ 122.909163886901879, -16.840914121986568 ], [ 122.916160737247736, -16.831131522879684 ], [ 122.929257553347966, -16.804261330019315 ], [ 122.932682545017158, -16.774726998267649 ], [ 122.926074312818045, -16.745703259132128 ], [ 122.910149326241779, -16.720308603952844 ], [ 122.877613902093586, -16.683649704029349 ], [ 122.868401284401941, -16.675967884122031 ], [ 122.860957648102882, -16.655104561567992 ], [ 122.853947700418956, -16.645795194013264 ], [ 122.854659002361672, -16.643798329115221 ], [ 122.877470754108103, -16.632543968823267 ], [ 122.885199127477051, -16.645599993320587 ], [ 122.904648023767365, -16.663568134289289 ], [ 122.906791773339577, -16.664630674671947 ], [ 122.907055048500141, -16.666345927479629 ], [ 122.91990020930902, -16.691554271674789 ], [ 122.940089792758855, -16.711726116675891 ], [ 122.958969471516696, -16.72145983281732 ], [ 122.960651449027523, -16.72477741686361 ], [ 122.974316042656937, -16.743182402645445 ], [ 123.000598827831368, -16.767055695736047 ], [ 123.010343626464504, -16.770664968734877 ], [ 123.017342737170111, -16.809362884886209 ], [ 123.026061033619911, -16.834722485647763 ], [ 123.042036623743428, -16.85651194716068 ], [ 123.062321217158313, -16.871669122817959 ], [ 123.054957491668702, -16.903189225063038 ], [ 123.053293803291723, -16.933810841938836 ], [ 123.062275841710942, -16.963213818962132 ], [ 123.080881547523376, -16.988030369962441 ], [ 123.106982996770313, -17.005416874234374 ], [ 123.154447604591638, -17.026622176240725 ], [ 123.17824314194813, -17.054330742621094 ], [ 123.20007257978618, -17.132441887933638 ], [ 123.209625937083374, -17.15449491895955 ], [ 123.224825358326271, -17.173362881684049 ], [ 123.261912704492858, -17.208576753021898 ], [ 123.29313816614679, -17.268151869731764 ], [ 123.299211552507515, -17.325776574529002 ], [ 123.307433758425972, -17.354675122214427 ], [ 123.325001925792563, -17.379399271245152 ], [ 123.349993148560259, -17.397237123659817 ], [ 123.387248832239621, -17.415515742931341 ], [ 123.403763384399085, -17.443889048240415 ], [ 123.427536373384257, -17.470678826130111 ], [ 123.441081985756981, -17.480960031003345 ], [ 123.456450333273537, -17.525663182969232 ], [ 123.470430918957916, -17.551432816621098 ], [ 123.478725708176782, -17.559122016276383 ], [ 123.478719403285197, -17.568308712817256 ], [ 123.485340526039394, -17.591583355350675 ], [ 123.502607867805011, -17.630740821885983 ], [ 123.51799410091779, -17.654509996793998 ], [ 123.54021605517147, -17.672617582557276 ], [ 123.567144249803107, -17.683327291529302 ], [ 123.596195202480047, -17.685611963838134 ], [ 123.624580450713793, -17.679252455719649 ], [ 123.649575828033349, -17.664858745865789 ], [ 123.66878438178324, -17.643811194183908 ], [ 123.680367003925042, -17.618127698859865 ], [ 123.683218295358074, -17.590269712718108 ], [ 123.683118906899693, -17.588605572436226 ], [ 123.689149262647007, -17.578018937236383 ], [ 123.694553398550141, -17.549744113678525 ], [ 123.690457279783161, -17.521264806953944 ], [ 123.674426467359439, -17.470861227321588 ], [ 123.675732846115181, -17.42759157187659 ], [ 123.67231714186542, -17.406350209159502 ], [ 123.679066540535686, -17.397422029476576 ], [ 123.687697781029669, -17.380528431780906 ], [ 123.696354198972188, -17.353705331034465 ], [ 123.699107668729141, -17.335609438960539 ], [ 123.722438488213911, -17.333656719341665 ], [ 123.749106963261028, -17.322915020047219 ], [ 123.771116996240707, -17.304860054129357 ], [ 123.786382667966024, -17.281203952438016 ], [ 123.789009260478764, -17.271180329149072 ], [ 123.794446615493086, -17.278731006792945 ], [ 123.816699835860263, -17.295453972866596 ], [ 123.843105402649229, -17.305040819462985 ], [ 123.860089190320906, -17.305996431069563 ], [ 123.86418095803235, -17.309454622828039 ], [ 123.890462076422082, -17.320552795840658 ], [ 123.918995049431899, -17.323476216595381 ], [ 123.947110232518341, -17.31795155152961 ], [ 123.972177315381742, -17.304495334510147 ], [ 123.991852815927345, -17.284365481865034 ], [ 124.004299976946655, -17.259443285611621 ], [ 124.011594703282483, -17.236320062473574 ], [ 124.015573427461916, -17.20610651020462 ], [ 124.008947319578112, -17.176326558143057 ], [ 123.992472913402551, -17.150348793991494 ], [ 123.968017648207848, -17.131110476530509 ], [ 123.941016224622345, -17.121715232050793 ], [ 123.932850608814647, -17.112350080738356 ], [ 123.948096248551209, -17.10409505583409 ], [ 123.96989688410811, -17.078791785573447 ], [ 123.975222731699262, -17.069619660982653 ], [ 123.985285044093132, -17.043554410744942 ], [ 123.986688689727458, -17.015764082547932 ], [ 123.979306954587102, -16.98887021382555 ], [ 123.963956795588871, -16.965584295617646 ], [ 124.018745284338678, -16.922167385986619 ], [ 124.039212788486381, -16.899450340518651 ], [ 124.050845998189459, -16.871485795091377 ], [ 124.052362737614743, -16.841369911322918 ], [ 124.047634227555307, -16.802822029005071 ], [ 124.039640727978778, -16.775444069088767 ], [ 124.02329394130642, -16.751813792143302 ], [ 124.000206509088912, -16.734257320880165 ], [ 123.972651360462379, -16.724502357148854 ], [ 123.94333836098096, -16.723508676700281 ], [ 123.925261295212891, -16.725667679826763 ], [ 123.895332029811684, -16.734338968088551 ], [ 123.870012905004543, -16.752088733918761 ], [ 123.852129982042314, -16.77693631575022 ], [ 123.847711945309413, -16.79219696723705 ], [ 123.84635249544219, -16.792747677220987 ], [ 123.833513573988299, -16.775741844766735 ], [ 123.828654553962707, -16.771165985278515 ], [ 123.828357169603436, -16.765746900788411 ], [ 123.816733132057308, -16.737956585736271 ], [ 123.796405676988229, -16.715360697767597 ], [ 123.794461827991142, -16.714278267446289 ], [ 123.79106518379804, -16.706012580999786 ], [ 123.771546885310613, -16.683687767661507 ], [ 123.745723428635515, -16.668557962876481 ], [ 123.727901368004126, -16.664709084147205 ], [ 123.688992668424177, -16.621044737754101 ], [ 123.691698506075667, -16.617901345014637 ], [ 123.699114658482401, -16.601201977349067 ], [ 123.706960488979391, -16.595969833723213 ], [ 123.724843629159821, -16.57321520929392 ], [ 123.733475992828318, -16.549124616281016 ], [ 123.743939042556036, -16.536841500774909 ], [ 123.754614190251814, -16.511446437305178 ], [ 123.755455639581655, -16.501778416393112 ], [ 123.764640147724634, -16.49770387186193 ], [ 123.785228871594413, -16.479802818471143 ], [ 123.792960743637835, -16.49390969805857 ], [ 123.814152984860399, -16.513685710332986 ], [ 123.840622087900016, -16.526067810498073 ], [ 123.869740753835885, -16.529827289759961 ], [ 123.898616990810851, -16.524591040506547 ], [ 123.924383034025013, -16.510878725968599 ], [ 123.924540244247936, -16.510715857977807 ], [ 123.926610450878087, -16.510433641116517 ], [ 123.951743784280197, -16.498985408884334 ], [ 123.972296298788294, -16.48084766316769 ], [ 123.980323348477853, -16.467678581932393 ], [ 124.004017396888926, -16.467222022192189 ], [ 124.032403885557599, -16.457299027793479 ], [ 124.05604413726337, -16.439072800447956 ], [ 124.072463465262643, -16.414452067929329 ], [ 124.079946801394087, -16.386014410066984 ], [ 124.078292255442662, -16.364290617468782 ], [ 124.090430088018735, -16.366342815297536 ], [ 124.091253408218392, -16.368567732585117 ], [ 124.111324373635085, -16.392388765426137 ], [ 124.116545908087232, -16.39678520171443 ], [ 124.137509435503773, -16.450020941630434 ], [ 124.151741860599415, -16.474191804218581 ], [ 124.172844940855057, -16.493018414440566 ], [ 124.175728716349809, -16.494317981631468 ], [ 124.175806669142361, -16.494610498584596 ], [ 124.190679873949762, -16.517857680738604 ], [ 124.199568345273747, -16.52795068378764 ], [ 124.222753939121944, -16.546915373697082 ], [ 124.250972389505463, -16.557651392434469 ], [ 124.281243493178692, -16.559025369682793 ], [ 124.359279288699256, -16.550121322106879 ], [ 124.368400114469011, -16.547181450163041 ], [ 124.390062297798423, -16.553629519705016 ], [ 124.419319367648029, -16.553119648047776 ], [ 124.446972543998768, -16.543821077990945 ], [ 124.470298290797572, -16.526649161025308 ], [ 124.487001639554606, -16.503293970498255 ], [ 124.48950294364748, -16.495223197852344 ], [ 124.504309369380209, -16.492416319384908 ], [ 124.582761978007923, -16.503498151345656 ], [ 124.610559890583971, -16.503342410619766 ], [ 124.735437037385509, -16.484248069977916 ], [ 124.80076560763527, -16.514937196599096 ], [ 124.827836061699315, -16.523001023205779 ], [ 124.856148090175679, -16.522791259180842 ], [ 124.932601726446805, -16.510765838245085 ], [ 124.959342524312788, -16.502379509071016 ], [ 124.982297755761195, -16.486624611499728 ], [ 124.996080931654035, -16.469125599769605 ], [ 125.003731237323933, -16.465609680840888 ], [ 125.026312283119566, -16.443625062698477 ], [ 125.039937864007939, -16.415510008612667 ], [ 125.043014177877296, -16.384565185431789 ], [ 125.042034828688315, -16.371975615393616 ], [ 125.034782651015689, -16.34310849860654 ], [ 125.018354772822505, -16.318066939041973 ], [ 124.994514964546553, -16.299533290447961 ], [ 124.965817120921699, -16.289492184607589 ], [ 124.935332141089106, -16.289018629926058 ], [ 124.913097823480896, -16.292257178910745 ], [ 124.889661483943243, -16.29881243745637 ], [ 124.868769863873467, -16.311069426164835 ], [ 124.855398430440758, -16.324601925311324 ], [ 124.83352933318784, -16.306677915970781 ], [ 124.805269817986016, -16.295923423460636 ], [ 124.7671871062348, -16.288054221190624 ], [ 124.750966020451301, -16.274829586977607 ], [ 124.728474210182071, -16.261259861927563 ], [ 124.702980627485331, -16.254400022918702 ], [ 124.595533943616232, -16.240995662684664 ], [ 124.603172494442774, -16.231449074401855 ], [ 124.611113660205788, -16.217592801925406 ], [ 124.613880151020396, -16.217681479205833 ], [ 124.647690150468861, -16.205353591456916 ], [ 124.694428080598698, -16.177192861882411 ], [ 124.715853972780039, -16.15939041318903 ], [ 124.73084293858453, -16.136145400545196 ], [ 124.738026451426535, -16.109585214660441 ], [ 124.736752206400496, -16.082139782067358 ], [ 124.72714210183868, -16.056319048178697 ], [ 124.710079175731835, -16.034483480156897 ], [ 124.704816822809505, -16.030849385662968 ], [ 124.715098867302657, -16.009134760661514 ], [ 124.718427895333278, -15.980238983485181 ], [ 124.713245985124559, -15.956350789903849 ], [ 124.720618942402979, -15.953871390330846 ], [ 124.743160671076026, -15.937670553602931 ], [ 124.759745996748919, -15.915632594076351 ], [ 124.760761672672658, -15.912753630200786 ], [ 124.773723597602626, -15.904702697917623 ], [ 124.779918179738587, -15.897523976991103 ], [ 124.787292203431591, -15.893571538171081 ], [ 124.807368959037944, -15.872543266933112 ], [ 124.813895774755821, -15.863050937619949 ], [ 124.82569018639353, -15.838774445901899 ], [ 124.82971907551044, -15.81217749011668 ], [ 124.825634901269993, -15.785586522959839 ], [ 124.813799637480997, -15.761326605070179 ], [ 124.795251477528495, -15.741518221076346 ], [ 124.78108520959249, -15.73335327440274 ], [ 124.7663333678328, -15.712588046034675 ], [ 124.75918733645662, -15.70721096248591 ], [ 124.755101347495668, -15.700346961154798 ], [ 124.734571770412188, -15.681917110351852 ], [ 124.709399174067784, -15.670292898918918 ], [ 124.681848738587092, -15.666520697930732 ], [ 124.654398237000578, -15.67094003178827 ], [ 124.629516510727129, -15.683153127846508 ], [ 124.55963735085615, -15.731485887188216 ], [ 124.535203639269909, -15.757416004317067 ], [ 124.535030321599294, -15.757092072206087 ], [ 124.514673363461469, -15.737412738521384 ], [ 124.507811989214545, -15.734004274040405 ], [ 124.517065452475407, -15.725851087927424 ], [ 124.531228333254077, -15.702735935413363 ], [ 124.537856703093965, -15.676559176667658 ], [ 124.536372191406741, -15.64962322711037 ], [ 124.526174597332158, -15.600919535322719 ], [ 124.529845795864759, -15.596872790369462 ], [ 124.557776220222365, -15.608804495442016 ], [ 124.588211133267492, -15.611165482978825 ], [ 124.59311823982361, -15.609921921479591 ], [ 124.62175612026607, -15.616669469514669 ], [ 124.651697690015894, -15.613989691157434 ], [ 124.679183729451822, -15.602024322375174 ], [ 124.699304934723827, -15.583850450133445 ], [ 124.720963477703705, -15.575463041413403 ], [ 124.743774312031817, -15.556627220838253 ], [ 124.759311138760324, -15.531642319211185 ], [ 124.771514403734727, -15.502197541773178 ], [ 124.777661230742325, -15.478977535937428 ], [ 124.777425510264194, -15.45498248091857 ], [ 124.773923883568969, -15.442723580831409 ], [ 124.782943889684688, -15.435903990026034 ], [ 124.79266886313151, -15.425923703621285 ], [ 124.806236310281676, -15.434823969750191 ], [ 124.834620593086399, -15.448199118174616 ], [ 124.857827031032343, -15.455151790091259 ], [ 124.858863219225483, -15.456654647978059 ], [ 124.871189932616758, -15.465702122461705 ], [ 124.870359346060525, -15.478254222807161 ], [ 124.876458036445598, -15.504126725392851 ], [ 124.889894110834675, -15.527163238659474 ], [ 124.897532023388166, -15.536695774011424 ], [ 124.921056835412728, -15.557466394909149 ], [ 124.944724405480613, -15.566983785217616 ], [ 124.948237511987514, -15.572808364248427 ], [ 124.972102312895103, -15.592468280090069 ], [ 125.001255963878862, -15.603235566356737 ], [ 125.032395680557542, -15.603891026452811 ], [ 125.061992257086729, -15.59436043574507 ], [ 125.089027192091308, -15.580330628129113 ], [ 125.195677057613864, -15.654934251256035 ], [ 125.220291206936807, -15.667175401372576 ], [ 125.247488209234703, -15.671752208378978 ], [ 125.274851543652829, -15.668258322359858 ], [ 125.299949817935484, -15.657003948894431 ], [ 125.320554090092457, -15.638988207189664 ], [ 125.334836681935116, -15.615810136815206 ], [ 125.341533450983491, -15.589526383862164 ], [ 125.340055062799365, -15.562468367754636 ], [ 125.330537685910386, -15.537035301006648 ], [ 125.313829158454894, -15.515481498044055 ], [ 125.251131028804494, -15.455629970015282 ], [ 125.239656686480345, -15.446307482985238 ], [ 125.192884180934101, -15.414138864714356 ], [ 125.210939157553753, -15.399070522304148 ], [ 125.225820146935249, -15.376030525765449 ], [ 125.233091350116382, -15.349678608475035 ], [ 125.232103292123966, -15.322385548811159 ], [ 125.229323168114291, -15.307836690262167 ], [ 125.221667970293851, -15.284965996701411 ], [ 125.208203580758948, -15.264870379579598 ], [ 125.193061863269875, -15.251723521247639 ], [ 125.19242989389538, -15.249903433537506 ], [ 125.185250600995488, -15.240282249300932 ], [ 125.204980327708114, -15.233383238353724 ], [ 125.226920648219433, -15.217346565901085 ], [ 125.227637072971532, -15.216389735283943 ], [ 125.23016095530231, -15.218625089401979 ], [ 125.254729367026101, -15.229939006772362 ], [ 125.27432694256494, -15.232699611220587 ], [ 125.282394417702676, -15.238525875126202 ], [ 125.307708890011071, -15.251427720761475 ], [ 125.335808751975208, -15.256097586286318 ], [ 125.364013669366557, -15.252090383766275 ], [ 125.380982333980398, -15.243943035301472 ], [ 125.384041988061284, -15.24306882266508 ], [ 125.419956619747452, -15.2493203568923 ], [ 125.502215910260432, -15.246209047303088 ], [ 125.532053285381579, -15.240104693508025 ], [ 125.558246682188582, -15.224748031592748 ], [ 125.57794094181979, -15.201812797580574 ], [ 125.588992912788584, -15.17379807761157 ], [ 125.590204311946678, -15.143755388418354 ], [ 125.581450052588465, -15.114955874671583 ], [ 125.563688978574746, -15.090534093237709 ], [ 125.544689094084291, -15.071879635424121 ], [ 125.534844527176062, -15.065225290368666 ], [ 125.540786222424742, -15.056818991395142 ], [ 125.54912686316122, -15.027556682708777 ], [ 125.551133627830353, -15.009095859026438 ], [ 125.549924707846955, -14.981736153954515 ], [ 125.540559116197826, -14.955963236285617 ], [ 125.523885910111233, -14.934101669443573 ], [ 125.501410941131098, -14.918122617999392 ], [ 125.475160484587889, -14.909466487529128 ], [ 125.447498992475261, -14.908913445085295 ], [ 125.420917206786655, -14.916513332747096 ], [ 125.417246746266883, -14.91818767518631 ], [ 125.409827150375904, -14.912545669052953 ], [ 125.412050663349888, -14.904198310143238 ], [ 125.414945226154558, -14.875738467479687 ], [ 125.408797614349822, -14.847787682108422 ], [ 125.394217873908261, -14.823094650531521 ], [ 125.372643018605771, -14.804086866113334 ], [ 125.353910984626651, -14.795975088105623 ], [ 125.344268773788997, -14.786237408460037 ], [ 125.319589659376959, -14.773196001468074 ], [ 125.308577910827921, -14.771156150747276 ], [ 125.30814990236675, -14.770989094588881 ], [ 125.320822565670085, -14.763533295840988 ], [ 125.339539384848621, -14.742720638445212 ], [ 125.342217606018338, -14.736793979488779 ], [ 125.362216977534928, -14.724959344030596 ], [ 125.373315896699594, -14.712481250393052 ], [ 125.3758932913764, -14.715036462683511 ], [ 125.400711469603507, -14.727840712450233 ], [ 125.42826392686618, -14.732644291375308 ], [ 125.455996789499451, -14.729002313605298 ], [ 125.481339358256591, -14.7172520852967 ], [ 125.503726748414039, -14.702377059646951 ], [ 125.523350124625878, -14.684790616505824 ], [ 125.537115214532349, -14.662385654982733 ], [ 125.537720966422455, -14.660116440861431 ], [ 125.53842653872519, -14.659442223681125 ], [ 125.544337548236513, -14.648664527977887 ], [ 125.563381189948913, -14.650019593926473 ], [ 125.56608329116014, -14.663402333283853 ], [ 125.579391612304335, -14.687548515790306 ], [ 125.599351960666496, -14.706653925674148 ], [ 125.624148800492591, -14.718979505779028 ], [ 125.651523788810522, -14.723403097571014 ], [ 125.678982279006718, -14.719521919464542 ], [ 125.704021967967179, -14.707689365875494 ], [ 125.724362261774388, -14.688982719837579 ], [ 125.738152861623746, -14.665104768786135 ], [ 125.751484160438324, -14.630882860158374 ], [ 125.752657203798861, -14.633671409342853 ], [ 125.768522879359367, -14.651503427816813 ], [ 125.768886924500237, -14.652709229258258 ], [ 125.786378861120255, -14.677025179995205 ], [ 125.810850118454226, -14.694423773832071 ], [ 125.82489847030125, -14.698623178498579 ], [ 125.831273852292142, -14.709343539857564 ], [ 125.850475843656454, -14.73211640721453 ], [ 125.876036251677505, -14.7475616144425 ], [ 125.905246015319975, -14.754042353491332 ], [ 125.918625596618099, -14.754792658792676 ], [ 125.946863377298001, -14.752024106181164 ], [ 125.972903339425613, -14.740845710377894 ], [ 125.994264134224736, -14.722322166369668 ], [ 126.002791864197889, -14.708291016695293 ], [ 126.014582795749661, -14.694256993255042 ], [ 126.025148261104832, -14.669148058377992 ], [ 126.027784838082198, -14.642060511893956 ], [ 126.027688301312992, -14.640263244686972 ], [ 126.040524890707275, -14.635425531964399 ], [ 126.051558834397525, -14.627046918523844 ], [ 126.072491539015488, -14.623023420598253 ], [ 126.097292064810517, -14.609561140921429 ], [ 126.106514229273316, -14.602528888340515 ], [ 126.127062781139088, -14.580678231131527 ], [ 126.139396879128455, -14.553397671547966 ], [ 126.142197388184201, -14.523615985229986 ], [ 126.138641881770937, -14.474097396006215 ], [ 126.13026994227549, -14.441986910454498 ], [ 126.126222247719369, -14.436331879038711 ], [ 126.128075757747951, -14.43577498277911 ], [ 126.151662037111365, -14.419446683589765 ], [ 126.169013992140293, -14.396653313630354 ], [ 126.178432217569394, -14.369630798017248 ], [ 126.178990851773094, -14.341391287973847 ], [ 126.180304683171428, -14.337317741036847 ], [ 126.180037435044724, -14.310297061003885 ], [ 126.18815416532631, -14.314997959861852 ], [ 126.209874674644297, -14.319317767315404 ], [ 126.230928086799949, -14.328303018438788 ], [ 126.260093376033822, -14.330744192359527 ], [ 126.264404471727872, -14.329706700049522 ], [ 126.293419426974239, -14.327713639501635 ], [ 126.31641739267414, -14.318300990496457 ], [ 126.317887822090228, -14.318287336723968 ], [ 126.346978976111302, -14.307744175319247 ], [ 126.370884857235097, -14.288145024755631 ], [ 126.376047063918989, -14.279619679696951 ], [ 126.381828019810584, -14.278121515244914 ], [ 126.409346044352532, -14.265881654940864 ], [ 126.431389708916953, -14.245397792593982 ], [ 126.445575712735547, -14.218885975394928 ], [ 126.446762620596687, -14.211548252563277 ], [ 126.454733593959048, -14.220139939565449 ], [ 126.475626394199608, -14.236794627934767 ], [ 126.476537402716204, -14.244426450684696 ], [ 126.490662046081084, -14.272548070083332 ], [ 126.513515436544466, -14.294223455566486 ], [ 126.561151296837622, -14.325823861589718 ], [ 126.587742847377953, -14.33787836013868 ], [ 126.616791663508792, -14.34097865186571 ], [ 126.645342864502481, -14.334809650910083 ], [ 126.67049249491842, -14.319998306988053 ], [ 126.68968452192577, -14.298049682197325 ], [ 126.700971476520934, -14.271193577235231 ], [ 126.702479426686438, -14.251651507988809 ], [ 126.714499645624187, -14.239903408104016 ], [ 126.730329408200973, -14.218805561141039 ], [ 126.752314724487803, -14.209004204311061 ], [ 126.768820413150991, -14.198250668950044 ], [ 126.789497157322245, -14.179756378402036 ], [ 126.803666911923585, -14.155923576208622 ], [ 126.808654265252784, -14.13477834783386 ], [ 126.815470871858807, -14.12278433372439 ], [ 126.819269123693175, -14.111915664820357 ], [ 126.821222726004009, -14.110415607378643 ], [ 126.836835744861048, -14.088625928774318 ], [ 126.841382151943662, -14.07523800839914 ], [ 126.85243938932615, -14.081629652144475 ], [ 126.884230776006461, -14.08707866085396 ], [ 126.915937406897072, -14.081157203886191 ], [ 126.94787571993713, -14.069062805420835 ], [ 126.972194375851075, -14.055280627082489 ], [ 126.991209024395218, -14.034796637154686 ], [ 127.00314500271098, -14.009524519337667 ], [ 127.006891467788563, -13.981824609172831 ], [ 127.006694281468626, -13.980690558050219 ], [ 127.017301730053916, -13.989036035280986 ], [ 127.029333285856112, -13.993160094420976 ], [ 127.033942585402485, -14.00986632838873 ], [ 127.050787495195735, -14.034598308549604 ], [ 127.074718484939993, -14.052564835958876 ], [ 127.092085412079513, -14.058227776621047 ], [ 127.095383382469734, -14.060940213188342 ], [ 127.120718014652326, -14.071292852171016 ], [ 127.147984134805441, -14.073686250408082 ], [ 127.174736992116806, -14.067906006560913 ], [ 127.194030757816975, -14.057033272961062 ], [ 127.217691364348468, -14.058331901275364 ], [ 127.246824956938383, -14.050017732060031 ], [ 127.266527002200746, -14.036221614007721 ], [ 127.289901762577003, -14.048032372134113 ], [ 127.318842069086301, -14.052303443423861 ], [ 127.34764998739422, -14.047216289146567 ], [ 127.358279531855132, -14.041463531411974 ], [ 127.358454194825242, -14.043994089235351 ], [ 127.362444315958115, -14.054638519357038 ], [ 127.361372604837243, -14.069324925320393 ], [ 127.369593668781377, -14.099239146210259 ], [ 127.387353841789093, -14.124681578743852 ], [ 127.412512112141727, -14.142651583962072 ], [ 127.423249202910284, -14.155188255560097 ], [ 127.447761501268886, -14.170131829981971 ], [ 127.448064015274966, -14.170203533890616 ], [ 127.461854787032649, -14.187362439255338 ], [ 127.485051422090137, -14.202822882023876 ], [ 127.511838305455129, -14.210591789713042 ], [ 127.526924383273865, -14.210244216076299 ], [ 127.538416789018029, -14.220740940236832 ], [ 127.564137816397746, -14.232536087295861 ], [ 127.578636347853305, -14.234286313828974 ], [ 127.581739914742599, -14.246535460419105 ], [ 127.598433739619864, -14.271890353398646 ], [ 127.605634740250167, -14.277420195444188 ], [ 127.610710045180014, -14.29107820493565 ], [ 127.632005133173962, -14.315662997606053 ], [ 127.676639237230944, -14.351602155335343 ], [ 127.6762210821758, -14.363984831942089 ], [ 127.685051411238391, -14.392730627204106 ], [ 127.701495549383196, -14.415304189869691 ], [ 127.702639349780142, -14.42060121620303 ], [ 127.716198662946951, -14.444524942262522 ], [ 127.732248874170438, -14.459560235137126 ], [ 127.732387953670099, -14.465553088966823 ], [ 127.740266636689597, -14.49023021962414 ], [ 127.754793646133379, -14.511712761355891 ], [ 127.767195023404113, -14.521977405594209 ], [ 127.768670327551106, -14.526414391516102 ], [ 127.785337595046059, -14.549187124048107 ], [ 127.808198079524487, -14.565821593073348 ], [ 127.83507523657228, -14.574733777031524 ], [ 127.841835154910882, -14.574815727105165 ], [ 127.847242773655083, -14.594222839322212 ], [ 127.862161186086951, -14.617270015531542 ], [ 127.869178445533265, -14.623116315262266 ], [ 127.873221217567675, -14.632870651566673 ], [ 127.891002202610906, -14.654085104485651 ], [ 127.914361414239607, -14.669046614359294 ], [ 127.941160684335102, -14.676385736196687 ], [ 127.968944931558838, -14.67543061347402 ], [ 127.979645737765509, -14.673425611855498 ], [ 127.990466877119587, -14.698723970685528 ], [ 128.008751862244907, -14.719901783728542 ], [ 128.032634006505106, -14.734605858547051 ], [ 128.056298955824502, -14.740560797530037 ], [ 128.069582481826814, -14.755893424525006 ], [ 128.076549621635934, -14.760296502877294 ], [ 128.081202031596547, -14.774807197559937 ], [ 128.063511157554558, -14.779586833318787 ], [ 128.037314611126362, -14.791265710595518 ], [ 128.016019923637771, -14.810379129435203 ], [ 128.001701442222156, -14.835066332951367 ], [ 127.995757245278156, -14.862923253708693 ], [ 127.998771814692589, -14.891236224222576 ], [ 128.01045707647279, -14.917246136105236 ], [ 128.018455507625674, -14.926057416231155 ], [ 128.017367061277866, -14.929958717195007 ], [ 128.016715145617724, -14.95177218633329 ], [ 128.019601458801134, -14.98328273937979 ], [ 128.007210599764107, -15.020672022402135 ], [ 128.00273451067892, -15.044574839854597 ], [ 128.002890771303527, -15.04640149363216 ], [ 128.002125570365251, -15.047415358760324 ], [ 127.990318176201313, -15.068310170998325 ], [ 127.984417518458059, -15.091520574140018 ], [ 127.984833495084274, -15.115446836272879 ], [ 127.992458011824567, -15.165649966640428 ], [ 127.998750423143818, -15.184791709357365 ], [ 127.994577953444093, -15.199196309831851 ], [ 127.970312484770076, -15.209445074672381 ], [ 127.949305515870122, -15.227037059714645 ], [ 127.934489317490389, -15.249958249571531 ], [ 127.927185460803415, -15.276168792088866 ], [ 127.928048761419703, -15.303335330725382 ], [ 127.937007440521782, -15.329038530197353 ], [ 127.953267740285298, -15.350988552198851 ], [ 127.975383201607315, -15.367229284844106 ], [ 127.989069011100199, -15.374431295474986 ], [ 127.992603199661417, -15.386013110448683 ], [ 127.979956508943772, -15.417750275957118 ], [ 127.966470757471015, -15.427133770691061 ], [ 127.94627983383981, -15.446304169080737 ], [ 127.932851355196789, -15.470547360931766 ], [ 127.927423626982787, -15.497634333361889 ], [ 127.930500962082903, -15.525073732247327 ], [ 127.941805499768634, -15.550340844602333 ], [ 127.960300880040791, -15.571109986198618 ], [ 127.984286275315156, -15.585468874704441 ], [ 128.011552603278432, -15.592095118158765 ], [ 128.039586645841808, -15.590378378878846 ], [ 128.092272157603389, -15.579083626854546 ], [ 128.12483005399605, -15.565258369688321 ], [ 128.149701077843133, -15.540410816004435 ], [ 128.193568570080487, -15.475175369322265 ], [ 128.201747939773071, -15.458932679622253 ], [ 128.202410407857656, -15.465467852169448 ], [ 128.214490624023881, -15.502180306984501 ], [ 128.251344408047203, -15.564473777100172 ], [ 128.270815249295737, -15.587540521185968 ], [ 128.296862038701875, -15.603134536579985 ], [ 128.326656166803076, -15.609562453239466 ], [ 128.356959446490123, -15.606126150657301 ], [ 128.377632643978245, -15.600273725948325 ], [ 128.40480832593181, -15.587574677552375 ], [ 128.426398315888918, -15.566979776695685 ], [ 128.434684707657226, -15.551093789782424 ], [ 128.438892584746185, -15.547344072078509 ], [ 128.453072599884592, -15.523564364237666 ], [ 128.459357340924072, -15.496698744732997 ], [ 128.457175051245031, -15.469212598194755 ], [ 128.446731226047547, -15.443627312193732 ], [ 128.428987864894481, -15.422289051389999 ], [ 128.405573834910967, -15.407153904444934 ], [ 128.396576020494052, -15.404634567333661 ], [ 128.391637912873563, -15.311380148752914 ], [ 128.386675626843498, -15.286315264250202 ], [ 128.374853168775076, -15.263591235296575 ], [ 128.327802471309582, -15.197800428349833 ], [ 128.331481449778664, -15.184101676817221 ], [ 128.329952050191196, -15.155793985961084 ], [ 128.326080863162247, -15.145810110296203 ], [ 128.338624372189827, -15.153470009376734 ], [ 128.364285425660086, -15.164243508306336 ], [ 128.392036284794585, -15.166952036956335 ], [ 128.419338292397612, -15.161348027134656 ], [ 128.443694104685193, -15.147943693244169 ], [ 128.462877416681096, -15.127964052810757 ], [ 128.475137201572949, -15.103234627089108 ], [ 128.475270342403064, -15.102376097556162 ], [ 128.482170752119117, -15.096835118930294 ], [ 128.484548389631385, -15.093318390058734 ], [ 128.510871230021479, -15.088562206139001 ], [ 128.536507785788501, -15.074756471386539 ], [ 128.542890161514549, -15.068037258128744 ], [ 128.545563567814867, -15.067466451584698 ], [ 128.570901762046475, -15.052680028092038 ], [ 128.590231208380715, -15.030752488134882 ], [ 128.601584734433629, -15.003918122711879 ], [ 128.603810728235658, -14.974910313375174 ], [ 128.596688660828562, -14.946682738717968 ], [ 128.58094911329502, -14.922108547021569 ], [ 128.567007708216067, -14.906533364007073 ], [ 128.566541202634312, -14.896649705475525 ], [ 128.58998828802217, -14.899354730924669 ], [ 128.638763391250848, -14.898144232906944 ], [ 128.655367838894961, -14.895045708087489 ], [ 128.666666791228437, -14.911663173210425 ], [ 128.691705160464778, -14.930044099033392 ], [ 128.721507482194369, -14.939098695198942 ], [ 128.73643287311981, -14.938472017343779 ], [ 128.744516515433418, -14.94204794278391 ], [ 128.795239524943412, -14.955063145732691 ], [ 128.821970180663669, -14.95790360102658 ], [ 128.848390284879912, -14.952982082541366 ], [ 128.859935881345677, -14.947047546000535 ], [ 128.877145495320121, -14.947080099108421 ], [ 128.879884336482235, -14.948897404890541 ], [ 128.899592796293575, -14.958811180410928 ], [ 128.921122350827886, -14.963789897537982 ], [ 128.956712362572603, -14.967646855246857 ], [ 128.962005615684205, -14.977957131621235 ], [ 128.982578553314681, -14.998256062568181 ], [ 129.008523324368923, -15.011204607825759 ], [ 129.021454360525837, -15.013144913857182 ], [ 129.027494569723359, -15.028581309868503 ], [ 129.047278211646812, -15.051670949969798 ], [ 129.073623925332271, -15.067079720610078 ], [ 129.080282671935493, -15.068418319436402 ], [ 129.084106854922311, -15.085333100773187 ], [ 129.095587247811011, -15.112354197235648 ], [ 129.080652317013602, -15.133772271794928 ], [ 129.069749644322513, -15.154797183619996 ], [ 129.0674127892309, -15.161251167784165 ], [ 129.062829362801153, -15.164164739484596 ], [ 129.044331302228755, -15.186842041953119 ], [ 129.03401894584502, -15.214118255089057 ], [ 129.032949990627884, -15.243209384103212 ], [ 129.041239800517872, -15.271145070991837 ], [ 129.05804715432447, -15.295071840079489 ], [ 129.081658048992068, -15.312544847684723 ], [ 129.1096598377693, -15.321778195626601 ], [ 129.139188276040755, -15.321827981371666 ], [ 129.185700616914517, -15.31447490885507 ], [ 129.216356195112667, -15.303922749347491 ], [ 129.241407548216444, -15.283562167498888 ], [ 129.243709790518636, -15.279669892047895 ], [ 129.269441103297027, -15.269439185309567 ], [ 129.282416068833243, -15.261566355942492 ], [ 129.304602129813389, -15.242723733195842 ], [ 129.319687451303025, -15.217974774186063 ], [ 129.32539455898015, -15.193135686116037 ], [ 129.332697838639177, -15.189609743541924 ], [ 129.35600206794382, -15.173544448137035 ], [ 129.373242895322591, -15.15123745622722 ], [ 129.382786828227154, -15.124805714518933 ], [ 129.383733131191036, -15.096756789190616 ], [ 129.380651407477586, -15.085999632816911 ], [ 129.391914495518847, -15.094757914174499 ], [ 129.412683679235187, -15.106022035062932 ], [ 129.440915314262043, -15.115852323471302 ], [ 129.470848144412798, -15.116228836842987 ], [ 129.479803661237781, -15.113362465181554 ], [ 129.480055104884883, -15.11361586182311 ], [ 129.472978661129702, -15.125768098792115 ], [ 129.466972298657709, -15.153157675361092 ], [ 129.469678230095298, -15.181051982006126 ], [ 129.479522998283215, -15.219115949854215 ], [ 129.49258165090265, -15.24772654995296 ], [ 129.51471333023207, -15.270264208575155 ], [ 129.543292667995416, -15.284052912783054 ], [ 129.574924365718772, -15.287455057378081 ], [ 129.589825065476589, -15.28650465684898 ], [ 129.617681714423441, -15.28036616170656 ], [ 129.625506603196754, -15.275842911532681 ], [ 129.632133332840738, -15.281170157471379 ], [ 129.658884808256204, -15.291454607561315 ], [ 129.687548634666143, -15.293138061889085 ], [ 129.708737205956993, -15.287742458051733 ], [ 129.722157235269037, -15.291390166921504 ], [ 129.751529227435583, -15.294537350239164 ], [ 129.780405271829807, -15.288376007169406 ], [ 129.805826499470697, -15.273537010009488 ], [ 129.825190055549854, -15.251539536679021 ], [ 129.836516493328872, -15.224635068965943 ], [ 129.838651858700217, -15.195576419134596 ], [ 129.831383943348015, -15.167335692483709 ], [ 129.815774564060604, -15.131801632371049 ], [ 129.797090529337027, -15.10433780318799 ], [ 129.753993123518825, -15.060768032269777 ], [ 129.754171058484872, -15.060413890609793 ], [ 129.758525217312922, -15.03308095255645 ], [ 129.754384137366969, -15.005713300134897 ], [ 129.742134503780392, -14.980832227337135 ], [ 129.737527254605112, -14.976015809972653 ], [ 129.754399068544132, -14.961496615994259 ], [ 129.766469656927711, -14.941106827902441 ], [ 129.790183757939957, -14.948201678150278 ], [ 129.819006285012136, -14.947607089529601 ], [ 129.846229027341792, -14.938219871940481 ], [ 129.862042913348745, -14.929819956936374 ], [ 129.868412467904278, -14.934382245965091 ], [ 129.896003599514188, -14.943142967119881 ], [ 129.92498019188244, -14.942981490813656 ], [ 129.952469842011823, -14.933913809877314 ], [ 129.975748426044703, -14.916837944567249 ], [ 129.989236531061323, -14.898015901752405 ], [ 129.989481328704159, -14.897995944623197 ], [ 130.016947385656977, -14.89144825392852 ], [ 130.041111967622612, -14.876958530312526 ], [ 130.059698669462932, -14.855891618747808 ], [ 130.070959245517827, -14.830231429189732 ], [ 130.073837842314447, -14.802393685007821 ], [ 130.071459142472008, -14.791099378818355 ], [ 130.074943973166569, -14.785184470479523 ], [ 130.080793993042761, -14.754945847361943 ], [ 130.081266961343346, -14.731465652263807 ], [ 130.077554246647509, -14.703912300562255 ], [ 130.065657647457414, -14.678743517486074 ], [ 130.046684554260537, -14.658293701618595 ], [ 130.022396033088739, -14.644459010870211 ], [ 129.995043249751717, -14.638521949842433 ], [ 129.96715955385929, -14.641032826726844 ], [ 129.941327159951356, -14.651758912600062 ], [ 129.919939439105093, -14.669705940477057 ], [ 129.909872165288334, -14.681185051403892 ], [ 129.881660968250088, -14.680185801582118 ], [ 129.853851299114609, -14.68411656554431 ], [ 129.838392716432509, -14.67337298324243 ], [ 129.81725770516627, -14.667338754015644 ], [ 129.830589676312002, -14.655074491049913 ], [ 129.845134898024497, -14.627124605977563 ], [ 129.848810099023041, -14.599313879741674 ], [ 129.8639046965651, -14.576146234592416 ], [ 129.871187673271606, -14.546781421460173 ], [ 129.86842088705157, -14.516659656463158 ], [ 129.8559146429495, -14.489085643251746 ], [ 129.835045686437297, -14.467083459383534 ], [ 129.808104218452797, -14.453065356613484 ], [ 129.778042443980667, -14.448567888038566 ], [ 129.748152309771996, -14.454083973111748 ], [ 129.691431260979016, -14.474648720722085 ], [ 129.673816344154829, -14.463588148026092 ], [ 129.644842884164717, -14.456626655954324 ], [ 129.615155550464948, -14.459264948811384 ], [ 129.587878970975936, -14.47122509623971 ], [ 129.587590220198649, -14.471412529170756 ], [ 129.576257558733033, -14.469172332252763 ], [ 129.549410320175156, -14.435727811697259 ], [ 129.526420310752712, -14.415317168984975 ], [ 129.497946685784115, -14.403625100345923 ], [ 129.495031095114427, -14.403468312922891 ], [ 129.487637496512576, -14.399208438829929 ], [ 129.479545825935702, -14.383640968436449 ], [ 129.465993774352796, -14.36592076179034 ], [ 129.48098662596675, -14.350629997048101 ], [ 129.496851185487031, -14.3287290889731 ], [ 129.505593235291343, -14.303160069886179 ], [ 129.506446055620415, -14.276368379578226 ], [ 129.51952073998487, -14.266376759194763 ], [ 129.527337322339747, -14.256883784709176 ], [ 129.530982314875274, -14.258866223842647 ], [ 129.560065302342906, -14.264005530082709 ], [ 129.589275783424, -14.259643879425912 ], [ 129.615573174102821, -14.246234893782194 ], [ 129.63622185329794, -14.225172982577194 ], [ 129.649076848207983, -14.198647912269946 ], [ 129.652806606653485, -14.169416619475941 ], [ 129.652741284341857, -14.167563589781201 ], [ 129.659281837802837, -14.159697652682258 ], [ 129.675961191711821, -14.131856042912244 ], [ 129.688650167864012, -14.128369693783133 ], [ 129.759136975818876, -14.0967984591642 ], [ 129.781867570094505, -14.082242974681678 ], [ 129.799353857918447, -14.061688839923487 ], [ 129.823859199997258, -14.022300752654642 ], [ 129.833909988000755, -13.999892518170524 ], [ 129.837636569403571, -13.975614990764264 ], [ 129.838607409403494, -13.920804607539662 ], [ 129.833736419582664, -13.889658805543053 ], [ 129.826605858889195, -13.876631093385807 ], [ 129.84428811799134, -13.867474122227311 ], [ 129.866543942475886, -13.851269458255999 ], [ 129.882969592859638, -13.829156185288866 ], [ 129.893260840929372, -13.809752699336565 ], [ 129.903153440423466, -13.778798928204029 ], [ 129.90163626445397, -13.746326426018159 ], [ 129.897103207896492, -13.726478113097269 ], [ 129.886287833896404, -13.699617255264462 ], [ 129.879083301157522, -13.691059640779189 ], [ 129.879315256194047, -13.689152403944796 ], [ 129.910123881405298, -13.615354261495096 ], [ 129.917106304461669, -13.618671176195186 ], [ 129.938776885269675, -13.625793874848821 ], [ 129.961529794505623, -13.627288071756231 ], [ 130.013906946683619, -13.62410687642511 ], [ 130.050394610212038, -13.61396646279394 ], [ 130.10748098538798, -13.584146517263727 ], [ 130.133899029941432, -13.563327089585714 ], [ 130.145165953270578, -13.550425661654884 ], [ 130.158435333341913, -13.549572282870285 ], [ 130.187585644922393, -13.536639677871937 ], [ 130.210519203637887, -13.514399689300429 ], [ 130.221422549249496, -13.499285240132831 ], [ 130.228147376114578, -13.505256706251101 ], [ 130.290049210103746, -13.545239286417885 ], [ 130.315417483775718, -13.556558363293863 ], [ 130.342999754406435, -13.559668566436248 ], [ 130.370232579550816, -13.554281110317548 ], [ 130.394585190867303, -13.540896218859215 ], [ 130.413796000131725, -13.52075653540572 ], [ 130.426083397443847, -13.495731436880931 ], [ 130.430310915334132, -13.468143139848337 ], [ 130.426091471905153, -13.440550912461248 ], [ 130.413821449877759, -13.415513551164997 ], [ 130.405228266204489, -13.406481710609249 ], [ 130.409895136380641, -13.396591139061742 ], [ 130.413918026274018, -13.370389914294114 ], [ 130.410332415816129, -13.344121860622781 ], [ 130.396161713018301, -13.294756928574488 ], [ 130.385793789929949, -13.27142951334144 ], [ 130.369450393806744, -13.251890879291997 ], [ 130.348401687980356, -13.237657658533015 ], [ 130.305658187143109, -13.216774209495711 ], [ 130.236765945280808, -13.122969265688113 ], [ 130.224795253643606, -13.111299543147268 ], [ 130.224955086665915, -13.110398114951865 ], [ 130.222842656178642, -13.086206628383131 ], [ 130.216584048393258, -13.069051213844697 ], [ 130.224177520808922, -13.039895149910402 ], [ 130.237679134393915, -13.041010812922583 ], [ 130.266407445231323, -13.03873801230527 ], [ 130.292979948090704, -13.02746575994475 ], [ 130.385634153157923, -12.969077944100306 ], [ 130.410959092602468, -12.94522816253491 ], [ 130.425617731853293, -12.913509445855484 ], [ 130.446573887626158, -12.828852087295239 ], [ 130.449201111380518, -12.802313841571792 ], [ 130.448549102339683, -12.78781919098679 ], [ 130.471120611630084, -12.802401987424732 ], [ 130.498747672191342, -12.809582223351878 ], [ 130.527206959309211, -12.807690667677829 ], [ 130.530693688466272, -12.806271480965997 ], [ 130.554419433761893, -12.818199190322032 ], [ 130.556801135678967, -12.818517630559544 ], [ 130.559362388021327, -12.823030249183541 ], [ 130.581312841703209, -12.842699146097136 ], [ 130.608310400131444, -12.85423497944538 ], [ 130.637529681516043, -12.856431207712882 ], [ 130.665911343486243, -12.849058107820701 ], [ 130.684746417208657, -12.836663785634705 ], [ 130.705381864022684, -12.833858421309339 ], [ 130.730744163282708, -12.821601650714177 ], [ 130.769326146438004, -12.794793815523619 ], [ 130.79088260282424, -12.773720356513344 ], [ 130.80448538746262, -12.746665875212043 ], [ 130.808652866398347, -12.716586250868376 ], [ 130.808426778811821, -12.707856330719444 ], [ 130.805476185383412, -12.692893541096353 ], [ 130.807269118947403, -12.692423711507438 ], [ 130.820838694621102, -12.712016457097846 ], [ 130.841328084767383, -12.728442261013363 ], [ 130.865586366483768, -12.738245414139799 ], [ 130.883237838695919, -12.74251687750497 ], [ 130.910950579133925, -12.744765301678514 ], [ 130.938027720345758, -12.738369661724301 ], [ 130.938877797107267, -12.737856011630525 ], [ 130.95717157807681, -12.740809817793334 ], [ 130.986166864610084, -12.735798360904184 ], [ 131.012045494730842, -12.721613205556853 ], [ 131.032074041879014, -12.699752096116221 ], [ 131.044140115196313, -12.672522778912231 ], [ 131.046975008165106, -12.642798902538162 ], [ 131.040285820734738, -12.613716387717135 ], [ 131.037550693534882, -12.607004524455441 ], [ 131.039208907892913, -12.605687938688655 ], [ 131.05442299585556, -12.583798322245908 ], [ 131.062779202538877, -12.558375299108773 ], [ 131.063571407989542, -12.53157897786858 ], [ 131.062163038635475, -12.519299471337604 ], [ 131.053247578601855, -12.488854695968021 ], [ 131.034696052275024, -12.463306359212002 ], [ 131.019614218667158, -12.453083759827887 ], [ 131.043959557375473, -12.45512745170323 ], [ 131.069068076262766, -12.449875412312643 ], [ 131.091714328738078, -12.437649757806497 ], [ 131.110073537458362, -12.419435190143581 ], [ 131.122668172634917, -12.396698534996965 ], [ 131.127740902028904, -12.383426879383032 ], [ 131.133811580783544, -12.354037092580331 ], [ 131.132121810555304, -12.339777690712491 ], [ 131.132425771150224, -12.312298286068019 ], [ 131.12468660255405, -12.285826102105649 ], [ 131.117216345870048, -12.274464840801155 ], [ 131.132744381068875, -12.273545552378602 ], [ 131.147774213577037, -12.292784452145735 ], [ 131.170754155429222, -12.31361686621454 ], [ 131.199261127976342, -12.325365816490834 ], [ 131.229982572381402, -12.32666695059644 ], [ 131.264746497118921, -12.3220353855365 ], [ 131.289717043240586, -12.314868128531652 ], [ 131.301282808983274, -12.30742491526941 ], [ 131.305869900663254, -12.312283353891578 ], [ 131.335793105277446, -12.333235848077013 ], [ 131.411323546075778, -12.365686062586503 ], [ 131.444139601892203, -12.372866446812624 ], [ 131.66048229037213, -12.378058222779085 ], [ 131.674018347965983, -12.37733352411157 ], [ 131.762319185033391, -12.365749593983869 ], [ 131.786138704542822, -12.359145371238991 ], [ 131.864062902484818, -12.325263705412564 ], [ 131.872089992659681, -12.334430021148169 ], [ 131.892976717529393, -12.352044368807382 ], [ 131.918054182371378, -12.362538242465254 ], [ 132.043265070587182, -12.393528550312878 ], [ 132.068405797420496, -12.396030057855853 ], [ 132.093241946259013, -12.391333861348953 ], [ 132.115827038250814, -12.379807660935132 ], [ 132.196465255091368, -12.322960989039091 ], [ 132.214492116152229, -12.341216425796015 ], [ 132.238565896585641, -12.353994716799923 ], [ 132.265279311080434, -12.358895229593944 ], [ 132.282262422850863, -12.356739164557828 ], [ 132.281565160609546, -12.382006330459772 ], [ 132.28915119405724, -12.409036350856944 ], [ 132.310327990833173, -12.4558231037969 ], [ 132.326915817750518, -12.480706868395325 ], [ 132.350504906025691, -12.49881010846609 ], [ 132.37857348323061, -12.508197330211535 ], [ 132.408117853300382, -12.507864754211083 ], [ 132.435975419098355, -12.497847944727319 ], [ 132.459165199299434, -12.47921799560608 ], [ 132.475208352335727, -12.453966686493123 ], [ 132.482393604058359, -12.42479305536377 ], [ 132.480656201076982, -12.403401510754589 ], [ 132.509528746923934, -12.374188954721282 ], [ 132.526513429228373, -12.350345475136969 ], [ 132.535232659520432, -12.322248589752844 ], [ 132.534797827396346, -12.292778388588074 ], [ 132.525259472631632, -12.264954796969954 ], [ 132.507481810749084, -12.231510750143913 ], [ 132.507041475951809, -12.224176680666691 ], [ 132.524302659492832, -12.219504252922395 ], [ 132.557084497681672, -12.202751628593795 ], [ 132.560120235778754, -12.200301468050839 ], [ 132.581007659493366, -12.210728347937724 ], [ 132.678358795162239, -12.238237311697205 ], [ 132.712918375716214, -12.240929667344584 ], [ 132.723798149949175, -12.239620561787925 ], [ 132.727114454637274, -12.242681161237176 ], [ 132.749937597257258, -12.258039561847076 ], [ 132.776223149213337, -12.265709860920923 ], [ 132.803553501464307, -12.264987184057462 ], [ 132.829414357429755, -12.255937945311379 ], [ 132.851427401605889, -12.239393726188121 ], [ 132.867570099426189, -12.216874649732066 ], [ 132.876361927969839, -12.190449386390908 ], [ 132.876999746350606, -12.162544801351897 ], [ 132.869430079951485, -12.135722873777487 ], [ 132.854352205614731, -12.112445464624431 ], [ 132.821588847308277, -12.075513816652535 ], [ 132.802793793741557, -12.059395987526026 ], [ 132.78044963759595, -12.049056428240046 ], [ 132.756209838968033, -12.045260720225325 ], [ 132.747488735512547, -12.045122811348584 ], [ 132.725026954446719, -12.027059692344826 ], [ 132.710056810720943, -12.019574006565962 ], [ 132.722020787300295, -11.958430592348694 ], [ 132.726904353903564, -11.955390495754598 ], [ 132.748475928218397, -11.936622851615324 ], [ 132.763286241226695, -11.911916775244777 ], [ 132.769873583132522, -11.883716114542423 ], [ 132.767591710542717, -11.854809619510528 ], [ 132.756671794981713, -11.828054991747253 ], [ 132.738197421128206, -11.806096438720127 ], [ 132.722534475420218, -11.796394279292057 ], [ 132.716120876346196, -11.782639730162929 ], [ 132.725740447459231, -11.770595659898618 ], [ 132.728928069550648, -11.762501545549894 ], [ 132.730493453228064, -11.762383809845304 ], [ 132.758462886386582, -11.75554269012418 ], [ 132.782891803899588, -11.739978379477334 ], [ 132.801277686663695, -11.717284887293189 ], [ 132.811740125190937, -11.689785894533246 ], [ 132.813212813945512, -11.660296410968165 ], [ 132.80555093054906, -11.631834329424183 ], [ 132.78954360883148, -11.607311543517687 ], [ 132.777470674386478, -11.597704820009323 ], [ 132.786373705490632, -11.593175867963447 ], [ 132.806900647886607, -11.572131477973388 ], [ 132.838266603700106, -11.527369589132912 ], [ 132.85158329781504, -11.522453711939173 ], [ 132.862966806229991, -11.51311281433367 ], [ 132.867190409503536, -11.514574294503875 ], [ 132.895005016896846, -11.519379710225298 ], [ 132.922893399358628, -11.515050855310154 ], [ 132.941059827958554, -11.505655195004712 ], [ 132.94465361902536, -11.507112137941457 ], [ 132.967812738391359, -11.549643441260738 ], [ 132.982610007580178, -11.569421521095087 ], [ 132.98267688570391, -11.572424316453278 ], [ 132.992439343768353, -11.60032650473066 ], [ 133.07431681078333, -11.751770329060028 ], [ 133.088735439265918, -11.771573649132579 ], [ 133.107763020196415, -11.78673204596425 ], [ 133.130032616841646, -11.796156425800904 ], [ 133.226503750010863, -11.82209462418481 ], [ 133.246238151537938, -11.824517116043337 ], [ 133.247826336740161, -11.827323545566367 ], [ 133.271909054839796, -11.847895663152116 ], [ 133.301417806990145, -11.858735092350516 ], [ 133.354523578766731, -11.867998089395131 ], [ 133.381301421548272, -11.868513233749617 ], [ 133.382573200818911, -11.868137994871828 ], [ 133.385533039823287, -11.86942924480527 ], [ 133.397835254735384, -11.870890145119571 ], [ 133.410411479263132, -11.881817274349459 ], [ 133.428757836343266, -11.889022784673553 ], [ 133.428762334635366, -11.890971093276953 ], [ 133.436704228254484, -11.917181170287382 ], [ 133.451825230551691, -11.939831524635441 ], [ 133.472787859059622, -11.956914994926795 ], [ 133.497734426633855, -11.966917411849746 ], [ 133.52445194502954, -11.968952098112656 ], [ 133.550569349659554, -11.962838674777226 ], [ 133.573769151968037, -11.949119097108486 ], [ 133.591493754047946, -11.929561811728734 ], [ 133.611801916453516, -11.931306137530608 ], [ 133.638320382794149, -11.928995377711384 ], [ 133.672314158361871, -11.91886353403155 ], [ 133.705579258870699, -11.901058331790415 ], [ 133.726567801246404, -11.885505110942333 ], [ 133.734702517315071, -11.874667501714892 ], [ 133.739924056619884, -11.874347403958286 ], [ 133.741415978020598, -11.879592309359714 ], [ 133.757308346898412, -11.915267200758498 ], [ 133.775723581703858, -11.942353891524672 ], [ 133.802277792178472, -11.961052800558539 ], [ 133.804580144299308, -11.961635400250369 ], [ 133.80512852678595, -11.96250584888039 ], [ 133.822234826516762, -11.982559613292995 ], [ 133.844229161764503, -11.996765921112519 ], [ 133.869274899160416, -12.003938741428479 ], [ 133.878797039826168, -12.003771087091424 ], [ 133.885585802661979, -12.007695324716675 ], [ 133.915634544200628, -12.013085904240105 ], [ 133.945716111696868, -12.007890565135185 ], [ 134.001619859407299, -11.987793986051168 ], [ 134.017919564725418, -12.007067069245601 ], [ 134.042263452392234, -12.022018803998868 ], [ 134.06994862532855, -12.028464366264078 ], [ 134.072672902755585, -12.028204288524234 ], [ 134.074630690625639, -12.033156542359629 ], [ 134.087153929878923, -12.047589233701334 ], [ 134.080402963753158, -12.062677129123744 ], [ 134.072746717149329, -12.091137829062353 ], [ 134.074280626737021, -12.120611108426257 ], [ 134.084853256549508, -12.148072892098645 ], [ 134.104890022118212, -12.182548828575035 ], [ 134.122104565308348, -12.203981063023617 ], [ 134.144787946375772, -12.219206195841066 ], [ 134.170883583887786, -12.22684405106089 ], [ 134.198023566782894, -12.226202162550731 ], [ 134.223744636142925, -12.21733872765758 ], [ 134.245713071445806, -12.201057315557579 ], [ 134.26193748186995, -12.178833816940015 ], [ 134.270949728063215, -12.152682347328955 ], [ 134.276563262733447, -12.122432915821465 ], [ 134.290786504390383, -12.118576460524187 ], [ 134.297285340566134, -12.114163277721135 ], [ 134.317282562715661, -12.126347119265695 ], [ 134.38914414686019, -12.152665439203986 ], [ 134.411736819194203, -12.157709300876638 ], [ 134.487849897597272, -12.16442154993203 ], [ 134.51300633850974, -12.163019677664064 ], [ 134.532101075417813, -12.159169314000012 ], [ 134.548740271926363, -12.174849773323638 ], [ 134.572415055580393, -12.186591014625419 ], [ 134.598402364394872, -12.19084356157606 ], [ 134.624484217728622, -12.187244825693535 ], [ 134.648434516580835, -12.176101650104 ], [ 134.668210137181973, -12.158364072311116 ], [ 134.678428333260655, -12.146061392295907 ], [ 134.69335718041458, -12.120755433469101 ], [ 134.698390873377036, -12.097785703585483 ], [ 134.703227686062633, -12.094842991091564 ], [ 134.715481220532638, -12.085149188652057 ], [ 134.715647080892779, -12.085547370198967 ], [ 134.730095230984858, -12.109355015586972 ], [ 134.75087827613234, -12.127617340875288 ], [ 134.75444987181271, -12.129180959199509 ], [ 134.756251422616145, -12.14208454456149 ], [ 134.770393013532612, -12.169714115870416 ], [ 134.784108819860563, -12.188067874039357 ], [ 134.807088658314683, -12.209692616748303 ], [ 134.835920129164634, -12.222003337079315 ], [ 134.921058662607066, -12.241576489402018 ], [ 134.986723824264374, -12.321466579171332 ], [ 135.00590123870677, -12.338954362137571 ], [ 135.029141258787718, -12.350210904167128 ], [ 135.054553816065948, -12.354321219529092 ], [ 135.080071042691117, -12.350951173869673 ], [ 135.114472634097325, -12.341166694411825 ], [ 135.117060221639747, -12.343624643260885 ], [ 135.191738494928927, -12.390088213395197 ], [ 135.216556054507635, -12.400721531745818 ], [ 135.243348583898069, -12.403422673650361 ], [ 135.26973080016964, -12.397951406853881 ], [ 135.293354169794725, -12.384794323605684 ], [ 135.312117135684247, -12.365121441596072 ], [ 135.320552034223454, -12.348274851451979 ], [ 135.328557648290968, -12.340877508436053 ], [ 135.32877240017919, -12.340506241274769 ], [ 135.351515777903444, -12.338239000336698 ], [ 135.375283637955931, -12.332478126979769 ], [ 135.396662990432986, -12.320425333769043 ], [ 135.414086272468381, -12.302964014793062 ], [ 135.434451276189378, -12.276100329485208 ], [ 135.445579954506911, -12.275939028115555 ], [ 135.475880629216618, -12.263673306497102 ], [ 135.499925592199929, -12.241213744007769 ], [ 135.500104912412411, -12.24097192637598 ], [ 135.504977987826123, -12.239190515883656 ], [ 135.523670250293947, -12.241826619804513 ], [ 135.549439269844157, -12.241663051663426 ], [ 135.568867187978412, -12.235678860528143 ], [ 135.584464857970687, -12.262784315796736 ], [ 135.621219876924414, -12.305063241455345 ], [ 135.620731199622782, -12.307541045444703 ], [ 135.624111008908926, -12.336426196373671 ], [ 135.63616252902375, -12.362790293612074 ], [ 135.655686268267857, -12.384000108548225 ], [ 135.680733382393981, -12.397936670663052 ], [ 135.708800096434572, -12.403207377791487 ], [ 135.737078891614601, -12.399285502439035 ], [ 135.762740906029876, -12.386562979654396 ], [ 135.783220532423087, -12.36631112670813 ], [ 135.787338726976969, -12.360693483969399 ], [ 135.811133391410635, -12.352552326974571 ], [ 135.833027526138892, -12.336483758531726 ], [ 135.849282982911831, -12.314532915145998 ], [ 135.858449886986847, -12.288660632766929 ], [ 135.85948907111819, -12.283343847443142 ], [ 135.895926710062781, -12.328372961869276 ], [ 135.888753205975661, -12.346458853301499 ], [ 135.879741417170806, -12.381355805554394 ], [ 135.876776846139649, -12.40631211151184 ], [ 135.880549743571407, -12.431152523943906 ], [ 135.88327412547838, -12.440433441572496 ], [ 135.895089563912876, -12.465758714304132 ], [ 135.913851370352148, -12.486280670642955 ], [ 135.918663565687126, -12.489054608019496 ], [ 135.921282155619934, -12.494870902341026 ], [ 135.927529201629824, -12.501622087443883 ], [ 135.92949723658927, -12.5185712469252 ], [ 135.941414924592635, -12.544797037746687 ], [ 135.960746549105977, -12.565963582675188 ], [ 135.985585389567973, -12.579981302502427 ], [ 136.013477989590399, -12.585466085980892 ], [ 136.041667357911649, -12.581876306215568 ], [ 136.063566734688919, -12.571387257842906 ], [ 136.081031717113802, -12.564759046765921 ], [ 136.102301406365598, -12.548141419736664 ], [ 136.102389525118525, -12.548015338295906 ], [ 136.119891010885681, -12.544854620135204 ], [ 136.121426028950935, -12.544336240570633 ], [ 136.133442532986322, -12.550359462006462 ], [ 136.161010911449154, -12.554545911990569 ], [ 136.170256293764766, -12.554483035456428 ], [ 136.176896264736115, -12.559677250393131 ], [ 136.203267146276858, -12.569298621711608 ], [ 136.231269246820773, -12.570243817798529 ], [ 136.258209744764486, -12.562422037130863 ], [ 136.281498512773993, -12.546584660739574 ], [ 136.365395025371754, -12.467794614749913 ], [ 136.381021662057009, -12.448461922051431 ], [ 136.390947685708284, -12.425552252368833 ], [ 136.394440608776534, -12.400762708296309 ], [ 136.394473790673999, -12.395207245830715 ], [ 136.407571155938285, -12.376334367397462 ], [ 136.419144859059855, -12.35338502437485 ], [ 136.42068526470436, -12.345372268805034 ], [ 136.425279540343411, -12.340691324730837 ], [ 136.437131912942391, -12.316582345969747 ], [ 136.438210807924975, -12.315887605875151 ], [ 136.456763104931241, -12.292419912895779 ], [ 136.46688465225057, -12.264092807983463 ], [ 136.467495130060627, -12.233944464985759 ], [ 136.458535461914124, -12.205207378485401 ], [ 136.440971486607424, -12.180961762610993 ], [ 136.431239575438667, -12.174087429893042 ], [ 136.420013525186363, -12.153945773689429 ], [ 136.394614900005649, -12.132659400875459 ], [ 136.393461429797611, -12.132009574742558 ], [ 136.409981836905985, -12.117444063525937 ], [ 136.416964786125561, -12.105910678492407 ], [ 136.4248571123901, -12.099858721729719 ], [ 136.429602021320107, -12.105957900681702 ], [ 136.454501143311461, -12.122246784500602 ], [ 136.483219909719907, -12.129416489440128 ], [ 136.4884314591975, -12.128935288667449 ], [ 136.491240900754661, -12.133833757965757 ], [ 136.49080637098993, -12.136110453575791 ], [ 136.489757051588526, -12.164527052751541 ], [ 136.497239943404111, -12.19191375788453 ], [ 136.520523925964625, -12.244131090671484 ], [ 136.5341347096535, -12.265897031192369 ], [ 136.553135618614419, -12.282946564848096 ], [ 136.561424722030665, -12.28849371677455 ], [ 136.564734612245985, -12.303547777517092 ], [ 136.57827466292261, -12.327531144489008 ], [ 136.598196468763717, -12.346322356264158 ], [ 136.622699506676469, -12.358222210404721 ], [ 136.681275504874066, -12.376258115352199 ], [ 136.709884611355221, -12.380144855558369 ], [ 136.73823429171685, -12.374626944083813 ], [ 136.76335941508259, -12.360304945322474 ], [ 136.77823642611213, -12.356450241239983 ], [ 136.786884784237742, -12.350633569288995 ], [ 136.783924517365051, -12.360691271379856 ], [ 136.75791965522663, -12.367365247548623 ], [ 136.689905571476629, -12.397305768597986 ], [ 136.665660079847356, -12.413041706635237 ], [ 136.647488384010501, -12.435737981942024 ], [ 136.637232168757464, -12.463097261020279 ], [ 136.635934617909555, -12.492349468265939 ], [ 136.640105618170537, -12.507424920268877 ], [ 136.637007721430592, -12.519559886672283 ], [ 136.63867895430036, -12.54822355033262 ], [ 136.639276612368576, -12.54977858371525 ], [ 136.62370561591527, -12.568584353292742 ], [ 136.607952634787694, -12.596201036223023 ], [ 136.601735533023884, -12.613448899578991 ], [ 136.596390272905552, -12.614928140718499 ], [ 136.573616208769806, -12.629595610187076 ], [ 136.552074929740883, -12.648570409739019 ], [ 136.525557417569843, -12.651689519541517 ], [ 136.498703005787178, -12.664712122848501 ], [ 136.481576593449262, -12.676879414077311 ], [ 136.458535886451301, -12.680277797953616 ], [ 136.435176451554156, -12.691121476086726 ], [ 136.416582963300499, -12.703247870681837 ], [ 136.39583810907439, -12.721882279399637 ], [ 136.38160719287859, -12.746008369369413 ], [ 136.375224587905905, -12.773369340996048 ], [ 136.377292366005179, -12.801405063925692 ], [ 136.387622226636665, -12.827491458468272 ], [ 136.392954521780666, -12.834054740601042 ], [ 136.393770378956191, -12.861693550822864 ], [ 136.405377034934617, -12.891284175500124 ], [ 136.412197694618158, -12.899056122131659 ], [ 136.397278879437465, -12.907479113687391 ], [ 136.377250295322256, -12.930164420485026 ], [ 136.369430965620921, -12.949056591190695 ], [ 136.348695996914188, -12.941863318220628 ], [ 136.320756420390978, -12.94127129790461 ], [ 136.293962575695957, -12.949314482304228 ], [ 136.270853546415907, -12.965230063673113 ], [ 136.253621151325689, -12.987508420344483 ], [ 136.227658660705572, -13.034498257311089 ], [ 136.210540500214535, -13.040480762040101 ], [ 136.200523841980186, -13.048412294785551 ], [ 136.199943384690869, -13.048497885648207 ], [ 136.192757908956679, -13.042292815460307 ], [ 136.166668955046248, -13.031313941072616 ], [ 136.138508341035873, -13.028976041860847 ], [ 136.110999751941819, -13.035505461464673 ], [ 136.086804188807861, -13.050270039347579 ], [ 136.039011812318591, -13.090878739673418 ], [ 136.019902606627198, -13.113345723611554 ], [ 136.015904825409791, -13.123287665931354 ], [ 135.992727373339932, -13.120773557192948 ], [ 135.963190373665952, -13.127708040607631 ], [ 135.937552652721365, -13.144074462035915 ], [ 135.915424937763845, -13.164119004422622 ], [ 135.911384759662724, -13.169201784247354 ], [ 135.901289486686636, -13.173443785368523 ], [ 135.872020945412345, -13.191138218530568 ], [ 135.854871735454594, -13.204544976164424 ], [ 135.841353775437085, -13.221669976678868 ], [ 135.812035978316629, -13.269560718631096 ], [ 135.800525405384491, -13.298326384961657 ], [ 135.790976227800229, -13.342672912664357 ], [ 135.789121528837654, -13.368467936660871 ], [ 135.792656654888134, -13.385125889510169 ], [ 135.787290233807283, -13.389746331158328 ], [ 135.772054717546183, -13.415788928314983 ], [ 135.766051157708546, -13.445402811491872 ], [ 135.763449459811255, -13.518511843019022 ], [ 135.763582655138464, -13.519327108077977 ], [ 135.754389869888172, -13.535408680012864 ], [ 135.746006321790389, -13.558745701115912 ], [ 135.740762759871814, -13.584127510874175 ], [ 135.74280054293547, -13.609967453366954 ], [ 135.751960761687343, -13.634196989650469 ], [ 135.767513371297696, -13.654875911626572 ], [ 135.78550478103233, -13.672812038800098 ], [ 135.791434642765211, -13.6914611099256 ], [ 135.790011079321431, -13.701098783805978 ], [ 135.790443119732601, -13.730618990502613 ], [ 135.800214311881064, -13.758463908806462 ], [ 135.818313999062752, -13.781738559126428 ], [ 135.851316524508519, -13.812337131853374 ], [ 135.870993150016886, -13.826237517975651 ], [ 135.893612743596321, -13.834496868307086 ], [ 135.904324839402619, -13.83541012195291 ], [ 135.900611039952167, -13.852404756047102 ], [ 135.900166735607996, -13.859940832027005 ], [ 135.839686408142711, -13.932126920477117 ], [ 135.826635257599179, -13.952752017696813 ], [ 135.819493878795328, -13.976095284484204 ], [ 135.818773666699258, -14.000495422553566 ], [ 135.82154564305398, -14.026983898328504 ], [ 135.794974167998561, -14.128990083930089 ], [ 135.777224211374062, -14.142871954800231 ], [ 135.773997347644183, -14.143287423674305 ], [ 135.741743964477138, -14.153760641928468 ], [ 135.71551279666059, -14.175233742336875 ], [ 135.699302858923886, -14.194525740700239 ], [ 135.699087248709446, -14.194569776608677 ], [ 135.673426071713351, -14.203962492525244 ], [ 135.651678924667976, -14.220489829594891 ], [ 135.635781046264412, -14.242681362965827 ], [ 135.627149761312268, -14.268562251921821 ], [ 135.626672033545077, -14.290564546800789 ], [ 135.599635288884883, -14.334378606241161 ], [ 135.592739604012394, -14.335336305181615 ], [ 135.56722468269794, -14.347566993903889 ], [ 135.546664456171385, -14.366966660109897 ], [ 135.533018934885376, -14.391687178041909 ], [ 135.515193981960977, -14.440637547692965 ], [ 135.514050279502101, -14.441246191119721 ], [ 135.495573542220882, -14.459189740815802 ], [ 135.48284401248344, -14.481541686970651 ], [ 135.481402813066325, -14.487573297451048 ], [ 135.480453204252626, -14.488284957755381 ], [ 135.460321075229672, -14.509081184576804 ], [ 135.447715489396273, -14.535085826095354 ], [ 135.43055637662161, -14.592122007659672 ], [ 135.416900034099058, -14.598121446333824 ], [ 135.396027831072871, -14.616281593706034 ], [ 135.39101557441299, -14.622191816256599 ], [ 135.381836871044499, -14.620728800523352 ], [ 135.360015827594879, -14.624197612738966 ], [ 135.334046731303545, -14.618202382951152 ], [ 135.304328094575936, -14.621099585657088 ], [ 135.277109265280075, -14.633302993446703 ], [ 135.25526005016809, -14.653525383504661 ], [ 135.241087094847842, -14.679633244584116 ], [ 135.236090511892002, -14.708871316760179 ], [ 135.240804021832588, -14.738152898686753 ], [ 135.254736082033787, -14.764385526036447 ], [ 135.276419251408669, -14.784797739000043 ], [ 135.303337942610341, -14.80290029461511 ], [ 135.318919372736843, -14.882321467807536 ], [ 135.329340224793157, -14.910123533907388 ], [ 135.388406658909929, -15.012444554487891 ], [ 135.415176260411499, -15.041605795167422 ], [ 135.52646908230065, -15.119372266185273 ], [ 135.547180771441475, -15.130219983076884 ], [ 135.569994225360546, -15.135557611965185 ], [ 135.592621124839326, -15.137913570279062 ], [ 135.599152180332652, -15.153616191215942 ], [ 135.618690724850524, -15.175477257343459 ], [ 135.621238000662942, -15.182528084983105 ], [ 135.639339173777699, -15.205418600158627 ], [ 135.663824859082297, -15.221520675923484 ], [ 135.69220562673658, -15.229197156384515 ], [ 135.721593476298722, -15.227667420631647 ], [ 135.743592133954763, -15.219174547763455 ], [ 135.812534108046009, -15.259859977180499 ], [ 135.857422057584898, -15.310146367855264 ], [ 135.874864382458838, -15.325305405028303 ], [ 135.929862151523196, -15.362078311959095 ], [ 135.934965135855094, -15.36525326881109 ], [ 136.122492068780048, -15.473403041887753 ], [ 136.146644969715311, -15.483105059117861 ], [ 136.16534161834835, -15.485035293864708 ], [ 136.20283150274156, -15.599877916446518 ], [ 136.213692550669975, -15.622144458089673 ], [ 136.230252602956966, -15.640719593565136 ], [ 136.279769271740406, -15.682953403806865 ], [ 136.298664369676715, -15.695420630375127 ], [ 136.320089128001058, -15.702986633491808 ], [ 136.378420030773469, -15.715904113210796 ], [ 136.449304730445618, -15.780310517306038 ], [ 136.468377247237697, -15.792732431994306 ], [ 136.482777105464066, -15.809468426400638 ], [ 136.505086324498251, -15.8238331057963 ], [ 136.563603158170963, -15.850587803748997 ], [ 136.571587286779049, -15.867922931289238 ], [ 136.589538222712434, -15.888019861940682 ], [ 136.5988783272837, -15.893718183937303 ], [ 136.599987882440303, -15.921182215959043 ], [ 136.609636380693985, -15.947327700592727 ], [ 136.62544346306359, -15.975623700206176 ], [ 136.644964514657545, -15.999710858926774 ], [ 136.671584874369728, -16.016048338450695 ], [ 136.702255716518209, -16.022764997098598 ], [ 136.724671948131885, -16.023865483799241 ], [ 136.750803243516316, -16.021515825655289 ], [ 136.775217788992308, -16.012111410113405 ], [ 136.792816866240912, -15.998787413556101 ], [ 136.794836992207024, -15.998696182900815 ], [ 136.817116324549062, -15.994116224965872 ], [ 136.908621197010831, -16.025177916317109 ], [ 136.941615111014045, -16.030152624838269 ], [ 136.974276003395715, -16.023397064131213 ], [ 137.00238077008558, -16.005784134781099 ], [ 137.008623578592704, -16.000088694078556 ], [ 137.023125830809505, -16.012641753642271 ], [ 137.049777222819017, -16.028793120450299 ], [ 137.190361209591714, -16.084418869892652 ], [ 137.231616549057122, -16.141771601335787 ], [ 137.262570153082379, -16.168946612750425 ], [ 137.364825273509979, -16.224268282970492 ], [ 137.387835015347463, -16.233041960779346 ], [ 137.412401668279898, -16.235596559415558 ], [ 137.425118507961429, -16.233592509657001 ], [ 137.455801817034427, -16.242957327891496 ], [ 137.455877608340245, -16.243162027336908 ], [ 137.475170742213862, -16.266507408565658 ], [ 137.501214661991952, -16.282445852867607 ], [ 137.531166304693102, -16.289237413627752 ], [ 137.561753252208689, -16.286140556844451 ], [ 137.580904973811357, -16.277453771312388 ], [ 137.633686872487715, -16.302719963751745 ], [ 137.654814648030765, -16.309702515040922 ], [ 137.655615769654048, -16.311977291682329 ], [ 137.669819142001046, -16.337764957639092 ], [ 137.691710515448563, -16.357803702688486 ], [ 137.705508401466687, -16.363972591975394 ], [ 137.791350250398665, -16.482791753040193 ], [ 137.805736656722416, -16.498451006786585 ], [ 138.094201090628673, -16.746346419826363 ], [ 138.117741394380886, -16.761068304747123 ], [ 138.285520883564658, -16.834009230785721 ], [ 138.314331511795814, -16.841457167791663 ], [ 138.344097241293497, -16.83973347653891 ], [ 138.349355517382548, -16.837698371288052 ], [ 138.378952988270385, -16.855187761509008 ], [ 138.399933672291439, -16.864364639842258 ], [ 138.422594102445572, -16.86829623757146 ], [ 138.531073149875994, -16.873908852602597 ], [ 138.55182321866738, -16.872732569770946 ], [ 138.614830071045304, -16.862249384446503 ], [ 138.843477069003001, -16.966898688602573 ], [ 138.876487560571661, -16.975302218144481 ], [ 138.91041719443831, -16.971689773891704 ], [ 138.919295449412289, -16.969097530928867 ], [ 138.952099919592058, -16.974892750415009 ], [ 138.953003069281777, -16.979110517631661 ], [ 138.96854050538937, -17.004614136631044 ], [ 139.011181959748995, -17.05387905185815 ], [ 139.04360890378112, -17.07789893349522 ], [ 139.047321736415483, -17.079561951765356 ], [ 139.047896986637937, -17.09296656802621 ], [ 139.063521899612113, -17.182413655687064 ], [ 139.069471896777827, -17.202267388154279 ], [ 139.120274058078451, -17.319409033860154 ], [ 139.135627654732417, -17.34339572976312 ], [ 139.169961802615205, -17.38193780646586 ], [ 139.196157816364718, -17.402378409695491 ], [ 139.296013039548058, -17.454900651023394 ], [ 139.319138580717834, -17.46346578183967 ], [ 139.343787489511698, -17.46591330617807 ], [ 139.393631356032358, -17.464490153607958 ], [ 139.426437456616014, -17.479067735361077 ], [ 139.588064106923269, -17.608113055354838 ], [ 139.609962372204308, -17.621156780707501 ], [ 139.634724381465304, -17.628002122973729 ], [ 139.680737222738969, -17.634348709973345 ], [ 139.695451128054515, -17.646485604217776 ], [ 139.717145373638914, -17.659898226904701 ], [ 139.741819068607271, -17.66714718696123 ], [ 139.766377919968789, -17.667661651630169 ], [ 139.782319581408814, -17.681629977352841 ], [ 139.80989993833046, -17.693383341502336 ], [ 139.839938638951736, -17.696152661513235 ], [ 139.847752866336549, -17.694426327637416 ], [ 139.856887336062982, -17.697941865552373 ], [ 139.861541018139832, -17.710847659233362 ], [ 139.880164722067349, -17.733973228004963 ], [ 139.926718045377129, -17.775598211551738 ], [ 139.950472674996888, -17.791083835017126 ], [ 139.977991291358848, -17.79898344688884 ], [ 140.07911374515416, -17.812389994400796 ], [ 140.106435244453309, -17.812166711633623 ], [ 140.395860921389072, -17.768745579433368 ], [ 140.428488493332225, -17.757632015890739 ], [ 140.459376183004792, -17.740420118408572 ], [ 140.48118840457991, -17.737914820071971 ], [ 140.512919155342644, -17.729380785082824 ], [ 140.525356441527265, -17.72511032579057 ], [ 140.633945545239726, -17.679279758716138 ], [ 140.65445838534734, -17.667412885218599 ], [ 140.714606481592796, -17.621636978638335 ], [ 140.736711846045438, -17.625061117620927 ], [ 140.765243530798614, -17.620973963805877 ], [ 140.791142863443923, -17.608771843577262 ], [ 140.811974141246338, -17.589602096523361 ], [ 140.825780863132906, -17.565266766617619 ], [ 140.825833855420655, -17.565004088234264 ], [ 140.829672122568581, -17.56595503799695 ], [ 140.858766209839786, -17.564305243870184 ], [ 140.885935779054051, -17.554169227878884 ], [ 140.908569618164108, -17.536520782437808 ], [ 140.924494850042151, -17.513055066949939 ], [ 140.932185868955457, -17.486025270565662 ], [ 140.931681055928351, -17.474950257935525 ], [ 140.961493610391756, -17.437820995930878 ], [ 140.973303889186212, -17.418592616099605 ], [ 140.979859173439024, -17.397162793763055 ], [ 141.003488136434328, -17.258344101647388 ], [ 141.035643250013152, -17.187743410706432 ], [ 141.043529053970019, -17.148851968717445 ], [ 141.040775731204178, -17.051353102567731 ], [ 141.045123058393841, -17.03697629295074 ], [ 141.133020104082817, -16.936503494360259 ], [ 141.151683394116105, -16.902420398222311 ], [ 141.159595493860309, -16.875040783288334 ], [ 141.171881888419364, -16.865156240326229 ], [ 141.27585970263172, -16.752871329655619 ], [ 141.28853758934045, -16.735382716764526 ], [ 141.296638639563668, -16.715498787519664 ], [ 141.317237363176304, -16.639768872570567 ], [ 141.319626352271399, -16.638772460669461 ], [ 141.341293475340564, -16.620537823097312 ], [ 141.356237947832852, -16.596774391711477 ], [ 141.393088569645897, -16.510639213574169 ], [ 141.400101381584506, -16.480647559588913 ], [ 141.396411361432286, -16.450097381762092 ], [ 141.386430192394272, -16.417210310811004 ], [ 141.400161221933018, -16.392277157159633 ], [ 141.408557598953877, -16.370932592507792 ], [ 141.438542304190861, -16.251232154572357 ], [ 141.514158174152129, -16.117819177576749 ], [ 141.523509986678619, -16.093753284871358 ], [ 141.525574828151633, -16.068088756487988 ], [ 141.520191296344564, -16.042886536751311 ], [ 141.483684998266654, -15.944402298322625 ], [ 141.489001794607447, -15.932211493458119 ], [ 141.502146721345582, -15.880305981832882 ], [ 141.504504376148731, -15.866531472917782 ], [ 141.516833468914598, -15.731324927435226 ], [ 141.560368830060867, -15.549610014452231 ], [ 141.651565527101809, -15.336764506777111 ], [ 141.655725799458622, -15.321842169934277 ], [ 141.661579539036296, -15.321127809904638 ], [ 141.684103973999527, -15.314885266498315 ], [ 141.711198982181003, -15.302414780427192 ], [ 141.732827698291771, -15.282062786394945 ], [ 141.746724427687496, -15.255962821059427 ], [ 141.751437299733453, -15.226850131441607 ], [ 141.746478832201973, -15.197774559851904 ], [ 141.732374480759233, -15.171780871868684 ], [ 141.724532315761536, -15.164508700479322 ], [ 141.725129016678068, -15.160156122683576 ], [ 141.725127467304077, -15.151852757367157 ], [ 141.734147060283988, -15.142489111736102 ], [ 141.746524353190324, -15.117301297288316 ], [ 141.750572644036623, -15.089588342207024 ], [ 141.747110866002174, -15.069059399353046 ], [ 141.754638381502843, -15.044458058333815 ], [ 141.758330748014629, -15.011304082642269 ], [ 141.749717674093489, -14.979052349520313 ], [ 141.678940867973409, -14.83093550185183 ], [ 141.644414158859945, -14.579764231466109 ], [ 141.642113921428177, -14.568419676648196 ], [ 141.620550951796787, -14.488519375333338 ], [ 141.686824402515896, -14.278400784523145 ], [ 141.690862625766272, -14.245517011176812 ], [ 141.690083141713473, -14.232652593299994 ], [ 141.690181918709214, -14.232543856108222 ], [ 141.702100641292077, -14.204633931813047 ], [ 141.704207205968771, -14.174365296413391 ], [ 141.696276359125193, -14.145072148870865 ], [ 141.687789952290046, -14.132613054880371 ], [ 141.689542553040127, -14.109456880861938 ], [ 141.687861679135807, -14.083824900417696 ], [ 141.679116636628379, -14.059668590304423 ], [ 141.665484956988507, -14.033993282314624 ], [ 141.655576427421749, -14.019065240216717 ], [ 141.564879075855742, -13.907667923458465 ], [ 141.559552359436054, -13.865858773118484 ], [ 141.597609948670595, -13.648911718918828 ], [ 141.631218979182364, -13.554215268310216 ], [ 141.660508946067722, -13.522616069541717 ], [ 141.676017988346928, -13.498552498784944 ], [ 141.691845727028323, -13.506525165280788 ], [ 141.72026503716495, -13.510767539797726 ], [ 141.748583181942223, -13.505888707367374 ], [ 141.773978108452383, -13.49237443412455 ], [ 141.793920730831559, -13.471570134997334 ], [ 141.805915574406981, -13.454256444180057 ], [ 141.81888490687453, -13.426614439814845 ], [ 141.819108596783309, -13.424501656280681 ], [ 141.82404624214422, -13.414602542093203 ], [ 141.828441823520706, -13.386940406576715 ], [ 141.824340459516264, -13.359229740046253 ], [ 141.822540434386099, -13.355519688130824 ], [ 141.823744288938343, -13.353232305868161 ], [ 141.828966843962633, -13.328008866889137 ], [ 141.830331954434087, -13.306788357019101 ], [ 141.827627421512091, -13.277892162163765 ], [ 141.816109824391958, -13.251291564778946 ], [ 141.796936463919963, -13.229649084901952 ], [ 141.777480158302041, -13.218309143245317 ], [ 141.765344834385786, -13.18595769743502 ], [ 141.7488784221147, -13.158169683744184 ], [ 141.717259334029563, -13.121487484505385 ], [ 141.708356039799412, -13.031815332908618 ], [ 141.701498490433494, -13.00487595529966 ], [ 141.696534017950484, -12.996794338137649 ], [ 141.705585721724617, -12.991899533570962 ], [ 141.796989828626636, -12.923929899042513 ], [ 141.815923395650287, -12.904898802960192 ], [ 141.821611327823206, -12.894197013287318 ], [ 141.826767301817256, -12.901182192245827 ], [ 141.831800492896036, -12.919226108270955 ], [ 141.849213264942932, -12.944377282309109 ], [ 141.863383106877393, -12.958890939357296 ], [ 141.883312911164893, -12.974303822031001 ], [ 141.90665368680763, -12.983599057821678 ], [ 141.931618571482147, -12.986065506300063 ], [ 141.956295585735006, -12.981514456734187 ], [ 141.979059252708595, -12.973901863723029 ], [ 142.004261721787572, -12.960741722444208 ], [ 142.024212919567844, -12.940342563334664 ], [ 142.036963378362316, -12.914699125848475 ], [ 142.041270550020101, -12.886318304429526 ], [ 142.036718936098794, -12.85797374836765 ], [ 142.02080668974844, -12.808992743932405 ], [ 142.031661604555865, -12.803292592327409 ], [ 142.051066703766082, -12.783802331049946 ], [ 142.063859290857891, -12.759328352380404 ], [ 142.06887985857739, -12.732095444371391 ], [ 142.065676948821931, -12.704578473816944 ], [ 142.054546495685059, -12.67927735699049 ], [ 142.036503192281629, -12.658490024801388 ], [ 142.026498814535842, -12.649980918268037 ], [ 142.0300318773416, -12.647170613572611 ], [ 142.046291387795407, -12.621624320554398 ], [ 142.053453798781618, -12.592080842890399 ], [ 142.050740876563566, -12.561775167347706 ], [ 142.038456115786431, -12.534024649500298 ], [ 142.017948747111433, -12.511865986078233 ], [ 141.985996364604716, -12.487172827504361 ], [ 141.963687489131956, -12.474531491653373 ], [ 141.938798863844539, -12.468741275918195 ], [ 141.913313011711296, -12.470263826677902 ], [ 141.889259733858069, -12.478977755750776 ], [ 141.869153774245518, -12.493748809343257 ], [ 141.854565127354988, -12.495567693518579 ], [ 141.844288503564371, -12.498632296556552 ], [ 141.844105971340468, -12.498515764503805 ], [ 141.839162309877565, -12.496430525026957 ], [ 141.834633816599847, -12.486975668495919 ], [ 141.834130350695204, -12.486445680471476 ], [ 141.834547918362574, -12.483638242450626 ], [ 141.829014832820945, -12.453481941681806 ], [ 141.823506217453826, -12.438213761348516 ], [ 141.811325257362171, -12.415204583491295 ], [ 141.793289557774102, -12.396609094877446 ], [ 141.770854514908592, -12.383926763090891 ], [ 141.763956716796002, -12.382343409286555 ], [ 141.792481080976245, -12.290278811677542 ], [ 141.816710564808119, -12.259689835778531 ], [ 141.856614963837785, -12.178180357724724 ], [ 141.872447475532937, -12.200650092500481 ], [ 141.893748213868747, -12.222166078049479 ], [ 141.920781266171787, -12.235363226126447 ], [ 141.950559455527952, -12.238784008461053 ], [ 141.979790377208019, -12.232050590909452 ], [ 142.005242494244555, -12.215906683357778 ], [ 142.008262850231546, -12.213185993382961 ], [ 142.026777319398121, -12.190034715059772 ], [ 142.036209999814389, -12.164339882761181 ], [ 142.057971094498299, -12.157778617323466 ], [ 142.081970143533056, -12.140477184474973 ], [ 142.099247201659438, -12.116205385497514 ], [ 142.117390181620863, -12.079249822533198 ], [ 142.126364164384341, -12.048511817440463 ], [ 142.130777826495574, -12.009490314875121 ], [ 142.129687595647454, -11.981128368924812 ], [ 142.120224222001923, -11.95444701353788 ], [ 142.103288923308185, -11.931974856987642 ], [ 142.080488536758878, -11.915841054814276 ], [ 142.053982694677671, -11.907573920965294 ], [ 142.040438895407078, -11.907761722172687 ], [ 142.052593820962898, -11.837611890439124 ], [ 142.072599284438382, -11.821502659789886 ], [ 142.08833231153676, -11.79732506917059 ], [ 142.095947448722285, -11.769320919743899 ], [ 142.100557022750394, -11.727947825255599 ], [ 142.109016945177046, -11.721021567013283 ], [ 142.125139139897783, -11.694375815584651 ], [ 142.146680238335449, -11.639769170291357 ], [ 142.152989550728194, -11.61218509174336 ], [ 142.152765936419456, -11.60921115878917 ], [ 142.170502450944298, -11.595527429699951 ], [ 142.186280525201113, -11.573073102213282 ], [ 142.194869275694799, -11.546810925316203 ], [ 142.195499365485745, -11.519105963106453 ], [ 142.188728365390432, -11.494653858981247 ], [ 142.196436156481468, -11.472606791059885 ], [ 142.197647688377373, -11.444982305902508 ], [ 142.195312170591677, -11.435760269285401 ], [ 142.207858189801868, -11.39667600150594 ], [ 142.21228721310564, -11.363163252086242 ], [ 142.207577810312046, -11.263177999424625 ], [ 142.21412822644379, -11.255556294395779 ], [ 142.225592047642039, -11.222784089027781 ], [ 142.228324182807057, -11.204965993337336 ], [ 142.2381584567689, -11.188887550202109 ], [ 142.246258995155273, -11.169915171516617 ], [ 142.253306938435315, -11.142967285797214 ], [ 142.252258279582236, -11.115069361923226 ], [ 142.243365077032621, -11.089203038931048 ], [ 142.24652254125769, -11.078501359277514 ], [ 142.250345813178285, -11.047748425099932 ], [ 142.245914243899563, -11.026078681349981 ], [ 142.266742487853918, -11.01506181545939 ], [ 142.277721781816922, -11.003751371325491 ], [ 142.338803537481652, -10.992612416389889 ], [ 142.365615367572047, -10.982971031556813 ], [ 142.375611889587674, -10.975044810936682 ], [ 142.37542781935673, -10.977192842171739 ], [ 142.380933266008981, -11.004055078496391 ], [ 142.393807648960887, -11.028058602414413 ], [ 142.412920488977306, -11.047090166236455 ], [ 142.436589645519092, -11.059473898358288 ], [ 142.45491048733254, -11.06573572028374 ], [ 142.47876805181545, -11.070297282288513 ], [ 142.502931950419452, -11.068047818308521 ], [ 142.525619424510694, -11.05915310391557 ], [ 142.54172639312506, -11.05008066296347 ], [ 142.567860037379035, -11.02653157642046 ], [ 142.57047727244057, -11.036164040366742 ], [ 142.58632904511893, -11.060516490406666 ], [ 142.608758512432019, -11.078496743053565 ], [ 142.635506002542144, -11.088293252044799 ], [ 142.663874076622307, -11.088918865826997 ], [ 142.684979096419283, -11.082222106688551 ], [ 142.700385923619621, -11.108095678402622 ], [ 142.707613228264279, -11.152569067573266 ], [ 142.695834570227788, -11.200746049644014 ], [ 142.694464034291769, -11.23946455624958 ], [ 142.703549581887586, -11.292677453422035 ], [ 142.713863356049529, -11.322256793345186 ], [ 142.733191268572625, -11.346553861424583 ], [ 142.763185661942089, -11.373279639823927 ], [ 142.761309212584536, -11.375884668977845 ], [ 142.750749746247493, -11.394894940555764 ], [ 142.744824276949743, -11.415931858911089 ], [ 142.737333752944835, -11.462619441264211 ], [ 142.736894337199828, -11.489710096914001 ], [ 142.744106140522035, -11.515763861174003 ], [ 142.747149909431243, -11.52063075023537 ], [ 142.744668227516314, -11.552762671665601 ], [ 142.74916195052981, -11.589802486191113 ], [ 142.769206496973197, -11.650415793116711 ], [ 142.76645057197166, -11.843590395355678 ], [ 142.770597517790918, -11.872655990373628 ], [ 142.783450310502275, -11.898906750454833 ], [ 142.803708854062251, -11.919679061781297 ], [ 142.922241317502852, -12.007302593909895 ], [ 142.950240115332491, -12.021182698337993 ], [ 142.981185090942091, -12.024475727317148 ], [ 143.067711721191728, -12.018226091093219 ], [ 143.041989757858374, -12.065673948308765 ], [ 143.041576528583278, -12.065801998262412 ], [ 143.01735135413108, -12.083785809384949 ], [ 143.000216438865635, -12.108890012376088 ], [ 142.992065368648696, -12.138345205459821 ], [ 142.993803490796751, -12.168901071659331 ], [ 143.005983278447275, -12.223254233510142 ], [ 142.991258670024308, -12.330650912707458 ], [ 142.992269330885165, -12.362110157628226 ], [ 143.003619195292856, -12.391379220928666 ], [ 143.023986642570634, -12.415035034111533 ], [ 143.050991460201715, -12.430310214925946 ], [ 143.081472679598932, -12.435417413207997 ], [ 143.149070814006734, -12.43478701353855 ], [ 143.175897413877379, -12.455506678580038 ], [ 143.182834931200915, -12.459483080203913 ], [ 143.18221821693362, -12.509405482273195 ], [ 143.186704652499543, -12.539202156641872 ], [ 143.200421180411496, -12.565919483841839 ], [ 143.231311208277191, -12.607578226460022 ], [ 143.254134308102351, -12.6292381024916 ], [ 143.282848839777671, -12.64171518554368 ], [ 143.314169869908056, -12.649180072966349 ], [ 143.312060341461802, -12.6642116771097 ], [ 143.312169829179169, -12.670300573505918 ], [ 143.305660075478556, -12.681028805188253 ], [ 143.27358372115205, -12.764848085345728 ], [ 143.26747796633552, -12.79517007239394 ], [ 143.264359742721439, -12.892808958837163 ], [ 143.268336932037101, -12.922843373677548 ], [ 143.281749675716668, -12.949928552674391 ], [ 143.303142135055566, -12.971115316290332 ], [ 143.33018590574062, -12.984096102503871 ], [ 143.359933487919449, -12.987456829568906 ], [ 143.400101866592593, -12.985226030161519 ], [ 143.416608939421792, -12.981948008256238 ], [ 143.4229680037474, -13.013811458076471 ], [ 143.412746315621206, -13.118840086059279 ], [ 143.418510878189807, -13.161157332230733 ], [ 143.430308183139346, -13.191718575865565 ], [ 143.425157806083376, -13.248460942857989 ], [ 143.425894289628332, -13.271159308270889 ], [ 143.436906571905155, -13.341363362043777 ], [ 143.445463183748956, -13.368178272444366 ], [ 143.458400935021842, -13.394132590245638 ], [ 143.474693450041627, -13.417111820541693 ], [ 143.497162032671213, -13.434002753442781 ], [ 143.501155086116569, -13.436129581927675 ], [ 143.492057400817572, -13.472300715176733 ], [ 143.490237553373419, -13.508123547504317 ], [ 143.492653791593483, -13.524666967955923 ], [ 143.48014844649515, -13.545583294362583 ], [ 143.468313243184326, -13.577978636311315 ], [ 143.44188284030318, -13.739668733254181 ], [ 143.440973069324201, -13.761897769085653 ], [ 143.445434840924264, -13.783688993448548 ], [ 143.461795631255285, -13.832464944041156 ], [ 143.476617525708122, -13.859921922224503 ], [ 143.50948747560372, -13.901703238711901 ], [ 143.544240237541288, -14.007914988912688 ], [ 143.557651752143414, -14.033867142194756 ], [ 143.578566242451018, -14.054262768785421 ], [ 143.597748651281222, -14.067733547921351 ], [ 143.610894030710739, -14.133895059877938 ], [ 143.608141460882081, -14.192142620502315 ], [ 143.613130889854631, -14.226503358862322 ], [ 143.670862300121911, -14.39170490932959 ], [ 143.680418729392841, -14.411185145137747 ], [ 143.718178214676215, -14.469367763003794 ], [ 143.735538237621768, -14.489140654383062 ], [ 143.785885573167832, -14.532033724286812 ], [ 143.803829780147595, -14.543984133557091 ], [ 143.84241804296181, -14.563571149475235 ], [ 143.88034691465279, -14.573466437872485 ], [ 143.892401154402336, -14.573962645560245 ], [ 143.918823488268572, -14.586176879377076 ], [ 143.948448940284948, -14.589408141622867 ], [ 143.977554617714844, -14.583039017443994 ], [ 143.99096944219545, -14.57499750425305 ], [ 144.033777399104679, -14.572712923138056 ], [ 144.072819876514785, -14.561691455985054 ], [ 144.113819489818979, -14.539435243898431 ], [ 144.114025247895654, -14.540301268679576 ], [ 144.128743802771083, -14.564530549982241 ], [ 144.150225476056391, -14.583110224530701 ], [ 144.185847193084413, -14.605315056954183 ], [ 144.216581567546115, -14.617475712600411 ], [ 144.249660853945244, -14.618026954026492 ], [ 144.261845540526451, -14.616018886156011 ], [ 144.290408236529629, -14.606313155830792 ], [ 144.314257302439103, -14.587930051016558 ], [ 144.330817196133495, -14.56285535433058 ], [ 144.332448259665085, -14.556525617882482 ], [ 144.333976282384896, -14.560508338452546 ], [ 144.344799747055959, -14.573771814487928 ], [ 144.346213807842275, -14.587412125611484 ], [ 144.352006351711907, -14.611216480874582 ], [ 144.363962998686304, -14.632631795643066 ], [ 144.398728706396838, -14.678891633944282 ], [ 144.414770370619721, -14.694832823912725 ], [ 144.421543287120102, -14.706828264915403 ], [ 144.432875075870129, -14.718267751430856 ], [ 144.439498185464714, -14.732468627503481 ], [ 144.459854916657775, -14.753837548539906 ], [ 144.472667712278081, -14.760614583260892 ], [ 144.48508171710472, -14.776213430515053 ], [ 144.486660368732316, -14.777307092880351 ], [ 144.486920085513191, -14.778622959420765 ], [ 144.492810857261958, -14.789515821272314 ], [ 144.492569494798971, -14.791776429417229 ], [ 144.499046676382079, -14.820572016830281 ], [ 144.510617971034179, -14.839517937473023 ], [ 144.507379468308585, -14.858962639019225 ], [ 144.512321014994995, -14.888378101276988 ], [ 144.526582383090215, -14.914639061492677 ], [ 144.548642753113512, -14.934936781975347 ], [ 144.565090929940084, -14.94221243565015 ], [ 144.57739033199104, -14.953541381087296 ], [ 144.598438677265761, -14.967172365579792 ], [ 144.612707411211943, -14.973460135845128 ], [ 144.612885468257417, -14.991087254287999 ], [ 144.622271939801777, -15.018393619203477 ], [ 144.639818918772164, -15.041429740038126 ], [ 144.663771914007214, -15.05788843485964 ], [ 144.665523006684481, -15.058404241345942 ], [ 144.668638294608996, -15.081853777147817 ], [ 144.679855715263898, -15.106279179777834 ], [ 144.69778894799154, -15.126416904546121 ], [ 144.698688400049605, -15.126966328273344 ], [ 144.703800583406149, -15.146914954277667 ], [ 144.695375121153688, -15.15240772015418 ], [ 144.676979350365002, -15.175739233795298 ], [ 144.673533586023751, -15.185490898304506 ], [ 144.646523386734202, -15.192109828073256 ], [ 144.620844605540924, -15.20858516997759 ], [ 144.602033805712608, -15.232440131155361 ], [ 144.596245384046938, -15.249220381618048 ], [ 144.594159675199791, -15.249016776585167 ], [ 144.580943752099898, -15.251530215961736 ], [ 144.543935684035006, -15.253963392955258 ], [ 144.511588529625158, -15.262038819809639 ], [ 144.484254397404783, -15.280915871583046 ], [ 144.472701728653846, -15.292467428714499 ], [ 144.455341385406825, -15.316698727247019 ], [ 144.446797092471769, -15.345140744785409 ], [ 144.447980842279264, -15.374777119861369 ], [ 144.458773629685766, -15.402463593371774 ], [ 144.474632314655423, -15.421234751189251 ], [ 144.4716544577592, -15.43383455695362 ], [ 144.473986538721846, -15.46187162615249 ], [ 144.477002368568293, -15.46905064098722 ], [ 144.472574416844964, -15.496696029722942 ], [ 144.47386098756067, -15.504573770526422 ], [ 144.465412606553343, -15.507418602915171 ], [ 144.442574489023087, -15.524077833108132 ], [ 144.427004654683941, -15.54532778361383 ], [ 144.414421988885778, -15.544384053483798 ], [ 144.386428452921308, -15.551001041672061 ], [ 144.361851608090205, -15.565747074201921 ], [ 144.343066075400799, -15.587197303936367 ], [ 144.336941292431703, -15.596912234531306 ], [ 144.330447288486141, -15.611585835379852 ], [ 144.307799997280341, -15.615090241315333 ], [ 144.28566647995595, -15.625947070899883 ], [ 144.283173925531031, -15.626059331813854 ], [ 144.26657461214532, -15.63229737129628 ], [ 144.267109343870743, -15.614388500670566 ], [ 144.262680252728927, -15.583796385892789 ], [ 144.248091098890683, -15.556421064334913 ], [ 144.241011711848131, -15.547324080404438 ], [ 144.239478091691922, -15.545920616833511 ], [ 144.231898479715937, -15.530958599061005 ], [ 144.210030934858963, -15.509847640852861 ], [ 144.200103687465742, -15.505207257197112 ], [ 144.193571978220319, -15.498716031237647 ], [ 144.168566515741674, -15.480214897620577 ], [ 144.14176741802757, -15.466455264284807 ], [ 144.111893899660487, -15.461922479182773 ], [ 144.082128703900196, -15.467099847830413 ], [ 144.077632273561022, -15.469534225335495 ], [ 144.061340604184693, -15.473974505805977 ], [ 144.036416867433019, -15.4906524767196 ], [ 144.023201427228202, -15.507879782045563 ], [ 144.012807245214731, -15.515707406119081 ], [ 143.996467966954469, -15.538872198283116 ], [ 143.988117712344405, -15.565839144176975 ], [ 143.988352239425041, -15.580703678833295 ], [ 143.984016120129979, -15.58893445471098 ], [ 143.979361786239735, -15.617443834656877 ], [ 143.9840350811576, -15.645947779251307 ], [ 143.997571225057811, -15.671575294156492 ], [ 144.017177806196997, -15.690370955422427 ], [ 144.026905752269187, -15.714827944881305 ], [ 144.029367426207614, -15.71789075081225 ], [ 144.028685678100629, -15.721525953844088 ], [ 144.032403364278252, -15.747419485322458 ], [ 144.032322628234397, -15.750983218696145 ], [ 144.039820233808456, -15.776962533601724 ], [ 144.041444446742531, -15.779426288480742 ], [ 144.042292822120089, -15.788536933604018 ], [ 144.042999098810242, -15.791328488939245 ], [ 144.037252091636844, -15.835525167001625 ], [ 144.037378240298807, -15.840608204807493 ], [ 144.036642446028566, -15.842434547663665 ], [ 144.035037919985086, -15.871543049754322 ], [ 144.042922430524129, -15.899649971374826 ], [ 144.059490824773945, -15.923864631794453 ], [ 144.083042099780698, -15.941695734707038 ], [ 144.095130246289131, -15.945830165985763 ], [ 144.111103918162513, -15.95930952239687 ], [ 144.140311345347385, -15.976016474399064 ], [ 144.140437551671283, -15.976360075743644 ], [ 144.158873735153747, -15.999256729626877 ], [ 144.18377817084891, -16.015261331406826 ], [ 144.212586558942689, -16.022725838110155 ], [ 144.242330011728001, -16.020881477905103 ], [ 144.244719565613735, -16.019933056297585 ], [ 144.24522675478579, -16.02033108608795 ], [ 144.276182008156809, -16.030464167098803 ], [ 144.349397795125611, -16.040996085910241 ], [ 144.374910439856393, -16.041195618892125 ], [ 144.399515309721636, -16.034600523968027 ], [ 144.462374138457562, -16.00820441788861 ], [ 144.474488191273053, -16.008357538758396 ], [ 144.502583136615215, -15.999686850592751 ], [ 144.507705341874043, -15.996078120951498 ], [ 144.508483286462223, -15.995996180324173 ], [ 144.543624948782139, -15.986818869394401 ], [ 144.552320877047379, -15.983082826097057 ], [ 144.565435639681567, -15.985266407993915 ], [ 144.595614547690161, -15.980432634792786 ], [ 144.622548554136614, -15.966268080596576 ], [ 144.633523842865173, -15.954664304217289 ], [ 144.651609000979363, -15.950377742300029 ], [ 144.676065221431827, -15.935786465686618 ], [ 144.694808718178109, -15.914590879094373 ], [ 144.701301109433302, -15.904420087649665 ], [ 144.713244833282033, -15.875752171431271 ], [ 144.714668632160567, -15.844818540303892 ], [ 144.705414872451342, -15.815207966228567 ], [ 144.696430194663265, -15.79779482604706 ], [ 144.683515953856698, -15.780637285222211 ], [ 144.690251941015646, -15.778940563551945 ], [ 144.704246516480907, -15.770411424218464 ], [ 144.707332129985815, -15.771682288895645 ], [ 144.734374452547172, -15.774431563724562 ], [ 144.74509036838711, -15.773969515415361 ], [ 144.786764599547098, -15.807057759849046 ], [ 144.811247665509228, -15.821026986980652 ], [ 144.838893948847186, -15.82709728656169 ], [ 144.867120406571502, -15.824701898018033 ], [ 144.916233532608175, -15.812924261205113 ], [ 144.916846286947106, -15.814731525918187 ], [ 144.934195643985674, -15.837724200257476 ], [ 144.957980685697351, -15.854294098235865 ], [ 144.958567448953431, -15.854473289770766 ], [ 144.963714044168768, -15.867746142582519 ], [ 144.980383711252074, -15.89504646823606 ], [ 144.984528528326848, -15.898328784690973 ], [ 144.982236066555771, -15.909211491556821 ], [ 144.984735790157458, -15.935824841144814 ], [ 144.988231831257849, -15.949851632995047 ], [ 144.987471699298993, -15.950611975812812 ], [ 144.974573547732774, -15.976010293444034 ], [ 144.974143206504181, -15.978836426923321 ], [ 144.972439993278215, -15.980883713746511 ], [ 144.967106846891085, -15.994462638215069 ], [ 144.956683076105492, -15.994285717457148 ], [ 144.928978362261574, -16.002534265365441 ], [ 144.90521043682898, -16.018720285509652 ], [ 144.88768657371628, -16.041272774308247 ], [ 144.859717620895395, -16.092105593103998 ], [ 144.838800330966507, -16.104823697037659 ], [ 144.820920558286275, -16.124638210543392 ], [ 144.809627100873541, -16.148636739093639 ], [ 144.805877888658955, -16.174791424380818 ], [ 144.806094375977722, -16.205710289269604 ], [ 144.814017378197519, -16.24175511054338 ], [ 144.849682747178548, -16.320507915450527 ], [ 144.866168482188215, -16.345105692567984 ], [ 144.878662031194722, -16.354691327402666 ], [ 144.881675352847509, -16.362313193206234 ], [ 144.899646513041461, -16.384099657635922 ], [ 144.913965439040169, -16.396813282699387 ], [ 144.93781135241727, -16.412194166266012 ], [ 144.965328534817985, -16.419804397191946 ], [ 144.993920958124136, -16.418926437440962 ], [ 145.002154139367605, -16.417420467975877 ], [ 145.003110222418911, -16.418075725765096 ], [ 145.026312425232675, -16.428940652634545 ], [ 145.026427466441277, -16.451065987041627 ], [ 145.030793490495228, -16.463739015394854 ], [ 145.03189762517178, -16.486690112615438 ], [ 145.03539596535316, -16.503351912376338 ], [ 145.047747986206872, -16.533368960262088 ], [ 145.070147129767804, -16.557263192678086 ], [ 145.120339724887657, -16.594525439827699 ], [ 145.147646812983027, -16.607864467829977 ], [ 145.153830538819619, -16.651231473921793 ], [ 145.16014714933354, -16.673702239915865 ], [ 145.172153825916979, -16.693867578997107 ], [ 145.192021126275364, -16.719074482464503 ], [ 145.206446433134801, -16.732745325887283 ], [ 145.212364094072797, -16.74567568345708 ], [ 145.234320512649987, -16.768063264475234 ], [ 145.262760059587521, -16.781992877331216 ], [ 145.282723236200923, -16.784426041236774 ], [ 145.284353365650901, -16.78911569890542 ], [ 145.300240841564829, -16.81714383820772 ], [ 145.325187809466797, -16.83807398864694 ], [ 145.356088153243377, -16.849298583945444 ], [ 145.384203829672572, -16.854286830778641 ], [ 145.402642520421409, -16.854078636228188 ], [ 145.410781566986742, -16.860945728613334 ], [ 145.413315432483358, -16.869858426793613 ], [ 145.431671804277585, -16.89518972847322 ], [ 145.441857445683155, -16.90508742391868 ], [ 145.442397970713756, -16.914206141756335 ], [ 145.449628913670892, -16.931861635437688 ], [ 145.446355332746549, -16.943171936951799 ], [ 145.442904173419493, -16.969544196935388 ], [ 145.447510365697639, -16.995748836137079 ], [ 145.456748040201489, -17.01365133859667 ], [ 145.45348213393649, -17.016668197428864 ], [ 145.437177996906144, -17.036677383111556 ], [ 145.428226523074528, -17.058014282443636 ], [ 145.416855637951926, -17.058104266723355 ], [ 145.390054120349731, -17.066387946270201 ], [ 145.370674452659387, -17.079499315847155 ], [ 145.355296890144132, -17.081754562559027 ], [ 145.330219460164869, -17.093415543031831 ], [ 145.309784689652105, -17.111674441427539 ], [ 145.295793774612548, -17.134923103911454 ], [ 145.289482768017223, -17.161113257356096 ], [ 145.287317781901947, -17.187293859053558 ], [ 145.27249934454278, -17.207389927306004 ], [ 145.252160916598314, -17.247267539965616 ], [ 145.243174993464464, -17.276498562027982 ], [ 145.24475817176679, -17.30694675431171 ], [ 145.248089641422609, -17.314793577207968 ], [ 145.245381546931071, -17.317298786661713 ], [ 145.231924087818186, -17.340322299664614 ], [ 145.225935905295444, -17.366108773969607 ], [ 145.227931879075697, -17.392460988494502 ], [ 145.231060472344552, -17.405976774376398 ], [ 145.230219216551433, -17.41194765116802 ], [ 145.235813054329725, -17.440430953239826 ], [ 145.250479332042971, -17.465746708318399 ], [ 145.253851546171774, -17.468711922314071 ], [ 145.258312692792771, -17.478129434050004 ], [ 145.266378033778153, -17.486360724500159 ], [ 145.267357672149529, -17.497733889094164 ], [ 145.26800537240112, -17.49928582986869 ], [ 145.267561740912868, -17.50372132651308 ], [ 145.269849472690026, -17.543045721954279 ], [ 145.275690207873367, -17.569744855670788 ], [ 145.289549676381995, -17.593552510165399 ], [ 145.296970846635077, -17.600301325888427 ], [ 145.297019458395937, -17.600426382901418 ], [ 145.315620093999314, -17.622751165743811 ], [ 145.317080583169684, -17.623666659835461 ], [ 145.310915015985358, -17.637176151261194 ], [ 145.308136860697914, -17.665932500424208 ], [ 145.314940768857412, -17.694061460045354 ], [ 145.319545800056574, -17.701288737047943 ], [ 145.318396978989, -17.702932616029791 ], [ 145.310357424734661, -17.730550878040368 ], [ 145.311732136834763, -17.759194293030205 ], [ 145.322389164815576, -17.785981685059326 ], [ 145.341261347421607, -17.808217388271277 ], [ 145.342151560561831, -17.808763381117739 ], [ 145.341844923960082, -17.80988519124363 ], [ 145.343574975753853, -17.838180825160517 ], [ 145.346428652259334, -17.845161722971145 ], [ 145.343439602809809, -17.85322139545929 ], [ 145.343994911195637, -17.885406218999361 ], [ 145.356290957647502, -17.915360303197438 ], [ 145.371408406038427, -17.938773486489552 ], [ 145.374485888562248, -17.942259155051019 ], [ 145.364524897647783, -17.963214060614856 ], [ 145.361993478219773, -17.99458813171681 ], [ 145.365659925170746, -18.030281819314805 ], [ 145.373780705898156, -18.059050076721032 ], [ 145.379053716267578, -18.066498117464363 ], [ 145.378558173269994, -18.082322829246134 ], [ 145.386287670461513, -18.108631107694766 ], [ 145.401899302281322, -18.131523261721746 ], [ 145.423810257792013, -18.148779502695877 ], [ 145.429819932975505, -18.162747453163941 ], [ 145.44532136095728, -18.187002338095581 ], [ 145.450352545160996, -18.191104552580597 ], [ 145.443851932384774, -18.216639852158547 ], [ 145.44283959646279, -18.228052921660534 ], [ 145.444909877703907, -18.255910059752654 ], [ 145.455804450671764, -18.281828674333447 ], [ 145.457181315795225, -18.283413651322803 ], [ 145.455099958456714, -18.297989052595913 ], [ 145.462109567512442, -18.328685222935519 ], [ 145.479732282150934, -18.35522850398279 ], [ 145.499822911379454, -18.376227748644446 ], [ 145.505780389532703, -18.399191417865801 ], [ 145.522876608182202, -18.42429420994559 ], [ 145.544868403869941, -18.447130569250511 ], [ 145.545008324812528, -18.4528613912411 ], [ 145.538706882761403, -18.459973434501023 ], [ 145.522311310258345, -18.486703373907531 ], [ 145.516364574944646, -18.51713262474404 ], [ 145.521573878721767, -18.547681916395703 ], [ 145.537606669978857, -18.591725385341373 ], [ 145.546650272812968, -18.608611347117247 ], [ 145.546249315528087, -18.609368078862772 ], [ 145.534995654880788, -18.644308972220351 ], [ 145.530867325214047, -18.673024370545214 ], [ 145.536538961326841, -18.701499279066994 ], [ 145.551431230249705, -18.726793007955319 ], [ 145.574010094860682, -18.746292221274992 ], [ 145.601943776952794, -18.75798151138213 ], [ 145.619365222467991, -18.759512970856832 ], [ 145.624567839333452, -18.765054685034773 ], [ 145.64616491554537, -18.778242780608792 ], [ 145.647945256405961, -18.779030146305598 ], [ 145.648747608833446, -18.793714223486035 ], [ 145.660740757953505, -18.821596031407147 ], [ 145.669387017693481, -18.830888230664051 ], [ 145.669950731669417, -18.838075749785041 ], [ 145.680508851058136, -18.863356334701823 ], [ 145.69854239830147, -18.884499435558528 ], [ 145.722412206554225, -18.899580043557517 ], [ 145.745388847991279, -18.909735149736072 ], [ 145.746471744570641, -18.915663644727783 ], [ 145.76127885853731, -18.941436902611436 ], [ 145.784047169681315, -18.961334657580363 ], [ 145.812363246529003, -18.973245912232628 ], [ 145.823078295870602, -18.974170617807324 ], [ 145.824193512653409, -18.975537506386651 ], [ 145.846702699854944, -18.990788270536974 ], [ 145.872898553587561, -18.99925835675873 ], [ 145.900562254479098, -19.000230592556505 ], [ 145.927349839285625, -18.993622650849467 ], [ 145.932416048041944, -18.991589547552781 ], [ 145.943930791763023, -18.995902706365115 ], [ 145.961768620102362, -18.995739327201925 ], [ 145.962998727312993, -18.996525639675141 ], [ 145.969677405471117, -19.007990737864429 ], [ 145.973026999935854, -19.011062679027592 ], [ 145.976961587347574, -19.03349700067815 ], [ 145.978583742608322, -19.036422158271638 ], [ 145.979529143267115, -19.051543801201856 ], [ 145.98304263781236, -19.059824693784478 ], [ 145.982915651993864, -19.060522305310194 ], [ 145.977230161283046, -19.083995196334048 ], [ 145.979722095181813, -19.111717830563069 ], [ 145.991043329808633, -19.137397608539668 ], [ 146.010118584533501, -19.158584454879069 ], [ 146.035129943134393, -19.173256142594422 ], [ 146.105006261353992, -19.201179713344043 ], [ 146.135718623710517, -19.208079097593831 ], [ 146.167132591289487, -19.205122575480303 ], [ 146.18381291236085, -19.197857103565198 ], [ 146.186531493531504, -19.201707777095038 ], [ 146.206198130698482, -19.216747670026226 ], [ 146.208880442751081, -19.22064548823262 ], [ 146.225610358362957, -19.234128232862926 ], [ 146.232283494232803, -19.248342341482527 ], [ 146.272117971041183, -19.307970570074929 ], [ 146.285597156971676, -19.323022771121671 ], [ 146.286403769899437, -19.32972023319828 ], [ 146.298728128308142, -19.355302065634955 ], [ 146.30644440870762, -19.363272901179016 ], [ 146.307463453885219, -19.372255362788867 ], [ 146.318469124199822, -19.396651661569763 ], [ 146.336539763709283, -19.41696584123828 ], [ 146.360109727220078, -19.43143508301236 ], [ 146.387133585663378, -19.438803394512867 ], [ 146.415264166281901, -19.438431051545209 ], [ 146.421262542261189, -19.437507744707549 ], [ 146.446194233401059, -19.448181060173415 ], [ 146.472120902725948, -19.450994589882647 ], [ 146.484931795846677, -19.460292940800233 ], [ 146.505392664782562, -19.470976536712637 ], [ 146.503641566855634, -19.499816113436818 ], [ 146.506106909772313, -19.525887694237888 ], [ 146.516438373033111, -19.550187397500533 ], [ 146.533766054531668, -19.570659361223207 ], [ 146.543495455499738, -19.579224770863441 ], [ 146.545006662685211, -19.58460131969057 ], [ 146.558029806820741, -19.611700138037349 ], [ 146.571634839614802, -19.625252946205606 ], [ 146.566561154062782, -19.629120315139204 ], [ 146.557198021286354, -19.63074837206544 ], [ 146.531957802324229, -19.643144273948362 ], [ 146.511707443016945, -19.66196979356728 ], [ 146.498239500569497, -19.685560311150716 ], [ 146.492749201343429, -19.711829087783162 ], [ 146.495727599401221, -19.738451448733901 ], [ 146.506916365154751, -19.763070321256723 ], [ 146.52532880775928, -19.783505020108187 ], [ 146.53869686763781, -19.791546617419499 ], [ 146.541566898936054, -19.796921458203038 ], [ 146.553893952101674, -19.812784409943198 ], [ 146.551846182570358, -19.817937087762111 ], [ 146.545839092936063, -19.846846670533132 ], [ 146.550107568328229, -19.876025293949752 ], [ 146.564200879295583, -19.902343698289332 ], [ 146.586612222832912, -19.922977969034111 ], [ 146.597036501262323, -19.927665655929953 ], [ 146.601718521892451, -19.933011870393536 ], [ 146.604392870370958, -19.934751543826092 ], [ 146.615027858788721, -19.954047049345728 ], [ 146.634967898999207, -19.973124787273953 ], [ 146.660013486928165, -19.985870112632941 ], [ 146.68795315895855, -19.991157566455801 ], [ 146.72008023762055, -19.992665852977552 ], [ 146.722136603531169, -19.992443985057019 ], [ 146.745901241788687, -19.999563350117846 ], [ 146.771184737569655, -19.999352300673774 ], [ 146.799941524204485, -20.011296552535395 ], [ 146.832120685834326, -20.013692698226645 ], [ 146.858540185889382, -20.007144466434646 ], [ 146.858688789228552, -20.007282562192042 ], [ 146.870388274086821, -20.012926374508201 ], [ 146.870088963920864, -20.013728841865635 ], [ 146.8648147927953, -20.039325139943781 ], [ 146.867604245161317, -20.065260963341515 ], [ 146.878227813373655, -20.089355782040798 ], [ 146.895796076475534, -20.109582925280428 ], [ 146.918669007170507, -20.124135865574541 ], [ 146.918742477565672, -20.125534107017693 ], [ 146.928983109393471, -20.151288985518672 ], [ 146.947070124441268, -20.172944159627534 ], [ 146.971314853746492, -20.188474089619966 ], [ 146.999449648811833, -20.196425673006875 ], [ 147.02066436011421, -20.199219571862645 ], [ 147.018106865576385, -20.211839588733191 ], [ 147.017235460401139, -20.240198330866836 ], [ 147.025870426974507, -20.267396131942018 ], [ 147.043156790322399, -20.290721571746008 ], [ 147.059229499361663, -20.302089281463111 ], [ 147.064665911257407, -20.309183929285499 ], [ 147.088140196087267, -20.325623281930095 ], [ 147.108529251283102, -20.332299284380102 ], [ 147.114019156273713, -20.347759019029127 ], [ 147.123985091074303, -20.360664252129776 ], [ 147.123726468305506, -20.370401097008141 ], [ 147.133081415545035, -20.398352261925226 ], [ 147.151580935916343, -20.422009481332612 ], [ 147.155205233046075, -20.424387785069534 ], [ 147.13916882720352, -20.419011393335062 ], [ 147.108006642424101, -20.418419981049549 ], [ 147.078269741392432, -20.427131181277176 ], [ 147.053065177438583, -20.444234533911928 ], [ 147.044503267307533, -20.455490388342223 ], [ 147.037301193251039, -20.445111727061459 ], [ 147.036829050470772, -20.419442556473875 ], [ 147.027890946303899, -20.393982525036606 ], [ 147.011306657707934, -20.372109908989131 ], [ 146.988552720600239, -20.355767803424499 ], [ 146.965380805368397, -20.347705657075149 ], [ 146.956252230463832, -20.339065969925226 ], [ 146.92705057009465, -20.325782417228382 ], [ 146.894781135480031, -20.322313695464864 ], [ 146.863110786389399, -20.329054161237728 ], [ 146.83563873905274, -20.345237472919564 ], [ 146.823688219305808, -20.355266128392728 ], [ 146.810023475468739, -20.371724605991758 ], [ 146.808087973945817, -20.365106475771558 ], [ 146.789289128777767, -20.327609409551322 ], [ 146.773822895058146, -20.305752036830896 ], [ 146.752267275631795, -20.288984094312688 ], [ 146.726453291798038, -20.278728858391098 ], [ 146.722408341892248, -20.278312529999557 ], [ 146.720885313916085, -20.276523003056894 ], [ 146.697499493747245, -20.26148009076142 ], [ 146.670435272026822, -20.253462766881039 ], [ 146.653470796775139, -20.253287476954554 ], [ 146.645044053479381, -20.245253757367419 ], [ 146.614629287179099, -20.231744241344138 ], [ 146.581097484710625, -20.22885004644343 ], [ 146.56906811443298, -20.22979271554243 ], [ 146.567071053640632, -20.228404524494657 ], [ 146.565530396583597, -20.227913006769818 ], [ 146.548578488787058, -20.216664023188159 ], [ 146.520670264239357, -20.208263542714676 ], [ 146.454853601473616, -20.198404379845392 ], [ 146.425429065994393, -20.198248011077489 ], [ 146.397328686473827, -20.206410026337871 ], [ 146.37317887186552, -20.222127316871187 ], [ 146.355238940041858, -20.24393007448619 ], [ 146.345190312900087, -20.269778711753826 ], [ 146.345092126710483, -20.272005438900852 ], [ 146.343634753269072, -20.273089546207604 ], [ 146.329924349869543, -20.292615344476587 ], [ 146.32695280226099, -20.292803707872679 ], [ 146.29829253572359, -20.30384165216466 ], [ 146.295234195655183, -20.306319090542051 ], [ 146.292860933358895, -20.305478958685267 ], [ 146.286961080792793, -20.297671331145111 ], [ 146.264963412707573, -20.281565104109397 ], [ 146.241685648626259, -20.269135404105544 ], [ 146.222046763637678, -20.261816661331103 ], [ 146.230348571173039, -20.248944657380257 ], [ 146.233911598587696, -20.234146041106278 ], [ 146.240100785551675, -20.226341718630703 ], [ 146.249519418587283, -20.202586796081725 ], [ 146.250016524342271, -20.196145061459614 ], [ 146.255565288952624, -20.192507125000674 ], [ 146.273232751574682, -20.171094417887055 ], [ 146.283282835609299, -20.145735818365708 ], [ 146.284810096877465, -20.118728099076712 ], [ 146.281853710604736, -20.107858438962023 ], [ 146.290838819187428, -20.086509897447289 ], [ 146.296545865427674, -20.062235530796805 ], [ 146.314140209254589, -20.051121537264233 ], [ 146.327927034370845, -20.049067566163536 ], [ 146.354123486493762, -20.036786376149461 ], [ 146.375139298520708, -20.017677778018786 ], [ 146.38901835211081, -19.993522260005101 ], [ 146.394472164409251, -19.966569686773155 ], [ 146.390998623156833, -19.939329284440216 ], [ 146.378926724938054, -19.914335838739273 ], [ 146.344961616596862, -19.865519389142708 ], [ 146.3275831757866, -19.846794733121676 ], [ 146.305415058459943, -19.833236367941222 ], [ 146.262573694331451, -19.814334676181005 ], [ 146.233085206131534, -19.806404303566062 ], [ 146.203388715776669, -19.807579075702776 ], [ 146.19283436420767, -19.803242942529703 ], [ 146.191364099589407, -19.80287683806873 ], [ 146.189909258131877, -19.801949941623725 ], [ 146.160378807989645, -19.794131259569706 ], [ 146.129729846712877, -19.795466324115097 ], [ 146.123091045197469, -19.796774982238905 ], [ 146.12026143102608, -19.795806126075519 ], [ 146.092893190529594, -19.794191531407449 ], [ 146.058168267389561, -19.796822870412857 ], [ 146.053020145347347, -19.794905582318155 ], [ 146.040463999418961, -19.782899466071001 ], [ 146.012523875996663, -19.763243405184479 ], [ 145.986651296899083, -19.750295285419785 ], [ 145.957823630227665, -19.745294822836229 ], [ 145.949583039077879, -19.746262842957748 ], [ 145.932880925418687, -19.744799166951289 ], [ 145.883133121110234, -19.74746270578586 ], [ 145.857508165749465, -19.752174821063083 ], [ 145.834186178501596, -19.76320562560386 ], [ 145.816733054835851, -19.778163826626098 ], [ 145.795709814549753, -19.783085414538032 ], [ 145.758449640033405, -19.798485070309798 ], [ 145.735876751368693, -19.811573081361551 ], [ 145.690798460766388, -19.846624196172328 ], [ 145.690641748552935, -19.846580129278976 ], [ 145.659429062451494, -19.842856010134604 ], [ 145.628610331774667, -19.848805295554399 ], [ 145.60149814065619, -19.863788223973657 ], [ 145.591341843208795, -19.874895811005839 ], [ 145.573916824716974, -19.879977705944182 ], [ 145.548247293231185, -19.897729199924932 ], [ 145.538765735676947, -19.906925538096566 ], [ 145.519594283918195, -19.933927608173875 ], [ 145.506175893070093, -19.963176143341695 ], [ 145.498714014703296, -19.991077601085259 ], [ 145.501037608029492, -20.019757317232642 ], [ 145.508266827027228, -20.035901574160228 ], [ 145.507909009815336, -20.038750929318152 ], [ 145.513509809037117, -20.065845322453693 ], [ 145.519574294623794, -20.076250997448664 ], [ 145.519619925694855, -20.07855454612865 ], [ 145.522908543249486, -20.095972528707811 ], [ 145.533914799132504, -20.12461935881614 ], [ 145.5545166553174, -20.148183521979494 ], [ 145.582353310650831, -20.163960215386847 ], [ 145.585308038295864, -20.164533196924182 ], [ 145.565837214276826, -20.166904950553452 ], [ 145.537380548442599, -20.180134862716539 ], [ 145.515084467416472, -20.201311069326138 ], [ 145.501385582050943, -20.228122062912878 ], [ 145.500827841621884, -20.232696290698915 ], [ 145.498335970266936, -20.234915604392079 ], [ 145.487653794915104, -20.253080482098156 ], [ 145.481215711360647, -20.253561303074935 ], [ 145.46942189469641, -20.258164221662547 ], [ 145.466688661162095, -20.257467451140275 ], [ 145.433761224919522, -20.259885841715189 ], [ 145.414491942780245, -20.267994520983446 ], [ 145.411176148666584, -20.267879480825158 ], [ 145.3835956335042, -20.274746169362803 ], [ 145.359380465561713, -20.28886315449574 ], [ 145.3406593386498, -20.308989770275151 ], [ 145.329080591198561, -20.333356643786654 ], [ 145.325666883434224, -20.359820759953958 ], [ 145.325840280897182, -20.360720453774075 ], [ 145.324827208427905, -20.362088016269844 ], [ 145.316191320779296, -20.387484249284071 ], [ 145.316127914843975, -20.393645172536829 ], [ 145.296413415975962, -20.381886697682567 ], [ 145.264798906793231, -20.374972359464437 ], [ 145.249596796326557, -20.374105334875871 ], [ 145.220270469878471, -20.37663759788979 ], [ 145.201945234944901, -20.383848281820963 ], [ 145.182723622315109, -20.3705731065652 ], [ 145.166282005233256, -20.365050203356894 ], [ 145.159731529560929, -20.354881886033962 ], [ 145.137631548315539, -20.336702036252003 ], [ 145.110681283490663, -20.325604841703985 ], [ 145.081400049329744, -20.322627777400299 ], [ 145.061801314215529, -20.326308030918824 ], [ 145.035232351677337, -20.31263897912719 ], [ 145.007543287791037, -20.303197582350535 ], [ 145.000258624533615, -20.302906164033629 ], [ 144.998595528920902, -20.298612267868947 ], [ 144.981380309488259, -20.277263597324918 ], [ 144.958209312616304, -20.26158274358637 ], [ 144.931130154879469, -20.252954748956491 ], [ 144.902533473038233, -20.252141529447819 ], [ 144.895520210548568, -20.25394013400042 ], [ 144.890091721862092, -20.25231846832742 ], [ 144.869492106057464, -20.252037084847089 ], [ 144.857027285696375, -20.242584512474238 ], [ 144.827683538742235, -20.227368127458384 ], [ 144.811821338360602, -20.225034639256211 ], [ 144.797681756753065, -20.216397276031806 ], [ 144.767767458623069, -20.209074243318 ], [ 144.736913031357517, -20.210995524408272 ], [ 144.708301861095805, -20.221962787203363 ], [ 144.684887310617484, -20.240843759414545 ], [ 144.678609574860332, -20.250718117238076 ], [ 144.669394173518242, -20.256623244915961 ], [ 144.651321385601534, -20.278218616121855 ], [ 144.64483382150334, -20.294444026877869 ], [ 144.644039308573412, -20.294231479903125 ], [ 144.61419189084711, -20.295135599649388 ], [ 144.600832978131052, -20.297509278597321 ], [ 144.569254422840089, -20.308754484050162 ], [ 144.543778380998134, -20.329493363435748 ], [ 144.527545326743422, -20.357171510150085 ], [ 144.51961971301742, -20.379160945492448 ], [ 144.518931365418894, -20.383366599920816 ], [ 144.517104071954861, -20.385674821387674 ], [ 144.507619521626822, -20.410790702681968 ], [ 144.506442870922911, -20.437395072400228 ], [ 144.50942426904021, -20.44800271542417 ], [ 144.495886273602679, -20.444587953773055 ], [ 144.473327683772908, -20.432395184614354 ], [ 144.444905876684658, -20.426413811780925 ], [ 144.415866065159776, -20.42862243254195 ], [ 144.388858496589108, -20.438819379001913 ], [ 144.366349101535576, -20.456073467891251 ], [ 144.341780873790185, -20.481607642154405 ], [ 144.328503527441768, -20.49927894852118 ], [ 144.320127209048593, -20.519389067221901 ], [ 144.319612403311567, -20.521268500381201 ], [ 144.297538915076672, -20.52607690059008 ], [ 144.270776789687602, -20.541642570220052 ], [ 144.253089421727054, -20.5561587033527 ], [ 144.235772837546108, -20.574898834184889 ], [ 144.22528721921239, -20.595934689025846 ], [ 144.195867940016512, -20.595393513498006 ], [ 144.186301809815433, -20.597104171004062 ], [ 144.187290063867664, -20.589986459893733 ], [ 144.181656702718385, -20.562260359229434 ], [ 144.173126284225276, -20.540130760501192 ], [ 144.15692742888524, -20.513513144428355 ], [ 144.132084789419395, -20.493500403157707 ], [ 144.107066516496133, -20.484436771145102 ], [ 144.10463628532699, -20.482149762868911 ], [ 144.081485077634852, -20.466082224431446 ], [ 144.054272015835892, -20.457119275270763 ], [ 144.025433556681321, -20.45606358567959 ], [ 143.997550715545373, -20.463009688455472 ], [ 143.949191686935023, -20.482661334562735 ], [ 143.932947748029989, -20.491078322856357 ], [ 143.884573985954376, -20.522162312617986 ], [ 143.878653353394327, -20.519155317318514 ], [ 143.850354987038173, -20.513845512279268 ], [ 143.821637362135959, -20.516571767771961 ], [ 143.80947178657425, -20.521389021116519 ], [ 143.80090504081943, -20.520244938233059 ], [ 143.77241182586414, -20.520398028003822 ], [ 143.765971560691611, -20.522268596239662 ], [ 143.761924143324137, -20.49381345614059 ], [ 143.747806785163391, -20.46738238629467 ], [ 143.725264568855351, -20.446640581170808 ], [ 143.710845001221543, -20.440165538019805 ], [ 143.711767393813147, -20.419722386762903 ], [ 143.70610835418131, -20.369897208223694 ], [ 143.6981009787321, -20.342359007723338 ], [ 143.681250553367647, -20.318549532097052 ], [ 143.663840058789276, -20.305719046172491 ], [ 143.66773922030751, -20.288778319535556 ], [ 143.664475784554611, -20.260418236074564 ], [ 143.651865351260767, -20.23443966597203 ], [ 143.631182722280812, -20.213458064284957 ], [ 143.604512106747876, -20.199584904480638 ], [ 143.574536939654223, -20.194215865160182 ], [ 143.544270911010898, -20.197890992804258 ], [ 143.486388318406313, -20.213929574706409 ], [ 143.452772057810961, -20.206155526296307 ], [ 143.42768791790337, -20.204953196483629 ], [ 143.419479359541612, -20.197415182749662 ], [ 143.392519430723866, -20.184861295908032 ], [ 143.362730304867426, -20.180713986999894 ], [ 143.342516533472605, -20.180888591448223 ], [ 143.301173798658482, -20.190008650460708 ], [ 143.276179292945216, -20.201415968131002 ], [ 143.271085892726376, -20.199805589786504 ], [ 143.242250336538234, -20.199125957663746 ], [ 143.219059300630107, -20.205257921404094 ], [ 143.193371103999453, -20.207641182538339 ], [ 143.174204216477477, -20.215725211386708 ], [ 143.153942587385274, -20.212489600913813 ], [ 143.042935166336747, -20.211260881544231 ], [ 143.030650248990014, -20.21185469719704 ], [ 142.975954119681319, -20.217780472814098 ], [ 142.967001640894637, -20.22007686839331 ], [ 142.960837168605394, -20.219767909398104 ], [ 142.932911055672633, -20.226343783886662 ], [ 142.908315091134881, -20.240345762267346 ], [ 142.89694818357296, -20.252376565784591 ], [ 142.889912234489941, -20.255460152670828 ], [ 142.867921322480925, -20.274717012144666 ], [ 142.853382798815034, -20.299381684800238 ], [ 142.847727180795601, -20.327034982171512 ], [ 142.850193917315607, -20.345221664889198 ], [ 142.846541500468106, -20.3558693171009 ], [ 142.782674948075368, -20.345217264609719 ], [ 142.77245982183868, -20.339814616682961 ], [ 142.714299881185411, -20.253169734655881 ], [ 142.712444205498684, -20.236157984791966 ], [ 142.704121981512912, -20.207674125156025 ], [ 142.686377521612542, -20.183244581567457 ], [ 142.66112870256373, -20.165503677504979 ], [ 142.631098620036909, -20.156363749661587 ], [ 142.5995225397171, -20.156809775636003 ], [ 142.555382645567846, -20.164312716732965 ], [ 142.527613846440602, -20.117144529053007 ], [ 142.497844309453143, -20.086390923070599 ], [ 142.455882701784873, -20.059393233963387 ], [ 142.427239378002099, -20.04686253834182 ], [ 142.395804522104072, -20.043710518826966 ], [ 142.378654836357839, -20.044650275682709 ], [ 142.357108073543543, -20.036191763974472 ], [ 142.332261542020149, -20.033024123474441 ], [ 142.327913659405567, -20.033541619868036 ], [ 142.315188553922013, -20.027370817150796 ], [ 142.31286653943576, -20.027033422122699 ], [ 142.308369004903255, -20.020318181614634 ], [ 142.290383914693024, -20.000526014656639 ], [ 142.267111597863675, -19.986374077152064 ], [ 142.240494313099418, -19.979043108933059 ], [ 142.240160646064993, -19.979044363568633 ], [ 142.240093136435405, -19.978995900347122 ], [ 142.211258351983645, -19.969605827662996 ], [ 142.189601732281744, -19.966017935765127 ], [ 142.161200412119342, -19.965308884667184 ], [ 142.133819694307078, -19.972416611406661 ], [ 142.114490302504549, -19.983953169316145 ], [ 142.065135344204009, -19.991922484486544 ], [ 142.036864215072285, -20.000889044180511 ], [ 142.012893674782617, -20.017550744178457 ], [ 141.995539303423726, -20.040298863601322 ], [ 141.986480871955337, -20.06693624896063 ], [ 141.98659919272626, -20.094888954258042 ], [ 141.993268883388879, -20.113963273231278 ], [ 141.990986066336319, -20.126836176928041 ], [ 141.990953102871629, -20.129309493414684 ], [ 141.986996825086948, -20.135335376631829 ], [ 141.979966224261005, -20.162913684609734 ], [ 141.982470172065774, -20.191166427021134 ], [ 141.988987468170166, -20.205597594826802 ], [ 141.987945455906498, -20.221406244786959 ], [ 141.988620209464386, -20.228993763715838 ], [ 141.987213157814182, -20.237356396118432 ], [ 141.981563073194735, -20.231405136261213 ], [ 141.934082012326456, -20.194986856517747 ], [ 141.905062330343867, -20.179690565526879 ], [ 141.902359555613174, -20.179269051978814 ], [ 141.876554907470194, -20.14726550105156 ], [ 141.857810886060292, -20.129697046776084 ], [ 141.848174798241985, -20.124660113076906 ], [ 141.838888570782842, -20.107087664208947 ], [ 141.823071498665257, -20.089930296384207 ], [ 141.78646458246908, -20.059090984278978 ], [ 141.768353902980721, -20.047058396816297 ], [ 141.673884010042059, -19.99852506228244 ], [ 141.646386600385, -19.98914517639767 ], [ 141.617151483574219, -19.987955423266467 ], [ 141.588889784205634, -19.995066196001016 ], [ 141.564222929184211, -20.009817675432458 ], [ 141.545440865911246, -20.030840781824917 ], [ 141.53429014353074, -20.056183741439568 ], [ 141.532202631745406, -20.064246159327201 ], [ 141.515875252920722, -20.074137401390313 ], [ 141.49847500037481, -20.092652984242491 ], [ 141.491272833125436, -20.106736032556999 ], [ 141.422586384633746, -20.092212118534277 ], [ 141.395298263507158, -20.065255909065801 ], [ 141.372169720158837, -20.048465619649821 ], [ 141.344717946549338, -20.03897031479725 ], [ 141.315487840030727, -20.037650464259247 ], [ 141.293367200430055, -20.043105409256661 ], [ 141.280791430518548, -20.038662116051853 ], [ 141.249619757472857, -20.032902827925394 ], [ 141.218146323419859, -20.036975310641964 ], [ 141.189809545017141, -20.050434427941234 ], [ 141.167707219263605, -20.071808822173281 ], [ 141.154259262669541, -20.098761105738252 ], [ 141.15348689102774, -20.105651611138622 ], [ 141.149230426088508, -20.112152939171725 ], [ 141.142179079854145, -20.138978126115013 ], [ 141.144168463916657, -20.166538025622806 ], [ 141.15501668443062, -20.192229772176553 ], [ 141.212710993068328, -20.284123785735598 ], [ 141.214383475114005, -20.300921594974433 ], [ 141.227603176328728, -20.338698476969949 ], [ 141.240725654430122, -20.35918259857095 ], [ 141.240238978911748, -20.365470765402417 ], [ 141.247023655141362, -20.392079186514376 ], [ 141.262080547655756, -20.41554781945073 ], [ 141.26814076751441, -20.420563523178416 ], [ 141.278014500986359, -20.446830927418517 ], [ 141.296501601998727, -20.469316847660611 ], [ 141.315351002366242, -20.481336696102186 ], [ 141.32624143540653, -20.492302333243153 ], [ 141.366046454015731, -20.522389915043416 ], [ 141.34884905218243, -20.551363595559636 ], [ 141.338309113042357, -20.579016587975964 ], [ 141.337902897353501, -20.608355319074384 ], [ 141.347681016243541, -20.636248137884991 ], [ 141.380782408956179, -20.695446897153023 ], [ 141.379055684676928, -20.783299949114241 ], [ 141.380405972102153, -20.799982431466486 ], [ 141.389308328540523, -20.848607878489407 ], [ 141.334902959500141, -20.943517528824085 ], [ 141.325815370364808, -20.96640638848211 ], [ 141.323987208469219, -20.987495679369708 ], [ 141.296289156476405, -21.023321523810502 ], [ 141.284140356224043, -21.044546162545601 ], [ 141.278502069818302, -21.067995630961537 ], [ 141.277046362276991, -21.083835248399946 ], [ 141.258668411109511, -21.120270211998847 ], [ 141.254954963627455, -21.122580359745676 ], [ 141.236734573113381, -21.14349854360232 ], [ 141.226018581185713, -21.168470902760031 ], [ 141.221141793450897, -21.187938392400387 ], [ 141.207613291558999, -21.204462352357613 ], [ 141.155586564203361, -21.292295937469888 ], [ 141.150661983284806, -21.304198619045792 ], [ 141.143120257839968, -21.312372359231045 ], [ 141.141830917932197, -21.314362419865848 ], [ 141.137627275771905, -21.315752289972021 ], [ 141.112818710118034, -21.333963147814178 ], [ 141.098280922404456, -21.348800502506645 ], [ 141.084493608565225, -21.366950178219788 ], [ 141.075945816015491, -21.38766755746828 ], [ 141.067265398155655, -21.420393559819569 ], [ 141.065751845329487, -21.420148523944839 ], [ 141.047316337337605, -21.422727244243365 ], [ 141.028542238395517, -21.375622307458759 ], [ 141.033477610611982, -21.357834048037127 ], [ 141.03299114938676, -21.333747976164741 ], [ 141.027570493822367, -21.301346698131081 ], [ 141.037968837863389, -21.275001880963824 ], [ 141.043510883584531, -21.251670854693547 ], [ 141.042194394673402, -21.227813965924764 ], [ 141.034116766041421, -21.205123204042192 ], [ 141.015154203867382, -21.168946288903893 ], [ 141.020755710485162, -21.106980577091779 ], [ 141.019803269536681, -21.093649917829815 ], [ 141.022023549771745, -21.092426716202336 ], [ 141.041975932550685, -21.071384270749363 ], [ 141.053945765696966, -21.045667231778651 ], [ 141.054348336827871, -21.041695246159275 ], [ 141.060008288121224, -21.036250401064873 ], [ 141.072709338992979, -21.01382980640788 ], [ 141.086219741797038, -20.978620857627838 ], [ 141.091764574014377, -20.951415874903425 ], [ 141.088102955315435, -20.923936934519546 ], [ 141.075589397104494, -20.898799007172048 ], [ 141.055418971568713, -20.878393097402036 ], [ 141.029512079765368, -20.864659289504463 ], [ 141.000331470266616, -20.858902901452534 ], [ 140.993119228320779, -20.859576081919066 ], [ 140.990957147820978, -20.85790224429439 ], [ 140.989297886247954, -20.857320751219554 ], [ 140.990932031024727, -20.835570035763698 ], [ 140.9884649304893, -20.804083065588792 ], [ 140.982313659154471, -20.778454864642061 ], [ 140.968447518797149, -20.755574233745875 ], [ 140.948055526328432, -20.737397063318898 ], [ 140.93439993023344, -20.730931587067239 ], [ 140.933554922069419, -20.722983683179667 ], [ 140.920762382309647, -20.696546277783323 ], [ 140.89958317561792, -20.675273045942507 ], [ 140.849973455633659, -20.639307763694294 ], [ 140.825390669586, -20.62635053414407 ], [ 140.819666240692129, -20.625149752868552 ], [ 140.819999959649721, -20.623234144897971 ], [ 140.820282728368625, -20.596223319539234 ], [ 140.811925077150164, -20.570354530209183 ], [ 140.795687924932935, -20.547967155874552 ], [ 140.773042466510276, -20.531084836245704 ], [ 140.746036317225503, -20.521233043778043 ], [ 140.71710869719476, -20.519301758633091 ], [ 140.688871217962628, -20.525465428126413 ], [ 140.6880817768388, -20.525760018247809 ], [ 140.683080513637663, -20.524832815385508 ], [ 140.670265437326265, -20.510313002080839 ], [ 140.643882928409255, -20.489500633030381 ], [ 140.639836618708131, -20.488157790232066 ], [ 140.627500229313313, -20.478813746021942 ], [ 140.627457915690968, -20.478790679559214 ], [ 140.61492805025091, -20.458598929605895 ], [ 140.591309901033441, -20.439315198537933 ], [ 140.562302065750572, -20.428127081938843 ], [ 140.530978801026265, -20.426220470218894 ], [ 140.529065987911792, -20.426698701407293 ], [ 140.503842764666359, -20.420473642626646 ], [ 140.479184450503794, -20.422093821577775 ], [ 140.465143303863471, -20.407852996181628 ], [ 140.438735571058885, -20.394019871090872 ], [ 140.425583799937527, -20.391582541610642 ], [ 140.425993872962948, -20.388087705546234 ], [ 140.419689213377694, -20.360290110249892 ], [ 140.404401728842572, -20.335716757408896 ], [ 140.40306167715454, -20.334603574778022 ], [ 140.403905555577921, -20.331674933878411 ], [ 140.403854924888236, -20.307957242387818 ], [ 140.397485066290727, -20.263941381139372 ], [ 140.415721073663661, -20.220735005418955 ], [ 140.422295147351491, -20.192382141963293 ], [ 140.418863543109268, -20.163547342648553 ], [ 140.414391259909593, -20.154547227578664 ], [ 140.420697263913894, -20.131972887096598 ], [ 140.417741844362297, -20.101219853735561 ], [ 140.403842601370116, -20.073213856942427 ], [ 140.393156545190806, -20.058819980318148 ], [ 140.371762585386591, -20.038088971518498 ], [ 140.344466831466718, -20.024756417523452 ], [ 140.328732411986749, -20.022393934922327 ], [ 140.322119523805014, -20.015358306600131 ], [ 140.307361900978719, -20.007262157269906 ], [ 140.318472235344359, -19.900851716490958 ], [ 140.317710336388387, -19.880322934114176 ], [ 140.329910654930217, -19.86510151758263 ], [ 140.339544145077895, -19.840526679236682 ], [ 140.353884658449005, -19.776190403331459 ], [ 140.354943143173728, -19.745001849247906 ], [ 140.344749302389744, -19.715787413221598 ], [ 140.349675518567778, -19.707351363684271 ], [ 140.355053329164434, -19.678241342563304 ], [ 140.350108208361945, -19.649061934731638 ], [ 140.349301888522916, -19.646796319395399 ], [ 140.353718161771468, -19.630918263847047 ], [ 140.354967445563375, -19.590478019066143 ], [ 140.338116513087243, -19.511273385480319 ], [ 140.344087530652502, -19.504538328279601 ], [ 140.359621232957636, -19.479889365214387 ], [ 140.366135341403123, -19.451889486916926 ], [ 140.362975434059166, -19.423378355924431 ], [ 140.350468331632413, -19.39724605927298 ], [ 140.346789785297119, -19.393474734622611 ], [ 140.345922768512281, -19.383723487651711 ], [ 140.331942530056608, -19.355260034023438 ], [ 140.308463797126905, -19.333041042858476 ], [ 140.266774866844003, -19.305419896489699 ], [ 140.240557334821347, -19.293201804494245 ], [ 140.211652981578709, -19.289041206125408 ], [ 140.18276933522273, -19.293328046349679 ], [ 140.156611996654192, -19.305660547962027 ], [ 140.135632724284335, -19.324882701730203 ], [ 140.113500290428732, -19.352549387341305 ], [ 140.097433163764407, -19.383656091996247 ], [ 140.094989160532805, -19.418176556740121 ], [ 140.105824296850017, -19.498287847530875 ], [ 140.093768077944134, -19.557584457920303 ], [ 140.092246237630093, -19.580092708154318 ], [ 140.095580124570262, -19.630522480395879 ], [ 140.089518198332968, -19.632345957891644 ], [ 140.086638246293234, -19.61889113104305 ], [ 140.072145313948141, -19.594524852963506 ], [ 140.055785223169295, -19.580205312349648 ], [ 140.058581094533281, -19.560580670876167 ], [ 140.052038160882631, -19.530931300884049 ], [ 140.035423918683477, -19.50499912934378 ], [ 140.010622572475768, -19.485717107362245 ], [ 140.00262557488, -19.482948688779651 ], [ 139.990875076142032, -19.468091266059112 ], [ 139.969026428177642, -19.45264337542277 ], [ 139.950789836191859, -19.446231490590471 ], [ 139.938009750473952, -19.421138657002913 ], [ 139.925969011888185, -19.403248417142464 ], [ 139.909829934959134, -19.388502988833718 ], [ 139.90280471963888, -19.383447842858171 ], [ 139.898881813927119, -19.368364625019794 ], [ 139.886630380654765, -19.341357851909716 ], [ 139.865821212626457, -19.319502760627252 ], [ 139.839660630153958, -19.305647765620119 ], [ 139.838792292515365, -19.301336855240336 ], [ 139.82572493306165, -19.277846594697174 ], [ 139.805977948897635, -19.258965376238724 ], [ 139.788766247881398, -19.250166011954079 ], [ 139.779458228234887, -19.231415188285727 ], [ 139.75959699151619, -19.211125485482871 ], [ 139.738769534949824, -19.199944615618172 ], [ 139.735366162830474, -19.195914446031686 ], [ 139.746540349396923, -19.176403931063483 ], [ 139.751946142264501, -19.148794475157693 ], [ 139.748095146034018, -19.120951521860057 ], [ 139.740917706610219, -19.106645194996062 ], [ 139.741322446186587, -19.10321701227365 ], [ 139.736115223453282, -19.07701558314799 ], [ 139.723032978606426, -19.053399882555482 ], [ 139.708061049419371, -19.039067516080546 ], [ 139.708816237736698, -19.037301397533248 ], [ 139.7107186790914, -19.008453129913207 ], [ 139.702875374175477, -18.980516663702875 ], [ 139.686099012591086, -18.956364846259682 ], [ 139.662118111848883, -18.938480235895149 ], [ 139.637262535922105, -18.930016897259385 ], [ 139.63488085785005, -18.866559618276437 ], [ 139.628872795502815, -18.838071154660351 ], [ 139.613626000233012, -18.81287070389644 ], [ 139.590727195523897, -18.793573267839793 ], [ 139.562553521551308, -18.782180558700009 ], [ 139.532026006166319, -18.779874033242521 ], [ 139.493108879869936, -18.782912390843475 ], [ 139.478563176102654, -18.773156229056415 ], [ 139.451583712772759, -18.764794562505813 ], [ 139.42320652401898, -18.764361392250724 ], [ 139.395957812498807, -18.771895304754796 ], [ 139.377378375473626, -18.780049772491839 ], [ 139.338886380427823, -18.76576838058913 ], [ 139.31038787999691, -18.759756061214887 ], [ 139.281310981788323, -18.762232507507317 ], [ 139.254394826533144, -18.772964285609227 ], [ 139.235504472451225, -18.78824769146998 ], [ 139.233929949332008, -18.766934607451898 ], [ 139.223865043222588, -18.742053441239481 ], [ 139.222342192498417, -18.74020301579607 ], [ 139.225780430962516, -18.720438002900451 ], [ 139.221776905829898, -18.69343424976184 ], [ 139.216424752562915, -18.676497677467406 ], [ 139.202577727397312, -18.649771810572837 ], [ 139.180330310550602, -18.62878418348286 ], [ 139.152108976197212, -18.615821517857629 ], [ 139.120987330620181, -18.612295774460691 ], [ 139.099954864084339, -18.613237322245098 ], [ 139.093349717341596, -18.600508913204163 ], [ 139.07287644003344, -18.580415674790775 ], [ 139.046919271935792, -18.567247021563688 ], [ 139.01797109649138, -18.562267696854928 ], [ 139.000254306975961, -18.564509228754098 ], [ 138.996863564193177, -18.558894129977919 ], [ 138.970762549764402, -18.538375155256851 ], [ 138.963518688708035, -18.534508311803478 ], [ 138.984900113850017, -18.516345205318988 ], [ 139.005449326929579, -18.491423468030469 ], [ 139.015674966569293, -18.461275274794012 ], [ 139.01432366925539, -18.429618187087009 ], [ 139.001570575212043, -18.400353852879771 ], [ 138.989952054255809, -18.38307625812968 ], [ 138.969506790929074, -18.361387677221408 ], [ 138.942880356583942, -18.347036251339336 ], [ 138.927652954782559, -18.344238998800272 ], [ 138.907951110388552, -18.324773431698372 ], [ 138.882716508528318, -18.311668328472539 ], [ 138.854524545697075, -18.306380074779188 ], [ 138.838185617800605, -18.30810589223729 ], [ 138.825338664509133, -18.300956343005556 ], [ 138.815131643063665, -18.299215242993721 ], [ 138.801507799446881, -18.286119948241378 ], [ 138.775965957574613, -18.273329187725672 ], [ 138.747574655268807, -18.26846695121414 ], [ 138.703372837361826, -18.267416727635521 ], [ 138.672143771026441, -18.271684567094077 ], [ 138.64411499701788, -18.28550244946884 ], [ 138.589473204654411, -18.324636864956123 ], [ 138.569079106240395, -18.344610472421984 ], [ 138.55604297602838, -18.369560795439618 ], [ 138.554195584698306, -18.381047120686251 ], [ 138.553342122775433, -18.381720194729365 ], [ 138.53662762282903, -18.409108384811354 ], [ 138.510737133154549, -18.476563182396799 ], [ 138.505692183863658, -18.496448480544029 ], [ 138.49943027648527, -18.544487638401684 ], [ 138.500188286034017, -18.571466845800646 ], [ 138.50124917636947, -18.574441361652621 ], [ 138.49104907450959, -18.585017866294613 ], [ 138.486733546203766, -18.593410537847138 ], [ 138.478908542686099, -18.59077109255654 ], [ 138.451565878830138, -18.58943119882856 ], [ 138.367647280875588, -18.596860940287588 ], [ 138.329389357235272, -18.577979915389701 ], [ 138.302371537873285, -18.569235795018397 ], [ 138.024413736701661, -18.521601574322332 ], [ 137.998017282872325, -18.520604154939228 ], [ 137.972354109387567, -18.526568990072978 ], [ 137.877123940440896, -18.562631432818794 ], [ 137.851174751957757, -18.577369178165569 ], [ 137.831409871373609, -18.599116409784102 ], [ 137.819836491618901, -18.625667794051473 ], [ 137.818209856576203, -18.646837263342764 ], [ 137.788901270488452, -18.650828547578843 ], [ 137.760104545533466, -18.659341277198855 ], [ 137.735564840634794, -18.676000548364357 ], [ 137.698307374944108, -18.710986512333456 ], [ 137.613411235937036, -18.740835585744666 ], [ 137.560900846971634, -18.724002507382927 ], [ 137.533684807874408, -18.719304851488271 ], [ 137.506196863284998, -18.722245899135288 ], [ 137.492632621250465, -18.725646797915893 ], [ 137.434811134667257, -18.68479875618468 ], [ 137.403529590644752, -18.67024353307826 ], [ 137.301581384855041, -18.643275731399488 ], [ 137.274358793503751, -18.625734589010722 ], [ 137.249120346048727, -18.614206590967946 ], [ 137.22144374674221, -18.610175105839577 ], [ 137.19373329961175, -18.613990561993962 ], [ 137.192296702215373, -18.61440073479503 ], [ 137.190610284797742, -18.613439790307702 ], [ 137.164438833193714, -18.603200032823352 ], [ 137.136256663397035, -18.60074662361377 ], [ 137.108565122620433, -18.606297455561634 ], [ 137.101397441349491, -18.608841566056658 ], [ 137.058708766364987, -18.588284753609514 ], [ 137.018304682254893, -18.578567379251979 ], [ 136.96718000175855, -18.577271034404802 ], [ 136.936794937799476, -18.581205622252551 ], [ 136.920615705586727, -18.585922130444786 ], [ 136.892723695384717, -18.599135996031208 ], [ 136.870831181422147, -18.620223500942789 ], [ 136.857299710226869, -18.646912383550813 ], [ 136.853593303965454, -18.676325675983598 ], [ 136.860118685177753, -18.705291252666875 ], [ 136.867432145702196, -18.722891749787848 ], [ 136.884668749680515, -18.749563735420768 ], [ 136.992890102988582, -18.865402644796951 ], [ 136.995037522173931, -18.884029734625532 ], [ 136.990196642276999, -18.889573463260099 ], [ 136.772325982790818, -18.894858304105419 ], [ 136.792787184579254, -18.872425384753683 ], [ 136.807841819609337, -18.849867758426029 ], [ 136.815265002720793, -18.82411749036881 ], [ 136.814410495151037, -18.797433016156742 ], [ 136.778257894349366, -18.60748427817953 ], [ 136.776132606324666, -18.59878430980277 ], [ 136.756311687996515, -18.532639155887857 ], [ 136.742611388260514, -18.505361911905208 ], [ 136.723750063457317, -18.487300558853669 ], [ 136.723769163541988, -18.487113700536927 ], [ 136.718488437702064, -18.461470782577123 ], [ 136.711151396563395, -18.441647272617352 ], [ 136.695626680707846, -18.415086384498061 ], [ 136.671731308118865, -18.394936971109622 ], [ 136.642175463294535, -18.383482645748273 ], [ 136.627483278693859, -18.380392380217351 ], [ 136.601238977068704, -18.347133880317504 ], [ 136.627171805658065, -18.26377614184825 ], [ 136.629886672822494, -18.22382520928684 ], [ 136.619510306605974, -18.161942362247231 ], [ 136.612219823744653, -18.13883282897833 ], [ 136.598786874076467, -18.118390905557927 ], [ 136.58017252618032, -18.102075426497453 ], [ 136.465355554034886, -18.025556981505876 ], [ 136.474048691041503, -18.0091119735775 ], [ 136.509488362143429, -17.98318082874923 ], [ 136.528663943299023, -17.964313426921265 ], [ 136.541339472355105, -17.940954254199475 ], [ 136.546442156305631, -17.915086896553298 ], [ 136.549724192987782, -17.837469569730132 ], [ 136.546717813809806, -17.810882149429808 ], [ 136.535731901393405, -17.786299386280835 ], [ 136.517731636080811, -17.765871815170499 ], [ 136.414534192154377, -17.678812724739565 ], [ 136.399180366301806, -17.668261683106135 ], [ 136.348820584908424, -17.640504337976019 ], [ 136.358522871561206, -17.595783960764425 ], [ 136.36040888447323, -17.573300293546797 ], [ 136.356449303162378, -17.551065807431129 ], [ 136.346708924876992, -17.52018654415431 ], [ 136.336115378148861, -17.497964739002189 ], [ 136.319728417644001, -17.479280022816678 ], [ 136.284621317319022, -17.448763795302419 ], [ 136.259026582926538, -17.432896171797704 ], [ 136.229510718341317, -17.425729374751786 ], [ 136.067763380494995, -17.412437905617587 ], [ 136.030492550401533, -17.416585832970402 ], [ 135.935695397324054, -17.446378149030149 ], [ 135.841172504398173, -17.443767393503183 ], [ 135.817643009475489, -17.445969990288333 ], [ 135.795426197809235, -17.453750397565926 ], [ 135.754125321733653, -17.474180671063746 ], [ 135.730064296392214, -17.491203570965549 ], [ 135.712757750892848, -17.514624214503037 ], [ 135.687937113793538, -17.562961275970771 ], [ 135.678694027960859, -17.59381410170425 ], [ 135.681244998678409, -17.625824275278088 ], [ 135.695277293398618, -17.654958344721578 ], [ 135.701083409343539, -17.662905541122047 ], [ 135.698130105487621, -17.671507843000494 ], [ 135.685616772776399, -17.680730642339476 ], [ 135.623748793029449, -17.697482661181059 ], [ 135.585971667724806, -17.692048547761388 ], [ 135.55624072747338, -17.692319869218945 ], [ 135.529865850427512, -17.700887633581839 ], [ 135.491061602260146, -17.688638792546513 ], [ 135.463287344227211, -17.684121326558053 ], [ 135.435363258345717, -17.68768632179631 ], [ 135.383473103766875, -17.702118774383369 ], [ 135.215987744754671, -17.682636267999165 ], [ 135.184944084308199, -17.683959851281593 ], [ 135.156034659157712, -17.694904425685213 ], [ 135.132401441316063, -17.714280083245214 ], [ 135.118007971996661, -17.737714291494409 ], [ 135.113846610178598, -17.739841358134292 ], [ 135.087667207048185, -17.759622082378286 ], [ 135.078000583628182, -17.774802419936169 ], [ 135.051822930387658, -17.774664749906133 ], [ 134.955494340460945, -17.790191445361529 ], [ 134.883451675789303, -17.74527371840432 ], [ 134.84714534792937, -17.731811992217079 ], [ 134.798872246207907, -17.724287345723255 ], [ 134.790783838751622, -17.700319962414479 ], [ 134.773269570511388, -17.677261474684091 ], [ 134.749149451274604, -17.660587118708108 ], [ 134.720823969602009, -17.651955841240504 ], [ 134.69110936704098, -17.652226206214515 ], [ 134.662959107483459, -17.661371321842299 ], [ 134.580432794820126, -17.703047940092389 ], [ 134.554800783386099, -17.721999320224818 ], [ 134.53735340326719, -17.748152980363702 ], [ 134.536915777914629, -17.749993209490924 ], [ 134.484339112928325, -17.759421895574334 ], [ 134.466059126585378, -17.748797249068144 ], [ 134.435677098183874, -17.742478976903442 ], [ 134.424535729823702, -17.743744498122524 ], [ 134.4140851091461, -17.739120338581209 ], [ 134.407689747172412, -17.706026230604298 ], [ 134.411431888302786, -17.668737091110732 ], [ 134.410852348529062, -17.646832425561943 ], [ 134.404805964692144, -17.625703223678556 ], [ 134.353642820489966, -17.505870625533127 ], [ 134.349640359802606, -17.472710751235823 ], [ 134.343557545500516, -17.449574493004238 ], [ 134.331405096543904, -17.42877160963879 ], [ 134.270409922999022, -17.350562487476328 ], [ 134.251217617052134, -17.332181266698708 ], [ 134.18781898288259, -17.286859232725565 ], [ 134.160657568282119, -17.273388579999267 ], [ 134.130452814570447, -17.269033334965549 ], [ 134.111349059570102, -17.272352309041803 ], [ 134.09086993917677, -17.253650804527204 ], [ 134.069895063269428, -17.239191574520799 ], [ 134.045637256682738, -17.230779361821121 ], [ 133.971881262851099, -17.215785133621797 ], [ 133.940017677407326, -17.214637745036121 ], [ 133.909592696463477, -17.223847948238536 ], [ 133.884114070267856, -17.24235335082912 ], [ 133.842058295713315, -17.285458535939661 ], [ 133.825268915725758, -17.309371938628022 ], [ 133.817139758798277, -17.337163814067527 ], [ 133.810863042624817, -17.389664920800836 ], [ 133.800199773149529, -17.389657306070028 ], [ 133.77512626090757, -17.396536296210982 ], [ 133.752976127142858, -17.409782470070745 ], [ 133.728796615495924, -17.42918241095806 ], [ 133.672112567171865, -17.433128855571045 ], [ 133.633753619747267, -17.416327335932198 ], [ 133.605441842658593, -17.356043918346334 ], [ 133.594288981257023, -17.298448682206722 ], [ 133.582980290343272, -17.269250229512636 ], [ 133.5341419720516, -17.188862332655336 ], [ 133.508600902539513, -17.095198366428317 ], [ 133.471204616199003, -16.949261025462679 ], [ 133.483926556016286, -16.91796089916566 ], [ 133.490319561601495, -16.88053622560512 ], [ 133.485049566618841, -16.77171667550353 ], [ 133.48027778098654, -16.74706896735038 ], [ 133.468730469037212, -16.724629805028595 ], [ 133.451293657405216, -16.706115025807431 ], [ 133.435549353162315, -16.693458517679534 ], [ 133.407530738079942, -16.677943728215876 ], [ 133.375750424347814, -16.672596207411896 ], [ 133.343989749849896, -16.678052662490945 ], [ 133.265209850659033, -16.705811639116771 ], [ 133.239843224259801, -16.719368511400006 ], [ 133.219965681852727, -16.739806624588844 ], [ 133.207486763285374, -16.765164728438364 ], [ 133.205073034470644, -16.773014057080722 ], [ 133.154451750331759, -16.800586387162998 ], [ 133.02009533414406, -16.824131417645006 ], [ 132.993382362752612, -16.832991624870516 ], [ 132.970609127581895, -16.849169029777279 ], [ 132.953849264178785, -16.871191024480527 ], [ 132.944631655841334, -16.897052404754199 ], [ 132.931244561619621, -16.967874010758702 ], [ 132.930466416863823, -16.995649749454635 ], [ 132.93842705881741, -17.022345223868793 ], [ 132.954382632803117, -17.045448880648042 ], [ 132.976834755919356, -17.062786267696435 ], [ 132.995037887510932, -17.072857754401713 ], [ 132.98745579893108, -17.101340848236386 ], [ 132.990617604377434, -17.132647842212158 ], [ 133.004677743921832, -17.161018566832251 ], [ 133.027945382610795, -17.183028892167187 ], [ 133.077903533372137, -17.216042925137693 ], [ 133.100663437317991, -17.226377214289695 ], [ 133.094783828314291, -17.25397960637893 ], [ 133.098271693202975, -17.28260196923274 ], [ 133.124411450642498, -17.371236495760527 ], [ 133.138982481794244, -17.399952225631107 ], [ 133.163016033136103, -17.421992911218062 ], [ 133.267449396425235, -17.488277031066652 ], [ 133.304166676793386, -17.530381551433244 ], [ 133.299741587760508, -17.540455382362602 ], [ 133.297427584399486, -17.569481723274198 ], [ 133.304824513348166, -17.597709282194327 ], [ 133.316991451366192, -17.624724180892834 ], [ 133.226142772250142, -17.713393902182851 ], [ 133.203455991636531, -17.749528069895998 ], [ 133.158275996309925, -17.886129147246926 ], [ 133.154924613149092, -17.927018102178305 ], [ 133.165358302048332, -17.99283790857227 ], [ 133.174855653636712, -18.020805943603413 ], [ 133.193244027493392, -18.044370744099833 ], [ 133.214074648173096, -18.063531958163896 ], [ 133.057905424975701, -18.160514553816622 ], [ 133.044646462676354, -18.170440530250062 ], [ 132.816151037574713, -18.374759932297611 ], [ 132.802834032871885, -18.380004872212947 ], [ 132.698393407481291, -18.376622285365368 ], [ 132.387330323568875, -18.306286644603304 ], [ 132.377215820660609, -18.304533227713698 ], [ 132.227117054267694, -18.286382511384236 ], [ 132.216184891989002, -18.285663739576041 ], [ 131.252920025779076, -18.272147801048355 ], [ 130.500259763132192, -18.133850353699994 ], [ 130.279355880361038, -18.072045980113927 ], [ 130.257734978220043, -18.068510860831644 ], [ 130.145802540348654, -18.062774486445143 ], [ 130.111705837560748, -18.066999244437415 ], [ 129.958711376042345, -18.114027158406738 ], [ 129.936628660286516, -18.123959450579658 ], [ 129.821055142609111, -18.194539541271993 ], [ 129.803478032833254, -18.208362057331506 ], [ 129.509369209430787, -18.501935512843819 ], [ 129.458241209668955, -18.544242197518674 ], [ 129.389099090577844, -18.572736342977773 ], [ 129.273074968658847, -18.580982993923893 ], [ 129.123852069991813, -18.552958162133496 ], [ 129.094713186196174, -18.551812185032176 ], [ 128.988558824515451, -18.563217947971474 ], [ 128.959577869233613, -18.5708807157006 ], [ 128.934570447004489, -18.586781581496382 ], [ 128.915535707022457, -18.603587846978193 ], [ 128.898662009103788, -18.604180126487133 ], [ 128.859228531628048, -18.58714114361544 ], [ 128.832726918940921, -18.579868858713333 ], [ 128.813973452419333, -18.580058275778192 ], [ 128.813859002210847, -18.579812479947904 ], [ 128.795909389320371, -18.559894332298029 ], [ 128.772698976118534, -18.545724571834377 ], [ 128.746187965170492, -18.538499655526742 ], [ 128.682132163131257, -18.530317576164112 ], [ 128.656084644402284, -18.530415370248932 ], [ 128.631045433410378, -18.537246666438044 ], [ 128.499647415825251, -18.592518611757541 ], [ 128.468905858252185, -18.613184920695247 ], [ 128.416489400931198, -18.666024520751645 ], [ 128.32650545617372, -18.686701639156706 ], [ 128.303827614789355, -18.694934076456704 ], [ 128.284084675534757, -18.708355366823252 ], [ 128.234420997678313, -18.752207649087573 ], [ 128.212125762957868, -18.781970027598671 ], [ 128.18648123935364, -18.837285965377635 ], [ 128.182557939636212, -18.839844444331742 ], [ 128.161282130031566, -18.858896146413962 ], [ 128.147118434946833, -18.883176967915915 ], [ 128.141411622763883, -18.91038864848742 ], [ 128.139391030182225, -18.956243080339103 ], [ 128.128512140315422, -18.972896527021824 ], [ 128.118787658224676, -18.992882828572167 ], [ 128.114466528822334, -19.014503276487776 ], [ 128.11378118381009, -19.024528027595903 ], [ 128.112171527291139, -19.025291347855127 ], [ 128.090107251652995, -19.046691781900705 ], [ 128.083235978033485, -19.060505722572501 ], [ 128.054570361820595, -19.065422030163372 ], [ 128.037672693387094, -19.074009565637514 ], [ 128.027776259853198, -19.071717834800179 ], [ 127.997995553200298, -19.073821396878557 ], [ 127.970362767383151, -19.084537209207408 ], [ 127.947589099334408, -19.102813637818635 ], [ 127.859594561284354, -19.199540934632662 ], [ 127.772751245704441, -19.260622048965935 ], [ 127.700660718668175, -19.288272343268535 ], [ 127.673387731436691, -19.304209275282268 ], [ 127.653243363477017, -19.327768699106123 ], [ 127.642505107035078, -19.356291485421352 ], [ 127.641415669332972, -19.362191941292288 ], [ 127.602816473026479, -19.34261762925604 ], [ 127.583725554730265, -19.271420664054883 ], [ 127.570920332660705, -19.243978031250045 ], [ 127.549288934808743, -19.222020987157514 ], [ 127.521229743089435, -19.207980943495535 ], [ 127.489848919036305, -19.203412145993333 ], [ 127.328828758595762, -19.205474832530548 ], [ 127.313598684014607, -19.206818809064099 ], [ 126.916828958101078, -19.271832331471497 ], [ 126.802306481152485, -19.270309536390222 ], [ 126.698208713743966, -19.238384567242413 ], [ 126.66796076672378, -19.233965765262749 ], [ 126.647427162499099, -19.234109962608475 ], [ 126.635272388618304, -19.206646914697178 ], [ 126.613217897199348, -19.183845906409545 ], [ 126.584313993183457, -19.169416614069004 ], [ 126.551954018719101, -19.165053066410469 ], [ 126.410048921156331, -19.169058138686154 ], [ 126.401338299829632, -19.166196860432855 ], [ 126.330937501929583, -19.114146886817302 ], [ 126.308125393707243, -19.101643189932659 ], [ 126.282565787492942, -19.095524719258126 ], [ 126.25621197327203, -19.096259273244595 ], [ 126.163176984035147, -19.111161171475786 ], [ 126.139543247150129, -19.118009875201661 ], [ 126.118563786321289, -19.130371635608814 ], [ 126.032310089542946, -19.197233408607296 ], [ 125.998395173879558, -19.207818897076624 ], [ 125.932502420846262, -19.191164596376371 ], [ 125.908207799295496, -19.188095922464804 ], [ 125.883887210358381, -19.19097502960004 ], [ 125.756471282811262, -19.222083590411678 ], [ 125.503585925995594, -19.212211610747168 ], [ 125.466957603625957, -19.2175496519863 ], [ 125.368183161186977, -19.251395856899329 ], [ 125.29017612996573, -19.225479979795715 ], [ 125.269865226856979, -19.221005911886795 ], [ 125.172592045547063, -19.209922106429065 ], [ 125.093374198224268, -19.185089041095853 ], [ 125.071075532102455, -19.16433634877815 ], [ 125.046623967569531, -19.147846437564219 ], [ 124.856461174016459, -19.058214441332211 ], [ 124.858424696277325, -19.055894732078649 ], [ 124.872673779327371, -19.032643244023362 ], [ 124.879037863859182, -19.006447686328237 ], [ 124.881780904815443, -18.972466913939058 ], [ 124.878333627243848, -18.940632029886306 ], [ 124.863364159468006, -18.911941425716375 ], [ 124.777868097860306, -18.802425172695351 ], [ 124.758283197095139, -18.783765959765354 ], [ 124.700147392318001, -18.742578785895486 ], [ 124.668644796746648, -18.727915027369001 ], [ 124.618828630416502, -18.714801142626865 ], [ 124.613462866526788, -18.698857917655683 ], [ 124.596200692271864, -18.67600622722005 ], [ 124.572373604422253, -18.659311344546893 ], [ 124.544296790529032, -18.650394773203654 ], [ 124.514695604571997, -18.65012235822168 ], [ 124.486442403843796, -18.658520550486099 ], [ 124.47733121856983, -18.6646503475062 ], [ 124.473305106541645, -18.664198045864907 ], [ 124.437845407909236, -18.67360761654691 ], [ 124.259234973473085, -18.759045483209235 ], [ 124.09269335512667, -18.783333680509866 ], [ 124.089213237412793, -18.784384062253867 ], [ 124.078730736015757, -18.783767818484073 ], [ 124.048944058342258, -18.791409478026079 ], [ 124.03386091560229, -18.79791961790098 ], [ 124.031079160209288, -18.797527631924584 ], [ 124.013410390210993, -18.800350953505788 ], [ 123.996844887167697, -18.786075887892881 ], [ 123.969715215729096, -18.774482244379509 ], [ 123.778649390882549, -18.724910514738895 ], [ 123.742872116703523, -18.722266690291505 ], [ 123.708610977109586, -18.732404327940721 ], [ 123.692245917244648, -18.74072992751881 ], [ 123.669493835137828, -18.756871533798279 ], [ 123.652779866594145, -18.778672354535082 ], [ 123.652648926216045, -18.779036349408717 ], [ 123.651721341668775, -18.779589144501792 ], [ 123.637802663402127, -18.795943309426036 ], [ 123.628104731881692, -18.798002068173368 ], [ 123.603530786699778, -18.811524459035045 ], [ 123.598393704411791, -18.810712490966008 ], [ 123.563756066034642, -18.811303145884246 ], [ 123.531636851256934, -18.823620046577915 ], [ 123.511640063588871, -18.835702153232781 ], [ 123.479275708943945, -18.828414878743679 ], [ 123.346215858563255, -18.824910929808091 ], [ 123.340421924908398, -18.807923284768183 ], [ 123.325230424456322, -18.780577824662753 ], [ 123.301204657107249, -18.759702161084309 ], [ 123.283068566209636, -18.74868631683178 ], [ 123.25513066696432, -18.737205839681145 ], [ 123.224803942650837, -18.734696573150163 ], [ 123.164195045783842, -18.738940131998859 ], [ 123.154620977039883, -18.740074282098266 ], [ 122.724956517126671, -18.811418110427056 ], [ 122.70537701275272, -18.816734352417541 ], [ 122.252780491288803, -18.990170579922729 ], [ 122.242925686453532, -18.994559436144129 ], [ 122.00631823807143, -19.115680500907455 ], [ 121.986679225377884, -19.128994456315766 ], [ 121.827335869190762, -19.268807432925652 ], [ 121.807793335064673, -19.292879630762886 ], [ 121.761685209718067, -19.375433726954434 ], [ 121.751227911490403, -19.407662778081946 ], [ 121.754074029678762, -19.441256312188496 ], [ 121.774707298994471, -19.512015781001459 ], [ 121.788182701524093, -19.539253231450861 ], [ 121.810438099374167, -19.560794118999841 ], [ 121.874820458154602, -19.605086567395031 ], [ 121.874029441962961, -19.610440026881474 ], [ 121.852608677583035, -19.611658947478869 ], [ 121.425283429462255, -19.585149253338862 ], [ 121.415159878884651, -19.585009926163981 ], [ 121.3693873398053, -19.586651045029473 ], [ 121.346246411892622, -19.590178704320792 ], [ 121.324709460170311, -19.598890897683528 ], [ 121.302902013076547, -19.610875457935823 ], [ 121.235500350794723, -19.61238496662077 ], [ 121.204313687716805, -19.618029878225077 ], [ 121.176803140781985, -19.632956894511519 ], [ 121.156397096272386, -19.655088354851443 ], [ 121.143697854019365, -19.650661423147842 ], [ 121.109029207740292, -19.65095249485158 ], [ 121.096473721435743, -19.65323293893579 ] ] ] } }
]
}
