{
"type": "FeatureCollection",
"name": "north_aus_tropical_savanna_smooth1km",
"crs": { "type": "name", "properties": { "name": "urn:ogc:def:crs:EPSG::3577" } },
"features": [
{ "type": "Feature", "properties": { "OBJECTID": 12, "CMZ_ID": 12, "CM_ZONE": "North Australian Tropical Savanna Woodlands", "CMZ_AREA_SQ_KM": 1315554.05192874, "SHAPEAREA": 111.38838373954, "SHAPELEN": 375.66967707918002, "area_km2": 1298378 }, "geometry": { "type": "Polygon", "coordinates": [ [ [ 1180308.685584073420614, -1171426.270842987345532 ], [ 1176107.253732991870493, -1173694.682944729458541 ], [ 1169132.539198771119118, -1172537.299246433656663 ], [ 1162925.094250594265759, -1184765.387321205809712 ], [ 1154800.491330351913348, -1192058.426001902902499 ], [ 1142488.218314224854112, -1193213.922738608904183 ], [ 1142299.871779774548486, -1195242.208557654870674 ], [ 1140794.60728109604679, -1192873.564587531378493 ], [ 1141727.592407784890383, -1192444.467205291381106 ], [ 1140406.134268749970943, -1192309.47352728410624 ], [ 1133233.692430661292747, -1195365.964197446126491 ], [ 1132101.418864674400538, -1199017.484040501294658 ], [ 1134007.637581831309944, -1210242.95487983408384 ], [ 1134487.534434382105246, -1206823.087736665736884 ], [ 1135398.361884477548301, -1206756.90664948313497 ], [ 1133425.818041692022234, -1211745.876542100682855 ], [ 1135080.971711137564853, -1215522.998268119292334 ], [ 1134014.376788609893993, -1217495.062503029592335 ], [ 1133376.165535509586334, -1215258.142764253076166 ], [ 1131397.504381450125948, -1223443.741825226927176 ], [ 1128912.62060713977553, -1225055.638681628974155 ], [ 1128428.443325961939991, -1240496.612892321310937 ], [ 1124898.07956324913539, -1248860.911736705573276 ], [ 1126092.247624270152301, -1249757.908009871141985 ], [ 1123792.63753213128075, -1250714.740104189608246 ], [ 1120973.226424271008, -1256912.940150796435773 ], [ 1120975.37307634553872, -1258174.045552082592621 ], [ 1123068.805733393179253, -1257248.006324209272861 ], [ 1125221.79740329971537, -1257958.299545428017154 ], [ 1119802.776853814721107, -1258569.150119429221377 ], [ 1119021.360364136751741, -1259958.608621945837513 ], [ 1115163.176315195858479, -1271495.563899692613631 ], [ 1117269.357037309324369, -1266762.079536007717252 ], [ 1119809.168031129753217, -1265597.781442117877305 ], [ 1116949.543463490670547, -1271304.729121607961133 ], [ 1113964.66711284336634, -1272648.852018790552393 ], [ 1112195.140030377544463, -1281705.931072616716847 ], [ 1109047.053232164820656, -1283144.163367786211893 ], [ 1107383.894628410926089, -1286405.080152740934864 ], [ 1103332.430818644352257, -1301982.142084871884435 ], [ 1103174.767155962297693, -1304761.45805450505577 ], [ 1107043.302243512123823, -1306053.748302342370152 ], [ 1111036.27858549519442, -1312744.719563607126474 ], [ 1113998.062689323443919, -1307956.608874882105738 ], [ 1113174.270279195625335, -1312137.992825910216197 ], [ 1110850.22614256083034, -1315976.774075794732198 ], [ 1105210.948142613749951, -1312036.794599235756323 ], [ 1101485.90174474613741, -1314769.488604355603456 ], [ 1100710.936278353445232, -1318330.406449479982257 ], [ 1102508.753040323033929, -1322863.129892202094197 ], [ 1102151.792011606041342, -1323131.411795298336074 ], [ 1100063.440523456083611, -1319699.464159853290766 ], [ 1099960.907704804558307, -1311503.365026745479554 ], [ 1096959.016941578127444, -1305383.517316466895863 ], [ 1099636.412642807234079, -1301994.684772181324661 ], [ 1096753.995392962824553, -1301632.826893094228581 ], [ 1092963.492185266455635, -1304803.365545190870762 ], [ 1078380.853056287625805, -1329099.152463315986097 ], [ 1075878.070832010824233, -1330805.171622293069959 ], [ 1069446.707914370577782, -1346788.302285653306171 ], [ 1059585.089681115234271, -1365215.485853315098211 ], [ 1063237.80953559349291, -1367771.722734614508227 ], [ 1071049.379436432151124, -1365464.270420124055818 ], [ 1071260.829467035830021, -1362741.582130328286439 ], [ 1066648.829508878523484, -1360983.184963055653498 ], [ 1068178.878843692364171, -1353804.801699969451874 ], [ 1071306.433002059813589, -1356931.522597305709496 ], [ 1072692.79892691434361, -1355745.345239653717726 ], [ 1076592.567517470801249, -1356356.560610321583226 ], [ 1077072.944071095669642, -1358057.715008604340255 ], [ 1072241.373186729848385, -1358892.729575880104676 ], [ 1071090.988368150079623, -1360948.400663130450994 ], [ 1078429.614458473399282, -1364108.369363124482334 ], [ 1079083.236252271570265, -1367043.498154542408884 ], [ 1083457.038795675383881, -1369264.696699858177453 ], [ 1084412.686887654243037, -1371340.515197309432551 ], [ 1091227.561028032330796, -1369902.841769304359332 ], [ 1093322.355444931890815, -1370901.805210286518559 ], [ 1097079.911495479755104, -1367803.503929620375857 ], [ 1100394.065555717796087, -1370755.750051891431212 ], [ 1096535.393826519604772, -1371092.752626614179462 ], [ 1093795.928271097596735, -1373184.238053304841742 ], [ 1092614.863374609034508, -1372031.30965374247171 ], [ 1084836.70162212732248, -1377116.870017406297848 ], [ 1086084.182639130624011, -1378788.283344583585858 ], [ 1090752.389284334145486, -1379567.148148050531745 ], [ 1094290.748536889906973, -1385592.899589621694759 ], [ 1099268.758865848882124, -1384943.315919504268095 ], [ 1100839.871140555478632, -1386483.66305362386629 ], [ 1092819.779997486388311, -1388514.366166452877223 ], [ 1096446.922265897504985, -1403356.474676709854975 ], [ 1093880.864889921154827, -1403987.366419135360047 ], [ 1092445.154492409899831, -1402291.353883306495845 ], [ 1093047.239799072500318, -1400382.772293756715953 ], [ 1090111.735014109872282, -1397156.973095765803009 ], [ 1091808.927011595573276, -1391677.174303842009977 ], [ 1091277.15034674317576, -1385872.730453100521117 ], [ 1087796.200558772543445, -1380968.214490486541763 ], [ 1084611.317741459934041, -1380731.09246306004934 ], [ 1083900.770834395429119, -1379023.582735172472894 ], [ 1082035.591067633824423, -1379661.138597109122202 ], [ 1073954.629868464311585, -1397602.901548118563369 ], [ 1063343.244402439100668, -1404214.017290636897087 ], [ 1061692.366775397676975, -1403128.377356946701184 ], [ 1057375.210945284226909, -1407485.687846008688211 ], [ 1055002.145709455013275, -1412377.44320835522376 ], [ 1058608.439941378543153, -1417299.575371701037511 ], [ 1058920.69817064027302, -1430296.197700481628999 ], [ 1063988.612862522481009, -1437098.804497160715982 ], [ 1065406.521801619324833, -1441929.064862423576415 ], [ 1060113.750723667442799, -1450010.183677620254457 ], [ 1062081.051564678782597, -1451002.425206840503961 ], [ 1066572.491516039706767, -1447185.074895168887451 ], [ 1069802.018584379460663, -1446550.057306603528559 ], [ 1069474.542966743232682, -1448845.45802661543712 ], [ 1063239.552830626955256, -1450784.143844808451831 ], [ 1068856.650702148675919, -1455839.360412731766701 ], [ 1067330.244040674297139, -1455278.798331061378121 ], [ 1068051.949616817058995, -1457460.248654532479122 ], [ 1066593.935343099758029, -1459242.58092405134812 ], [ 1066106.287604431156069, -1457241.888528897427022 ], [ 1064134.271139622898772, -1457181.498941243160516 ], [ 1065085.776767841773108, -1454508.448967980919406 ], [ 1060225.873541608219966, -1456169.5159814695362 ], [ 1060503.998818106250837, -1454636.345979822101071 ], [ 1057417.582495068432763, -1453176.817655573599041 ], [ 1052527.364838513778523, -1462662.5960825427901 ], [ 1047541.40899423265364, -1467260.944591748295352 ], [ 1041905.60176473192405, -1479953.917739314958453 ], [ 1035390.300551606342196, -1505558.5426095565781 ], [ 1035857.774883796693757, -1514525.523536653956398 ], [ 1046467.986641279305331, -1529755.124584441771731 ], [ 1047741.483199384063482, -1532666.771980826277286 ], [ 1046742.153482678928412, -1539221.052135328529403 ], [ 1048688.434420596575364, -1541587.654733370291069 ], [ 1046770.00414822762832, -1540757.616259530186653 ], [ 1046644.472310070181265, -1548869.297281360253692 ], [ 1036623.586784884217195, -1573961.454586476320401 ], [ 1038846.851150683825836, -1585724.930647335713729 ], [ 1040603.66527168918401, -1614991.803827342810109 ], [ 1047583.845593648147769, -1633209.713908890029415 ], [ 1045495.627715621492825, -1638593.134965078672394 ], [ 1046111.201076771016233, -1641075.826715983916074 ], [ 1044652.764755029114895, -1638982.678345318883657 ], [ 1043237.723273584502749, -1642456.202639826806262 ], [ 1042779.254826810909435, -1648481.961938947206363 ], [ 1038118.260754657443613, -1652302.039982724469155 ], [ 1042705.467369023477659, -1654634.763749073492363 ], [ 1042576.81372843880672, -1655992.257843618048355 ], [ 1045060.597931375843473, -1656035.970406309235841 ], [ 1042578.147260550642386, -1656535.07770695653744 ], [ 1042044.742740925517865, -1654538.614233714994043 ], [ 1036683.868716735742055, -1653046.157997028436512 ], [ 1034442.731034213677049, -1663402.425468559376895 ], [ 1022469.08181496837642, -1686727.835127411643043 ], [ 1015824.461618334753439, -1707779.757043022895232 ], [ 1013277.150425561354496, -1723211.282112170476466 ], [ 1011441.149190463358536, -1728800.560299379751086 ], [ 1008863.560943934717216, -1729573.844339772360399 ], [ 1013756.15905934991315, -1747016.531574001535773 ], [ 1003829.832629946176894, -1762184.055932620773092 ], [ 999234.961222627782263, -1776369.868506029713899 ], [ 995362.215375654399395, -1782468.925303278490901 ], [ 997035.034254975034855, -1790175.654757597483695 ], [ 992400.826675668708049, -1799355.275903882458806 ], [ 990738.423059066291898, -1798576.93775690626353 ], [ 988545.070567167247646, -1801582.260104524902999 ], [ 984551.676291238516569, -1813202.598917509661987 ], [ 972568.247782186139375, -1824754.764802037039772 ], [ 970515.946638643858023, -1824533.248516459949315 ], [ 967648.676130637642927, -1832522.712022213963792 ], [ 956015.358167712809518, -1844435.306100560119376 ], [ 954155.508050575968809, -1849448.92829046305269 ], [ 953618.939918316784315, -1861777.136834841920063 ], [ 949060.955107900779694, -1870432.876516054617241 ], [ 945180.388916840194725, -1886785.26674566953443 ], [ 938286.102046225802042, -1894520.26801289524883 ], [ 939327.280138076050207, -1896729.414296495029703 ], [ 936586.027032948099077, -1895313.346339272800833 ], [ 931888.925352184800431, -1896468.611071050632745 ], [ 928458.405484811635688, -1899268.784727811580524 ], [ 928116.137602039030753, -1902460.634780505439267 ], [ 927486.853706989670172, -1900149.535998420091346 ], [ 925481.751413515070453, -1899469.5785479741171 ], [ 912675.730434088269249, -1908269.339444605866447 ], [ 900833.458630637731403, -1912552.800015666987747 ], [ 897410.409887101850472, -1913270.764747535809875 ], [ 896762.526787377777509, -1912204.991503837052733 ], [ 889298.342257253476419, -1915903.826443117810413 ], [ 858348.218778352136724, -1918715.331680404022336 ], [ 847736.141686557792127, -1916561.553696936229244 ], [ 843090.117734864819795, -1911660.896082071121782 ], [ 842647.285082558752038, -1907628.270791300339624 ], [ 833108.769406806910411, -1903105.736897837836295 ], [ 831789.212909868801944, -1904103.560182009357959 ], [ 832459.966603369801305, -1902299.348364167613909 ], [ 830726.868078726809472, -1900127.26139062969014 ], [ 823806.416488603339531, -1900507.809129201574251 ], [ 820234.256141907419078, -1897046.089894904522225 ], [ 812542.626800467842259, -1895466.568795473081991 ], [ 795269.843658102559857, -1879320.284189040306956 ], [ 788644.346600063727237, -1875781.464447907637805 ], [ 780988.339391169254668, -1875566.88739795750007 ], [ 770709.894745951867662, -1869169.769973119255155 ], [ 767298.82098054420203, -1864713.454496570164338 ], [ 762612.661563632194884, -1851493.875263783382252 ], [ 761493.974016994819976, -1841540.363283551065251 ], [ 763660.341826095362194, -1836279.430411351611838 ], [ 755889.861393323983066, -1832143.572925095446408 ], [ 751642.29730582376942, -1826464.744354431284592 ], [ 751694.372042759787291, -1822804.987195502733812 ], [ 745653.65702440449968, -1819660.747204595478252 ], [ 738575.883346599992365, -1817967.155968987615779 ], [ 735267.93620696826838, -1818772.889272737316787 ], [ 708695.213479102239944, -1804454.293685481883585 ], [ 698768.710669519961812, -1805636.708723763469607 ], [ 687220.587374988594092, -1804430.697834696853533 ], [ 681087.658606349839829, -1800258.046929217875004 ], [ 676987.851404784130864, -1799419.174991166219115 ], [ 676264.726485734106973, -1800954.719926725141704 ], [ 658733.111519360914826, -1792047.450534458039328 ], [ 629145.606117462506518, -1763307.762533074710518 ], [ 617127.367899309610948, -1744472.999503747560084 ], [ 616602.713401243556291, -1746408.494341349927709 ], [ 614913.212686024722643, -1740671.685214702039957 ], [ 609499.860869380529039, -1739336.511878891382366 ], [ 601876.008342587272637, -1735168.56503701931797 ], [ 594565.828540189308114, -1732402.070046831155196 ], [ 597577.052130087744445, -1733619.524008399806917 ], [ 595755.240288306609727, -1733653.800512690562755 ], [ 594826.011019731056876, -1736202.327140298206359 ], [ 594400.494927073246799, -1733138.782801672350615 ], [ 583431.562588920700364, -1729186.838632571510971 ], [ 581431.996314543997869, -1729699.207217463292181 ], [ 570706.103949468815699, -1723156.063651840901002 ], [ 564932.770433619385585, -1714183.206305506406352 ], [ 547374.608276777318679, -1706242.849932999815792 ], [ 538486.545237242360599, -1697731.491163314552978 ], [ 537356.743088787421584, -1699767.929893349530175 ], [ 533768.122346357442439, -1698008.820006010355428 ], [ 529234.783082025474869, -1700488.90835193451494 ], [ 529942.265820278786123, -1702914.000760360620916 ], [ 532666.266872492386028, -1704240.277831244980916 ], [ 531727.523426369298249, -1705049.532871612347662 ], [ 519430.009330053988378, -1700249.377518522320315 ], [ 514277.877129703236278, -1701131.295833113603294 ], [ 513986.426904603315052, -1698921.98776845773682 ], [ 509185.262753554619849, -1703512.423444676212966 ], [ 506779.099772883229889, -1703302.416982374154031 ], [ 505190.830932278826367, -1700129.537804562598467 ], [ 507896.02168518176768, -1697306.540526851080358 ], [ 507861.791845170781016, -1695021.27449969178997 ], [ 504118.516220457851887, -1690355.70791410561651 ], [ 502036.940241980308201, -1691089.611326214857399 ], [ 501066.924040035577491, -1690626.145764301531017 ], [ 504256.406907252850942, -1689506.756233943393454 ], [ 503399.263522261695471, -1687990.829702910268679 ], [ 500161.966202499985229, -1687569.090669823810458 ], [ 498096.420003462466411, -1684366.905122524593025 ], [ 496298.001805302570574, -1684924.749577485956252 ], [ 490024.284880781546235, -1681721.557033688994125 ], [ 490489.109030478517525, -1680427.750651053152978 ], [ 486680.051077116862871, -1678536.769716087263077 ], [ 477374.619518256862648, -1669299.261337914736941 ], [ 468530.472191923356149, -1666984.324946949724108 ], [ 463343.99836020427756, -1662166.358069560490549 ], [ 458394.047056987415999, -1644808.349686253583059 ], [ 455323.390984779864084, -1642251.712004573317245 ], [ 450829.767238038824871, -1642271.317444765707478 ], [ 430936.633067470334936, -1629758.733898976119235 ], [ 425112.112868200580124, -1625540.750255634076893 ], [ 419423.018756418430712, -1618671.384767510695383 ], [ 405948.548380506865215, -1610059.292417611693963 ], [ 403358.681578559684567, -1610218.503403077833354 ], [ 401153.405303436215036, -1612600.325149970594794 ], [ 403013.408413810480852, -1609078.862462935969234 ], [ 398592.103313013562001, -1608888.281852829968557 ], [ 401631.445189737714827, -1607483.255888972897083 ], [ 397799.106628631532658, -1605537.364387783454731 ], [ 396706.438332334335428, -1603088.086799838813022 ], [ 388178.591669969027862, -1601946.494933508569375 ], [ 376348.041781773616094, -1593089.540972298011184 ], [ 370235.015649061650038, -1581703.011698448564857 ], [ 367659.476151515147649, -1566338.296420594211668 ], [ 364863.41445722617209, -1566574.782121916534379 ], [ 361857.856058196630329, -1564421.017341136699542 ], [ 364818.044135433156043, -1565734.972738928627223 ], [ 367695.023141048091929, -1564872.500155580928549 ], [ 371191.143968629650772, -1567599.781159644015133 ], [ 376992.201630855386611, -1561073.7258664900437 ], [ 380540.759409463556949, -1561305.302271967055276 ], [ 382549.11554950644495, -1558550.218937809811905 ], [ 384709.052195195632521, -1558997.844212371390313 ], [ 382583.345425365725532, -1555804.72353861364536 ], [ 384881.091082368220668, -1548812.440263093914837 ], [ 388260.218500056012999, -1546408.373527149436995 ], [ 388568.254534501058515, -1543843.563719101483002 ], [ 390783.331833320087753, -1543103.731661880388856 ], [ 394403.963240193086676, -1533916.562819252489135 ], [ 400021.749276336748153, -1534167.788492345483974 ], [ 399702.76082740991842, -1531493.09873941517435 ], [ 406837.967228860710748, -1520596.457663720706478 ], [ 405541.533298930036835, -1519053.485135555965826 ], [ 408999.782288821937982, -1518449.622847512364388 ], [ 413147.449814099061769, -1513786.600234573008493 ], [ 416233.779390792245977, -1513481.131768915336579 ], [ 422241.751833366637584, -1509057.717367945471779 ], [ 424460.036179739807267, -1508280.26834806939587 ], [ 426077.872648433607537, -1509570.562721393071115 ], [ 423546.47352470131591, -1507030.195294986944646 ], [ 427841.293133609346114, -1492344.308897681068629 ], [ 427490.093606678303331, -1487631.992964465403929 ], [ 436546.969924675009679, -1477480.157986006233841 ], [ 436916.505216795194428, -1473364.056764243170619 ], [ 439636.873559724714141, -1470237.017612145049497 ], [ 439629.856834184844047, -1463070.130372554296628 ], [ 442090.103239057818428, -1461419.080730565125123 ], [ 442098.003122417954728, -1457976.665399993071333 ], [ 444438.433655601227656, -1454195.595690161688253 ], [ 447550.235764906276017, -1452130.831328952452168 ], [ 444211.506430632027332, -1450285.631694164592773 ], [ 441391.544395901088137, -1451030.9154339118395 ], [ 442022.578267049218994, -1454497.058956495951861 ], [ 433518.899303565674927, -1460714.923572601052001 ], [ 428700.762584275624249, -1460795.908254084875807 ], [ 425188.146453591994941, -1457346.715205789310858 ], [ 425624.144627583737019, -1454907.505231214687228 ], [ 429860.762073674472049, -1453220.405860951868817 ], [ 428393.917814090265892, -1451334.961392320226878 ], [ 425334.765381813747808, -1452448.633264707634225 ], [ 423879.283865867415443, -1447374.998936033342034 ], [ 420280.050253071705811, -1443584.261165949050337 ], [ 421274.386834430100862, -1441065.634968725498766 ], [ 424505.91727166203782, -1440598.684699114877731 ], [ 422999.86332222976489, -1436231.967261063633487 ], [ 423520.401254521042574, -1428267.514469744637609 ], [ 427802.998297955025919, -1425861.218286202754825 ], [ 431528.941993054351769, -1430448.960124862380326 ], [ 432229.615307339699939, -1427283.609677801607177 ], [ 434989.527944960573222, -1428322.804805855033919 ], [ 436394.635784314828925, -1423667.261101979762316 ], [ 431228.460641914396547, -1425107.268803617917001 ], [ 430765.465740717889275, -1420786.10695992805995 ], [ 426315.311624250141904, -1418907.755945377284661 ], [ 427508.237247644749004, -1414105.688603495713323 ], [ 430887.928884675668087, -1408984.238528310554102 ], [ 434166.052723944478203, -1407154.768005928955972 ], [ 435824.392028841888532, -1411904.85616270150058 ], [ 437323.27691971330205, -1405101.020476167788729 ], [ 439824.900051529111806, -1402992.678622945211828 ], [ 441836.934566557058133, -1403628.30948117445223 ], [ 443250.26804721535882, -1406523.501852195244282 ], [ 444781.051789035031106, -1413818.725090901367366 ], [ 446670.373151463456452, -1408712.792608473449945 ], [ 445431.930604377877899, -1406093.030090900370851 ], [ 446743.186571351485327, -1404727.856019808910787 ], [ 449231.893506499705836, -1405482.27356654801406 ], [ 448623.095464747981168, -1402798.700381867354736 ], [ 452007.754296770785004, -1399012.296521521639079 ], [ 450913.819646043004468, -1397758.203173937974498 ], [ 456315.847826637909748, -1393504.156104732304811 ], [ 456657.209103694069199, -1400355.461142727872357 ], [ 454788.970718567201402, -1402898.800251010572538 ], [ 456878.986632327665575, -1409410.956583805149421 ], [ 459694.018838723597582, -1411182.593099032761529 ], [ 457751.118644390604459, -1406791.207139836391434 ], [ 459245.22273122461047, -1405862.796558685600758 ], [ 461984.94716753467219, -1407495.874036172637716 ], [ 464421.500283702916931, -1402702.482368690893054 ], [ 466917.426601122308057, -1404089.457384610315785 ], [ 466003.839443792821839, -1401033.059630435425788 ], [ 467374.268521678168327, -1399588.011712385574356 ], [ 463757.114133691065945, -1397480.528398261405528 ], [ 464378.01717317965813, -1395587.651416052132845 ], [ 467012.191000131191686, -1396632.146336362464353 ], [ 468276.375747603364289, -1393960.692550764651969 ], [ 468446.166704823146574, -1397625.131371572148055 ], [ 471995.708521277585533, -1396709.212655834387988 ], [ 471285.59053553204285, -1399196.359059957554564 ], [ 474984.405825802590698, -1398355.93587682233192 ], [ 474032.768570057989564, -1396661.108638753648847 ], [ 475704.227395408088341, -1394072.716220472939312 ], [ 472453.557586723589338, -1392589.529802742414176 ], [ 477285.40308666205965, -1384582.370448605855927 ], [ 481476.954522200219799, -1389149.120046455180272 ], [ 481141.904484985105228, -1392820.950431667733938 ], [ 479386.331692068895791, -1393835.859769708476961 ], [ 481127.62598755111685, -1396424.642108815954998 ], [ 479434.976756022195332, -1397254.288086597342044 ], [ 482660.581983764830511, -1405922.629216024186462 ], [ 480345.562302429578267, -1408694.282898083794862 ], [ 475958.268250051420182, -1408290.770394243765622 ], [ 476951.269413512491155, -1411294.601697823498398 ], [ 474765.879862170724664, -1413545.148547229589894 ], [ 475983.946680703898892, -1416360.689687521662563 ], [ 477416.285475666692946, -1416579.534438024042174 ], [ 483730.570093874121085, -1407934.627459878334776 ], [ 487997.924119577393867, -1406596.747673828154802 ], [ 488337.246452263207175, -1405195.084969814633951 ], [ 489921.974284796975553, -1405966.804817830445245 ], [ 489013.053178504749667, -1408549.494530791183934 ], [ 491433.140185262542218, -1408489.996249963762239 ], [ 493421.887739577912726, -1399150.381345309317112 ], [ 496498.448882226541173, -1396923.21935775433667 ], [ 498709.789356954803225, -1398615.209866873221472 ], [ 502969.715771799383219, -1388401.551282901084051 ], [ 499331.522883610101417, -1387555.801571547985077 ], [ 499640.302970419288613, -1383889.50823798100464 ], [ 496902.398725507897325, -1383459.05933220568113 ], [ 496683.09811516397167, -1381331.751899575116113 ], [ 493659.141091772646178, -1382406.595858940389007 ], [ 490822.549111538741272, -1379261.699151180684566 ], [ 495003.722049707372207, -1380826.886562491534278 ], [ 498051.066537070495542, -1379197.494082628749311 ], [ 499354.536827081465162, -1380943.563828698825091 ], [ 500227.185912382497918, -1378576.228765323525295 ], [ 502152.359191808092874, -1378007.371061646845192 ], [ 502613.050565724261105, -1383976.874038113281131 ], [ 504731.555002934008371, -1384057.080656409496441 ], [ 504833.249063916155137, -1381868.085893805138767 ], [ 509245.46179589512758, -1378667.573384776478633 ], [ 509994.119599009398371, -1384061.60284104058519 ], [ 514322.794708010798786, -1382831.853485175641254 ], [ 511874.662072476930916, -1381287.746669698739424 ], [ 511220.891587062971666, -1376818.238324185134843 ], [ 501294.634602009668015, -1372759.237924091750756 ], [ 502126.509277860226575, -1368182.225073708919808 ], [ 498347.153481075947639, -1368211.370968035655096 ], [ 496992.762851484993007, -1365490.728967138100415 ], [ 494488.474583746283315, -1364559.650567094329745 ], [ 495304.141608210920822, -1360042.91219009202905 ], [ 492852.527478133153636, -1357700.881523876450956 ], [ 494950.855594054795802, -1356453.726212598849088 ], [ 498391.743702762178145, -1360677.715392063837498 ], [ 501255.822926565946545, -1360821.772506579756737 ], [ 499514.25644988444401, -1355491.121946573723108 ], [ 502395.85902177169919, -1353622.998291891999543 ], [ 506126.187497318605892, -1357070.502188862999901 ], [ 505899.622754617303144, -1362242.215264545287937 ], [ 509847.452733858022839, -1364716.162231757538393 ], [ 508531.669684316613711, -1361984.132462129695341 ], [ 510478.977122308395337, -1357431.081629155436531 ], [ 508105.201533388521057, -1354543.95785519038327 ], [ 508610.250039190228563, -1351937.445976221235469 ], [ 511640.738441602850799, -1349494.427418886683881 ], [ 518386.796664452238474, -1350994.794250315055251 ], [ 516787.942918297776487, -1346306.815390431089327 ], [ 518547.398211794206873, -1341993.127686579944566 ], [ 522698.536725268117152, -1337411.792948423651978 ], [ 526404.838019717833959, -1336787.901468663476408 ], [ 525581.493629013653845, -1334385.423773787682876 ], [ 523883.437771402939688, -1334131.92336608027108 ], [ 524925.3296222910285, -1331645.666128663579002 ], [ 522710.900648172711954, -1331339.429609769722447 ], [ 524487.697311727446504, -1330376.259044860256836 ], [ 522758.211747199646197, -1326262.659987502964213 ], [ 530404.502123016864061, -1323290.430840195855126 ], [ 530422.665230190148577, -1327731.750824503600597 ], [ 528220.538472741609439, -1328028.825574198272079 ], [ 526465.421421037404798, -1331186.288241385482252 ], [ 527647.787155982572585, -1334466.85159674170427 ], [ 528821.783194753108546, -1330805.491284065879881 ], [ 542685.835083291516639, -1317030.119205057853833 ], [ 547553.241070117917843, -1314949.839549260446802 ], [ 549533.213969263480976, -1315560.488382207928225 ], [ 551382.630987946642563, -1312496.016911928076297 ], [ 549813.972584474482574, -1311873.994139379588887 ], [ 547353.332104023196734, -1313729.898299508262426 ], [ 544993.29553865082562, -1311986.320705425692722 ], [ 543639.429250442422926, -1314649.850694319000468 ], [ 540495.884589901659638, -1314520.622526546707377 ], [ 540179.450509199639782, -1314652.035492172231898 ], [ 539564.24197220208589, -1315759.227977282367647 ], [ 539203.744291164097376, -1316000.970603597117588 ], [ 540045.642637779586948, -1314441.447851205477491 ], [ 546464.508584110415541, -1311089.746187094366178 ], [ 546026.363352993037552, -1305525.113649897975847 ], [ 543221.769975987961516, -1305266.074708680389449 ], [ 543288.371445042896084, -1301567.212047356646508 ], [ 541415.821885681711137, -1301396.557258100248873 ], [ 540056.607392406091094, -1298295.654642214998603 ], [ 533515.111245636013336, -1296824.190779985627159 ], [ 530303.706957779126242, -1291410.852917161071673 ], [ 519000.331146549258847, -1294006.459538004593924 ], [ 518415.59492380724987, -1296186.019003930967301 ], [ 520932.270130737510044, -1294460.888919727411121 ], [ 524408.639032098930329, -1297224.858045143540949 ], [ 523521.387468824163079, -1298805.455308569828048 ], [ 526136.473440550733358, -1297513.875557126710191 ], [ 527778.39346255059354, -1299420.995038254419342 ], [ 525377.669548028265126, -1303577.143388793803751 ], [ 523104.888388680526987, -1302899.59406774607487 ], [ 521502.164916052366607, -1305160.596098904730752 ], [ 515090.934003525413573, -1302966.361958989873528 ], [ 514961.66347731515998, -1299173.760404209606349 ], [ 510223.983691347879358, -1295818.873061879072338 ], [ 507844.15582811832428, -1290061.900915293488652 ], [ 509320.68578711966984, -1283693.238999438704923 ], [ 506265.910847683204338, -1281857.245613626670092 ], [ 503118.105838396819308, -1272260.053893454605713 ], [ 500035.824846038420219, -1272750.186523391865194 ], [ 498382.409677709976677, -1277107.916354514658451 ], [ 496264.48787973303115, -1272965.034745031036437 ], [ 494722.039447599148843, -1273572.178782181581482 ], [ 493585.317502272955608, -1272678.310474636266008 ], [ 494933.459300403308589, -1270570.793217952363193 ], [ 496615.059885689232033, -1272727.656272915424779 ], [ 496633.319609363214113, -1268778.665642895270139 ], [ 505117.787483372550923, -1267005.4399556259159 ], [ 508935.053048850037158, -1264260.749875142704695 ], [ 507306.955550239305012, -1260128.166269125649706 ], [ 506470.922904571110848, -1261020.522594748530537 ], [ 508219.883578416891396, -1262744.211693293880671 ], [ 506800.56562837358797, -1264402.45199902029708 ], [ 503455.774477102269884, -1263965.43293255683966 ], [ 502514.53797707031481, -1266585.24791618832387 ], [ 498794.87671286839759, -1267937.465672293445095 ], [ 493559.03377006330993, -1266503.06442259484902 ], [ 492132.018777177145239, -1269662.560814163181931 ], [ 490417.497494725801516, -1268170.603736034128815 ], [ 486455.100476073450409, -1272438.416426385520026 ], [ 486153.621785866562277, -1274813.927283226279542 ], [ 484921.31659644440515, -1273812.151171094737947 ], [ 485075.40116030711215, -1275641.074689180357382 ], [ 482179.869401669478975, -1276110.036676515359432 ], [ 481834.706100731040351, -1278714.624445268651471 ], [ 480191.655112181208096, -1277347.417988134548068 ], [ 473276.142338960897177, -1279437.009981776820496 ], [ 469384.8305679045734, -1286503.313558792229742 ], [ 467216.964003865083214, -1286334.996579160680994 ], [ 467610.4603792342823, -1288638.353383214212954 ], [ 462121.163216884946451, -1289558.360926175490022 ], [ 462332.530342769110575, -1292669.442610820522532 ], [ 467486.184113058436196, -1292133.714002748485655 ], [ 468784.966394268558361, -1295299.62347003724426 ], [ 480250.589114988397341, -1294406.430642670253292 ], [ 482325.266715843754355, -1295644.753172758733854 ], [ 483582.972997690027114, -1299712.873579378938302 ], [ 485205.838912518054713, -1299413.132248582551256 ], [ 481315.776044641854241, -1300894.870818183757365 ], [ 482167.753324191260617, -1303619.747792548267171 ], [ 479080.876768985704985, -1305686.106863372493535 ], [ 480013.714073318522424, -1307500.043737577972934 ], [ 476589.83728845679434, -1312003.571416387334466 ], [ 476438.089521529327612, -1315749.904212830355391 ], [ 466872.695494448475074, -1323995.261504565831274 ], [ 467252.745089556905441, -1322177.709617429645732 ], [ 460315.310680599941406, -1321997.850244401721284 ], [ 459383.388839994964655, -1319057.902850738726556 ], [ 456092.286789507430512, -1320357.14441952155903 ], [ 454562.435605928010773, -1319276.035919302841648 ], [ 454115.011088502185885, -1320896.918665983015671 ], [ 452033.719915787340142, -1321197.700464614666998 ], [ 449790.765514482453, -1318127.479422 ], [ 446615.270400501089171, -1323922.14658321859315 ], [ 445945.222661790670827, -1322845.117780907312408 ], [ 444290.103744843683671, -1324853.62558473367244 ], [ 444546.655590616515838, -1321237.446542600169778 ], [ 442221.02953897533007, -1319344.384481472428888 ], [ 444437.609292507346254, -1314316.317077287239954 ], [ 440381.857389317126945, -1313938.300105490488932 ], [ 439398.770673675986473, -1316057.916965492768213 ], [ 439128.003176114638336, -1315040.691451355116442 ], [ 440240.801517397107091, -1311281.708041867706925 ], [ 445632.255213908152655, -1306001.273205095902085 ], [ 444143.315708924259525, -1302765.14528306061402 ], [ 446399.498063959996216, -1303464.200174568686634 ], [ 450090.503843421756756, -1297591.252545548602939 ], [ 444845.480384843423963, -1296613.936908182222396 ], [ 443422.570231406076346, -1300328.266784796724096 ], [ 439774.01521606737515, -1300846.752290219767019 ], [ 435448.477700216753874, -1295270.221064775949344 ], [ 438783.854716393863782, -1290971.952701707836241 ], [ 440579.271790419647004, -1291322.034711601445451 ], [ 441766.336903472256381, -1287696.854332583025098 ], [ 445011.732774490548763, -1284753.513706248719245 ], [ 448781.478051759826485, -1279634.686609613476321 ], [ 448931.624966056784615, -1278224.861126594012603 ], [ 444232.518848806619644, -1280396.819984870264307 ], [ 443873.785099824075587, -1284050.019579087849706 ], [ 439257.138388748164289, -1285977.966011934680864 ], [ 439127.119828204915393, -1287594.15423356089741 ], [ 438055.084870793798473, -1286086.255844647297636 ], [ 435723.121719889051747, -1288614.113791308132932 ], [ 433886.033190027286764, -1287255.631232992745936 ], [ 431626.546484771068208, -1291514.438964119879529 ], [ 430213.688862181617878, -1289158.117544214474037 ], [ 430983.875277694489341, -1287075.813578702975065 ], [ 427325.626002467179205, -1290546.62088703783229 ], [ 421737.796606208838057, -1292163.571009246632457 ], [ 418889.205237461137585, -1294856.384847896173596 ], [ 417743.510646394861396, -1299815.326979896053672 ], [ 417365.408408128190786, -1298086.574291662313044 ], [ 415121.718910525320098, -1298934.235977038741112 ], [ 411075.284104977385141, -1304026.940762713318691 ], [ 412356.564738011395093, -1300869.817359489388764 ], [ 404883.494626628817059, -1291950.754378529964015 ], [ 405273.820416989794467, -1287070.530797662213445 ], [ 417094.579713614482898, -1279067.343535281950608 ], [ 418798.413575869810302, -1275290.006380267208442 ], [ 425604.054194196127355, -1270793.015183109790087 ], [ 425491.544556685548741, -1268988.13572772894986 ], [ 429775.190615614759736, -1268180.765905698295683 ], [ 430558.878393068211153, -1269343.996948458487168 ], [ 434365.064757953281514, -1265774.849208301398903 ], [ 405654.705638074839953, -1274340.15602509258315 ], [ 397539.366593246930279, -1279758.128954096930102 ], [ 397132.357731546333525, -1281921.282826401060447 ], [ 392186.211276444897521, -1286046.269621841609478 ], [ 387702.410718970990274, -1285300.662722222739831 ], [ 381994.655594566313084, -1287169.638464156305417 ], [ 380111.899217978992965, -1289519.996474234387279 ], [ 376301.200844107195735, -1288769.913592852186412 ], [ 370482.431958486209624, -1295890.020345561439171 ], [ 362401.021939974511042, -1296467.260740033118054 ], [ 361060.155249922070652, -1299568.070958 ], [ 356624.407630156085361, -1300737.534587249159813 ], [ 358780.830854374158662, -1302637.92022514436394 ], [ 350637.87496779934736, -1297387.597949758637697 ], [ 348543.402100959152449, -1294291.234742010943592 ], [ 338651.350901978032198, -1296793.774549489375204 ], [ 329465.180203568248544, -1285311.964485017582774 ], [ 316796.672537180071231, -1282157.875302164116874 ], [ 315319.220155708782841, -1280132.862372078001499 ], [ 315603.724416892859153, -1274431.969244219362736 ], [ 310645.654469255707227, -1273040.742477501742542 ], [ 308658.169141803169623, -1268085.905127056408674 ], [ 307032.66703940735897, -1267695.814274274511263 ], [ 307930.729786068259273, -1263218.145132387755439 ], [ 305335.96056263288483, -1262041.434055441757664 ], [ 298689.383166568761226, -1263324.358311169082299 ], [ 295034.884006173990201, -1269042.734205137239769 ], [ 288332.660607534111477, -1272840.767079940997064 ], [ 287373.859104876813944, -1274786.735526553122327 ], [ 289610.199202963034622, -1276613.307789074024186 ], [ 288449.048229911015369, -1277924.692584543023258 ], [ 286618.584765850275289, -1273156.548439452657476 ], [ 276972.34980012930464, -1274862.979830156313255 ], [ 268545.568573783326428, -1273972.632066663121805 ], [ 260627.481452413398074, -1270969.709262763848528 ], [ 253919.000165540317539, -1264738.315411792369559 ], [ 249441.243716201162897, -1264794.492228843504563 ], [ 250218.435152773716254, -1270232.075113751692697 ], [ 247391.891829472151585, -1270452.678624415537342 ], [ 243460.120464313746197, -1274518.127751641673967 ], [ 242100.853097013576189, -1281047.4320602202788 ], [ 239940.150423708138987, -1277269.112912485376 ], [ 243614.952199740946526, -1269575.646816789638251 ], [ 242375.962545382295502, -1265724.381811274914071 ], [ 241335.568145264551276, -1266615.821238277247176 ], [ 238910.239480086631374, -1264613.246716214809567 ], [ 239166.618938835454173, -1262847.112786650890484 ], [ 241035.630148017575266, -1263284.458348815795034 ], [ 241701.258044170332141, -1261578.565255375346169 ], [ 237289.929637962632114, -1257612.330625166883692 ], [ 236888.786056901124539, -1255410.515238908585161 ], [ 230630.464356032229261, -1259261.813210724154487 ], [ 231023.035129225987475, -1255077.432769810315222 ], [ 226668.264444129250478, -1250392.105377076892182 ], [ 222934.059350887662731, -1251267.665941305225715 ], [ 220058.10820330135175, -1254902.156337914988399 ], [ 212891.696577227441594, -1257294.851894934196025 ], [ 212600.825149340264034, -1255790.586651771562174 ], [ 208996.269609472306911, -1256325.951489400584251 ], [ 206649.134071475302335, -1252573.038750506937504 ], [ 204429.298265477205859, -1252403.192792587447912 ], [ 202716.124935370404273, -1248511.012418936938047 ], [ 205432.291488438582746, -1245544.798022462055087 ], [ 210261.492806276422925, -1245557.994253258453682 ], [ 213064.01381686568493, -1241428.511860117781907 ], [ 215945.127956465614261, -1241094.799682911485434 ], [ 213233.735311324649956, -1238050.537728806724772 ], [ 207819.071876940754009, -1239238.384725024690852 ], [ 204452.987909336894518, -1235759.496031728805974 ], [ 199693.669406427739887, -1235925.921642825705931 ], [ 197305.469457152183168, -1239915.507920772302896 ], [ 193498.547568571928423, -1242076.46562301623635 ], [ 185611.357907781988615, -1241200.595977254211903 ], [ 186771.734539862314705, -1242640.074592220131308 ], [ 184241.882656236208277, -1244798.884411083068699 ], [ 185037.409690685279202, -1245888.948988936375827 ], [ 181315.419280972302658, -1247770.690715431701392 ], [ 178365.896685065090423, -1247983.788390011992306 ], [ 178489.01495279930532, -1244910.816326637752354 ], [ 173869.673721315542934, -1244566.265385173726827 ], [ 168700.177817763469648, -1251941.36130289779976 ], [ 170703.034832172386814, -1239384.677591903600842 ], [ 161958.718993195303483, -1243778.346433528698981 ], [ 161028.682628878537798, -1241240.0373862197157 ], [ 156683.584042407252127, -1241315.028717140201479 ], [ 155541.758050832839217, -1240032.202906563412398 ], [ 155530.209715513978153, -1238850.725149736972526 ], [ 157343.212841472413857, -1238909.696011506952345 ], [ 156000.418631102191284, -1236154.140209487639368 ], [ 152265.265781763533596, -1238885.819257671246305 ], [ 152353.599818535527447, -1240921.10774826654233 ], [ 146460.551499474298907, -1239855.514336665160954 ], [ 145472.15324086844339, -1237070.925575964851305 ], [ 146502.58037996001076, -1235237.099816906033084 ], [ 150639.976142893079668, -1234656.169561878312379 ], [ 149142.064863038336625, -1231880.567210451234132 ], [ 144145.481873526761774, -1232811.787423074943945 ], [ 139015.178087773441803, -1235991.987310794647783 ], [ 128312.360446999955457, -1233081.592015204485506 ], [ 119329.979750389655237, -1216601.619178797816858 ], [ 119890.254326381502324, -1212792.776232504053041 ], [ 116607.346130579346209, -1211053.822924605337903 ], [ 112340.827046513135429, -1203306.960671303328127 ], [ 108075.21792191984423, -1201591.041692292084917 ], [ 102496.343273053891608, -1192304.898182743228972 ], [ 96551.341638677171431, -1193119.156889030011371 ], [ 101443.597630249671056, -1197970.097918666433543 ], [ 99910.790559144239523, -1202543.365577895659953 ], [ 95762.039581421675393, -1201117.709845797391608 ], [ 94716.696369534198311, -1198779.748672837158665 ], [ 91878.15130062586104, -1200014.283680556109175 ], [ 90104.287501540704397, -1204075.455180128337815 ], [ 87497.250304359156871, -1204532.189754525432363 ], [ 81828.414441740140319, -1212287.158990558935329 ], [ 74500.863127377189812, -1212043.396478937473148 ], [ 71310.609091807345976, -1208274.839976730756462 ], [ 69941.17785166655085, -1201285.764071077341214 ], [ 65349.478622970476863, -1198915.677952802507207 ], [ 61126.584042310125369, -1193195.924120145384222 ], [ 58075.012620799883734, -1193487.1769127282314 ], [ 56017.858099551944179, -1191825.879752562148497 ], [ 57827.245936343279027, -1190457.068757255328819 ], [ 56477.877015772879531, -1189819.922262349864468 ], [ 56965.078495526766346, -1187749.344716500025243 ], [ 54379.408790045519709, -1188556.989269964396954 ], [ 56607.523056002057274, -1185563.090832235524431 ], [ 53349.703428030188661, -1184158.615821432089433 ], [ 50381.419862546710647, -1179655.694248656276613 ], [ 48434.219819131445547, -1178981.797532253200188 ], [ 46904.839256901417684, -1180646.233663218328729 ], [ 47262.177767925175431, -1184396.712105607381091 ], [ 45067.364038920612074, -1185192.098210336873308 ], [ 44431.576746719416406, -1188533.349441864527762 ], [ 43044.553154429333517, -1187168.383584225550294 ], [ 41697.821987992589129, -1187973.446967539843172 ], [ 42794.47820069383306, -1178588.574473610613495 ], [ 40838.088278321782127, -1177047.501718331361189 ], [ 38480.721488180257438, -1169051.096080998890102 ], [ 37183.698406803130638, -1168672.606254269834608 ], [ 37961.51366133614647, -1171323.929632297717035 ], [ 35413.906255557092663, -1174507.472581383073702 ], [ 29695.158234182636079, -1175089.037233274197206 ], [ 31519.970065630037425, -1185765.72840534360148 ], [ 26934.847051791384729, -1179828.993669888237491 ], [ 27294.713537144602014, -1177418.469350218307227 ], [ 21808.561411111433699, -1173738.595593115547672 ], [ 20973.292905016449367, -1170201.463597953086719 ], [ 15269.579245658449508, -1169270.070933553855866 ], [ 15850.403338899384835, -1172767.538673335686326 ], [ 18179.943876262539561, -1173465.414749886374921 ], [ 18077.239125405376399, -1176018.831398779759184 ], [ 22372.745978405044298, -1180296.893689954653382 ], [ 20198.469969379460963, -1182125.487403839128092 ], [ 22169.939966649966664, -1185000.788901414489374 ], [ 19340.87659542012625, -1191003.087685316568241 ], [ 22121.856958792526711, -1188641.389764210674912 ], [ 26521.612043398028618, -1192981.382270152913406 ], [ 24885.51918200109867, -1196088.969120599795133 ], [ 21323.27146296547653, -1194074.018260118551552 ], [ 20484.094342702930589, -1195565.861389976693317 ], [ 23346.803416848510096, -1200799.943608615314588 ], [ 19795.307217915127694, -1198966.819792420137674 ], [ 20285.48353653916638, -1201036.585998411523178 ], [ 19012.05982029066945, -1201515.329813264543191 ], [ 17645.229110825915996, -1197324.651093376101926 ], [ 16214.69033381709778, -1197409.515573918353766 ], [ 17515.824442346522119, -1190943.395212158560753 ], [ 15365.539938890253325, -1188124.127471258630976 ], [ 13791.212411986181905, -1193946.816029760055244 ], [ 11234.994610087554975, -1191692.153969830600545 ], [ 11057.459601431903138, -1188882.716712166089565 ], [ 13112.464760445198408, -1185650.410273394547403 ], [ 10788.421254407976448, -1184418.766667494550347 ], [ 12789.069436107616639, -1178918.32536645187065 ], [ 9654.833751693980957, -1181171.490762188797817 ], [ 9331.311302122570851, -1177106.743823049357161 ], [ 7500.125506980250066, -1176754.27847689925693 ], [ 8489.797542570346195, -1175452.044180060038343 ], [ 5203.564040790392028, -1177598.753034459194168 ], [ 1327.117575097467125, -1170108.300799348391593 ], [ -644.916224589367175, -1169536.464309927076101 ], [ -3243.908626073726282, -1170733.375100110424682 ], [ -496.04393836967796, -1174807.348584502702579 ], [ -4256.426399990294158, -1175395.017245620954782 ], [ -1399.657593462819932, -1179749.581491878489032 ], [ -3004.635865721577375, -1181582.70751594635658 ], [ -4294.99856635118158, -1180903.938175376970321 ], [ -4279.731542966268535, -1183387.923915048595518 ], [ -6036.953980699142448, -1182509.348424256313592 ], [ -7939.384235468834049, -1184035.129790674895048 ], [ -8015.637385340348374, -1181497.05055300029926 ], [ -10664.565748695666116, -1179391.262388321105391 ], [ -9761.396513959562071, -1178456.397947438294068 ], [ -13049.78854868093913, -1175706.306558810407296 ], [ -13310.39567021304174, -1181445.856553012272343 ], [ -15789.461837031129107, -1180099.941961073782295 ], [ -15579.879855353574385, -1178673.489245707867667 ], [ -17918.087993038636341, -1180608.518797426950186 ], [ -20637.131657116686256, -1179045.374212998198345 ], [ -16881.435711756872479, -1183428.630807230714709 ], [ -16401.204874560844473, -1186320.058100187918171 ], [ -22896.522173067980475, -1185080.888523295521736 ], [ -21706.386520727581228, -1187806.790784018114209 ], [ -24511.496172052036854, -1187590.680678941309452 ], [ -24834.904628701460751, -1189739.457202127901837 ], [ -26861.155403739470785, -1188547.850329022388905 ], [ -26362.219313981935557, -1190289.557367445901036 ], [ -17897.336641346111719, -1190023.294897249666974 ], [ -15624.653111342777265, -1187777.199649735353887 ], [ -9479.201645142089546, -1191191.089347610482946 ], [ -6296.962751322658733, -1190641.951613020384684 ], [ -9095.114181246008229, -1194833.466592692537233 ], [ -7701.959351960704225, -1195587.849213268142194 ], [ -3787.960683276085547, -1193091.371975774876773 ], [ -2656.035249678707714, -1194059.40313198347576 ], [ -3560.675834945987845, -1195944.347507158061489 ], [ -1681.401434668746788, -1196837.73589601367712 ], [ -6665.93106632657782, -1198937.318928448949009 ], [ -4197.629731295598503, -1200489.250209825811908 ], [ -592.233788273974255, -1199757.105635646032169 ], [ -744.93049461389387, -1202437.718062564032152 ], [ 4774.298965115732244, -1201570.544988215900958 ], [ 6699.019806665070973, -1202753.128772758413106 ], [ 5470.976153725646327, -1205732.256364554166794 ], [ 3479.348803238153323, -1205753.278593935072422 ], [ 3881.229690615572508, -1208250.579840452410281 ], [ 7366.451553226838769, -1212674.324154412606731 ], [ 12914.346919960726154, -1214475.583641638047993 ], [ 12894.338323948122706, -1211957.202559743309394 ], [ 15497.597791164296723, -1212461.06912858504802 ], [ 16690.325940850747429, -1210472.545116899069399 ], [ 21731.119287303630699, -1209113.153897617245093 ], [ 26526.488070788916957, -1205348.924966991413385 ], [ 33888.505252130322333, -1206413.379015163518488 ], [ 39596.08301546851726, -1203797.947728695115075 ], [ 50961.31390623855259, -1205557.167091799899936 ], [ 53986.230041132017504, -1208633.810481940861791 ], [ 58758.858200375725573, -1206825.475907770218328 ], [ 55260.745055210529245, -1210028.684656463796273 ], [ 59136.518702474088059, -1212547.28110824408941 ], [ 58635.83972103396809, -1215306.183578690048307 ], [ 61810.116488547406334, -1216225.924029301851988 ], [ 60935.999200279489742, -1217900.595376793295145 ], [ 62288.343355296878144, -1220004.108940774109215 ], [ 59671.038302600034513, -1219046.382833109470084 ], [ 61051.761260090876021, -1222082.497464711545035 ], [ 66354.548797712719534, -1225502.97291999659501 ], [ 70463.346639949828386, -1224687.584940837696195 ], [ 68635.683971700345865, -1226560.20049813715741 ], [ 80596.953410750458715, -1228770.051692683482543 ], [ 73437.783754549804144, -1229253.46440472221002 ], [ 72165.435210353665752, -1234483.386644503567368 ], [ 64603.813996688717452, -1241212.666891229804605 ], [ 70746.146525074407691, -1245054.120097837643698 ], [ 72486.283054699582863, -1251860.52727868151851 ], [ 75607.143273688576301, -1251095.037944585783407 ], [ 71300.020030241677887, -1253679.443800782086328 ], [ 68664.127167740676668, -1266463.904165545711294 ], [ 69305.918601274941466, -1273056.307916379533708 ], [ 76059.397083340692916, -1276403.000418249983341 ], [ 78455.573476656601997, -1279322.599651161814108 ], [ 83736.789569662243593, -1279435.308983221882954 ], [ 87346.33465435486869, -1283466.878266110783443 ], [ 83629.878587522543967, -1280068.560837960336357 ], [ 77910.994521422471735, -1280710.025756762130186 ], [ 67133.108294436373399, -1277670.049316522432491 ], [ 61812.586731682429672, -1273681.436208823230118 ], [ 55603.988091263148817, -1278543.762276045745239 ], [ 48869.1434240863382, -1280300.077171264216304 ], [ 46057.463394603902998, -1286315.473502907669172 ], [ 46400.44382929069252, -1292299.302841949509457 ], [ 49404.556037323724013, -1297889.445912586525083 ], [ 42262.885337720435928, -1304924.90536523074843 ], [ 43433.275042520501302, -1309647.133885756833479 ], [ 41101.208548225382401, -1304557.537894716951996 ], [ 47480.841411105895531, -1298323.835209259297699 ], [ 44227.50279601974762, -1294957.301551375072449 ], [ 43021.31196157548402, -1290020.262294828193262 ], [ 38888.805166077640024, -1285932.454124592011794 ], [ 31985.504137381736655, -1288185.384046402294189 ], [ 30895.537921928738797, -1291803.078559187240899 ], [ 29669.89270717196996, -1293274.048320573754609 ], [ 30877.502129353892087, -1288890.840193954994902 ], [ 28968.97064440719987, -1283213.149798426078632 ], [ 26237.077819858437579, -1282751.902129586553201 ], [ 24787.187354269204661, -1285453.475935518974438 ], [ 18774.29020612221575, -1287490.730410057585686 ], [ 16337.744671026266587, -1290947.022375304019079 ], [ 7147.623134720462076, -1297284.780269598355517 ], [ -6717.924310852555209, -1293920.022120465757325 ], [ -12395.384835570488576, -1287575.998330002184957 ], [ -27621.000296198260912, -1294093.064025765750557 ], [ -37396.547044367078342, -1295373.105511700734496 ], [ -61355.22693085562787, -1294893.021002935944125 ], [ -69737.995527008184581, -1291409.015696668531746 ], [ -74705.272621449577855, -1286307.304056977853179 ], [ -76124.944521368452115, -1282735.620853469707072 ], [ -75375.897350922212354, -1274253.837013026233763 ], [ -77746.132189696028945, -1272081.141244892962277 ], [ -77750.654493721987819, -1269028.930759361712262 ], [ -81468.688897651896696, -1272903.947461404372007 ], [ -82687.194865983634372, -1281873.586459774756804 ], [ -85619.812658919690875, -1287216.99816603329964 ], [ -83254.065294575193548, -1288089.938520811498165 ], [ -82806.405818319210084, -1289561.801130322972313 ], [ -86654.492661324766232, -1290087.557444681646302 ], [ -92108.186894720201963, -1283339.629201256437227 ], [ -96870.76879410399124, -1284462.403889059321955 ], [ -98376.399007152780541, -1281487.51936934213154 ], [ -103499.345639287232189, -1282799.493268927559257 ], [ -105872.334555440509575, -1280208.587735986337066 ], [ -107495.760679324332159, -1280590.946516379248351 ], [ -111699.761998059606412, -1284016.81323394482024 ], [ -109861.920319909942918, -1288177.953052225289866 ], [ -107566.109334873079206, -1289585.969191360054538 ], [ -109454.11369948432548, -1299189.870279459282756 ], [ -106011.705873391299974, -1299959.858699884964153 ], [ -108075.569552640779875, -1301120.376685518538579 ], [ -105927.175523832614999, -1302668.407136524561793 ], [ -106478.957952892771573, -1304114.151103000156581 ], [ -122259.902332698868122, -1300635.108883209526539 ], [ -128265.871267221154994, -1306061.447249483782798 ], [ -128305.866968239570269, -1309098.672723647207022 ], [ -131129.820076756470371, -1309135.439563408028334 ], [ -128890.218079241953092, -1311187.066105491714552 ], [ -130700.534872223404818, -1314733.437149243196473 ], [ -127828.52802107068419, -1315973.34506368660368 ], [ -126651.065216120914556, -1313755.415119762299582 ], [ -122372.593538899585837, -1315387.071156625635922 ], [ -122071.630789314905996, -1317816.922173991100863 ], [ -118348.624718911101809, -1317270.057557041989639 ], [ -116826.049310319023789, -1322095.654752779053524 ], [ -113661.110658204124775, -1322282.913955519907176 ], [ -113495.546214117261115, -1323616.58254107972607 ], [ -116717.763598441757495, -1323421.054313078289852 ], [ -118589.85298037508619, -1322805.014583419077098 ], [ -119295.118528459279332, -1320099.783014892367646 ], [ -123890.964125274069374, -1321437.265851786592975 ], [ -126293.359084354669903, -1319972.536079570651054 ], [ -123403.883689330861671, -1327303.838966051349416 ], [ -118085.528615884963074, -1328621.886879625963047 ], [ -115289.70544321698253, -1335230.262593979015946 ], [ -118071.601742806276889, -1331213.060456227278337 ], [ -122245.6336917833396, -1330564.574521564412862 ], [ -123679.404842096948414, -1332456.208479059394449 ], [ -121082.564447055949131, -1335736.650422270875424 ], [ -123035.74929738654464, -1335289.122396835824475 ], [ -128278.509462236906984, -1325157.512352060526609 ], [ -131032.444954736987711, -1325601.372818568721414 ], [ -131163.225340684759431, -1327832.610436145449057 ], [ -131883.277516977803316, -1323540.343697978649288 ], [ -134161.293922917742748, -1324626.145304286852479 ], [ -133781.253377239190741, -1330421.210835656616837 ], [ -135665.257319960190216, -1330046.623958747368306 ], [ -134903.204345010541147, -1325917.230303386691958 ], [ -136998.574528318829834, -1326276.622665450442582 ], [ -135177.794276848027948, -1316514.504773354157805 ], [ -137501.439312440808862, -1317210.796460307668895 ], [ -136512.70046727717272, -1313035.379206779645756 ], [ -138152.54027237961418, -1311499.467124786227942 ], [ -145902.204422645358136, -1310122.253993802703917 ], [ -152893.954884449543897, -1306488.727846528403461 ], [ -157420.643641637900146, -1309099.388041174737737 ], [ -152725.505959758447716, -1313881.532603435451165 ], [ -157112.77127761792508, -1315083.806272784946486 ], [ -154231.658610892947763, -1319680.223543383413926 ], [ -156755.525505615863949, -1320850.476017622975633 ], [ -158468.076472103450214, -1328436.600492417812347 ], [ -157836.306803308718372, -1329959.488415010739118 ], [ -153925.601024573057657, -1330706.887402389431372 ], [ -156107.521923217456788, -1333533.344693415798247 ], [ -160330.183448411116842, -1332122.278744590235874 ], [ -160728.961216867523035, -1334184.454772554570809 ], [ -157810.346149760909611, -1335940.665645743021742 ], [ -156248.69983741719625, -1339549.768955430015922 ], [ -155070.024368773825699, -1338029.125915244221687 ], [ -152259.852417226618854, -1338065.970274145947769 ], [ -145301.91875192662701, -1341754.249108830466866 ], [ -145648.261395755049307, -1342872.91553802206181 ], [ -141605.337294378987281, -1342144.205325632356107 ], [ -141571.510486973507795, -1343093.609932579798624 ], [ -145800.95548842579592, -1346052.486481690080836 ], [ -145164.428026058070827, -1344059.226353576406837 ], [ -152695.66976112217526, -1341900.860339030623436 ], [ -150618.056840682402253, -1344267.623591092182323 ], [ -151303.76557853599661, -1348191.948724059388041 ], [ -151493.217335834982805, -1344121.413874891353771 ], [ -155116.791249943111325, -1343121.793948797509074 ], [ -156725.285750057781115, -1344484.289179000537843 ], [ -156680.298421979590785, -1342966.088937452062964 ], [ -159380.878017835784703, -1341400.388490670360625 ], [ -161221.365320793905994, -1342742.002205572789535 ], [ -163502.996206676994916, -1341630.313074644189328 ], [ -164875.931961404858157, -1343248.782134752254933 ], [ -164371.746086511353496, -1337698.206245630746707 ], [ -166437.352780504123075, -1337941.047073303256184 ], [ -172527.603557359834667, -1334158.395082121482119 ], [ -175176.906983543885872, -1337539.926808461779729 ], [ -177527.230580153496703, -1337362.624878411181271 ], [ -176235.273865268041845, -1341803.173113079974428 ], [ -182003.586495715368073, -1338221.300106353824958 ], [ -181145.457118321035523, -1353067.480430759955198 ], [ -183344.232751270668814, -1362310.1294485416729 ], [ -193471.709596311440691, -1368800.984136012149975 ], [ -197006.617005300795427, -1368561.420531155541539 ], [ -199144.842602618940873, -1366747.986542486585677 ], [ -199107.170330215274589, -1364497.949700369033962 ], [ -200985.630280594312353, -1364562.731404769932851 ], [ -205240.756308539072052, -1366831.136772903148085 ], [ -206332.370745710330084, -1370526.621265531051904 ], [ -204822.888203425623942, -1374178.054418599465862 ], [ -207043.460972315951949, -1383112.483209870057181 ], [ -205439.783788298867876, -1386048.181871034437791 ], [ -207371.589711605280172, -1392380.580147540895268 ], [ -202075.669144405779662, -1393772.603945956099778 ], [ -192867.173188973101787, -1405842.69479081989266 ], [ -185912.680168758379295, -1409097.531447542598471 ], [ -184287.72341009916272, -1414460.19431191496551 ], [ -188347.054568558145547, -1420706.414218250429258 ], [ -182354.815751124115195, -1425180.970051515847445 ], [ -189207.7170558492071, -1420911.082191250519827 ], [ -185409.525065055146115, -1414063.790730269858614 ], [ -190755.653417164983694, -1410467.79560791188851 ], [ -193743.488680782204028, -1411191.373773953877389 ], [ -197900.894464096490992, -1415167.947416240582243 ], [ -204591.364175396243809, -1424662.83652660320513 ], [ -208037.113728776021162, -1424326.195188437122852 ], [ -212357.829134679632261, -1429393.794778763083741 ], [ -218570.138281073101098, -1432742.401388868689537 ], [ -224308.154871146223741, -1433180.090065063443035 ], [ -229400.403776309802197, -1430873.554167635506019 ], [ -230920.032566541340202, -1422786.922408037818968 ], [ -233913.43430085296859, -1427058.98236098443158 ], [ -233076.057266795600299, -1429672.658868375932798 ], [ -237593.123640667647123, -1430823.375922400504351 ], [ -239601.74095100958948, -1429626.595177181530744 ], [ -237708.233275289210724, -1436270.312261078739539 ], [ -242250.432368436391698, -1447624.375571804121137 ], [ -242881.159664036269533, -1453615.250285969348624 ], [ -242456.983988676482113, -1459371.660998670384288 ], [ -240143.258995742944535, -1456487.431830808985978 ], [ -239610.97704954945948, -1458646.483839387772605 ], [ -240702.722698578058043, -1460784.396937312325463 ], [ -246154.831220586289419, -1463720.735205378849059 ], [ -250070.14024682645686, -1471086.869099578587338 ], [ -246484.144208917598007, -1475417.546759947668761 ], [ -246488.973569615365705, -1481408.579096474917606 ], [ -249093.598900220356882, -1485759.90628548245877 ], [ -256731.805718025134411, -1489348.923630384262651 ], [ -261230.032388656225521, -1488569.640141704119742 ], [ -262573.28920377191389, -1485746.616467275423929 ], [ -263395.46957044058945, -1488250.586587361525744 ], [ -260816.952769351395546, -1490840.678426807513461 ], [ -264297.602121205592994, -1496906.761914764065295 ], [ -264821.71292921359418, -1493702.436189331579953 ], [ -266748.697707599378191, -1495072.26035189232789 ], [ -266297.197571175114717, -1503494.654332518810406 ], [ -269133.01778765761992, -1499396.709655337268487 ], [ -273536.538193941116333, -1498868.720202921424061 ], [ -276894.155177868378814, -1506021.380593956680968 ], [ -282739.340423204412218, -1510683.710697172442451 ], [ -281970.799570272502024, -1516294.028426429023966 ], [ -287113.501898812071886, -1521770.930135711561888 ], [ -288043.748170783335809, -1531378.23915328248404 ], [ -283554.98148381523788, -1531525.87663258635439 ], [ -280900.038234635663684, -1536416.124963995302096 ], [ -277683.024138261738699, -1537630.678344818297774 ], [ -277536.272916104528122, -1540125.905769877368584 ], [ -274734.269400552671868, -1538696.887813826324418 ], [ -269405.533665183349513, -1545111.90120911388658 ], [ -260558.53768622604548, -1546696.018022282281891 ], [ -257156.269683602062287, -1544383.797548244707286 ], [ -258380.145545172737911, -1546970.862926316913217 ], [ -253824.178051868104376, -1547891.504623685730621 ], [ -241761.551800773682771, -1543251.115589823806658 ], [ -245216.809794736182084, -1547157.536451982101426 ], [ -244057.867112280189758, -1549854.004220749484375 ], [ -258561.246992577798665, -1559587.737744729733095 ], [ -254707.126084477757104, -1563682.308621497126296 ], [ -249057.884116342873313, -1563248.854769770521671 ], [ -254038.698404027643846, -1564732.142958163050935 ], [ -253971.867520792293362, -1566483.588554281974211 ], [ -246739.096075652370928, -1571094.262033262290061 ], [ -241727.255246788379736, -1569925.169660712359473 ], [ -239269.252339570666663, -1566858.212103572906926 ], [ -239684.587180960021215, -1569123.490909531479701 ], [ -244291.218051142554032, -1572404.9010538184084 ], [ -243661.659046593878884, -1574342.064132789848372 ], [ -237633.771291145443683, -1574244.116479176096618 ], [ -230588.188039519212907, -1568427.908694787649438 ], [ -222750.46269867933006, -1568578.37705640681088 ], [ -218603.852399754454382, -1563655.684589810203761 ], [ -218616.613952822546707, -1566229.417661889921874 ], [ -221992.315189906512387, -1570377.172460349975154 ], [ -219272.005466857401188, -1572159.223508537281305 ], [ -221176.222255268599838, -1572346.207924565998837 ], [ -223973.724179962999187, -1569161.499366346746683 ], [ -232122.207252598251216, -1571795.905316695570946 ], [ -229141.074418499541935, -1573447.862592056626454 ], [ -227006.63232046115445, -1577317.116045222384855 ], [ -230796.862826954195043, -1573659.486619289498776 ], [ -238648.489953193289693, -1578044.278949205763638 ], [ -242464.048353321617469, -1576279.300758331781253 ], [ -248877.231046658213018, -1577563.892247423296794 ], [ -255878.350138298963429, -1575830.509621779434383 ], [ -255985.156515139417024, -1581876.689870699541643 ], [ -252338.646086714812554, -1582090.614725224906579 ], [ -251501.994601629266981, -1583251.05976799596101 ], [ -256319.749846335762413, -1582870.972664475440979 ], [ -258227.558120793080889, -1586850.313002088107169 ], [ -256621.491772985056741, -1597361.586555296322331 ], [ -253107.710522226348985, -1597479.080630216980353 ], [ -255865.383003772964003, -1598534.770266316365451 ], [ -255812.713313416315941, -1602326.000308535294607 ], [ -245819.890074407478096, -1612199.208003788720816 ], [ -244062.205647562979721, -1616069.421136820688844 ], [ -248759.629027640883578, -1614864.289388695731759 ], [ -251434.25460844108602, -1616080.667283649789169 ], [ -252155.055585338559467, -1610351.696629453683272 ], [ -255720.82337494843523, -1608944.148710615700111 ], [ -262597.787021234049462, -1611380.076202274532989 ], [ -263313.957755993644241, -1613555.031131572090089 ], [ -261713.214874343801057, -1615517.09087387798354 ], [ -263323.896882444620132, -1615651.940157864941284 ], [ -264472.664907368191052, -1611495.903711941093206 ], [ -260166.549402467178879, -1608515.522918780799955 ], [ -259726.008097834826913, -1605880.909598780795932 ], [ -268473.710228131909389, -1597302.014519372256473 ], [ -273335.882209673232865, -1587688.354489095043391 ], [ -283439.689794322301168, -1584686.294098736718297 ], [ -282979.438533371023368, -1587656.970494056586176 ], [ -277435.708005765394773, -1591575.069539337884635 ], [ -277597.943848035938572, -1595720.864855235209689 ], [ -275818.542342526256107, -1597189.543783942703158 ], [ -278094.72253564465791, -1595999.627337718382478 ], [ -278551.559248905512504, -1591516.271282758098096 ], [ -283954.853825027588755, -1587952.230868077371269 ], [ -284480.025826985831372, -1584367.597344751935452 ], [ -287306.156318166118581, -1581041.400749013293535 ], [ -294086.636652239249088, -1579031.90877994033508 ], [ -296831.719848807551898, -1579957.793498258804902 ], [ -296707.123844863672275, -1583090.541554638417438 ], [ -291308.910431388299912, -1586004.307738591451198 ], [ -299950.023062561114784, -1585157.523511665640399 ], [ -300390.870449756796006, -1589218.930303456028923 ], [ -300070.354049090121407, -1595848.083757905988023 ], [ -296218.840227888373192, -1598662.943158947397023 ], [ -297679.346708629978821, -1598448.463527485262603 ], [ -299622.794894704362378, -1602742.502793761901557 ], [ -296948.79086217697477, -1606915.636284529231489 ], [ -293509.528006376000121, -1606511.944700783351436 ], [ -296948.707604153372813, -1608284.289083101786673 ], [ -299499.11942077166168, -1606103.525306750321761 ], [ -299351.344455856306013, -1608675.18922800803557 ], [ -300390.896969441615511, -1610777.720899804029614 ], [ -299928.782980312651489, -1611394.472974630771205 ], [ -300426.077036258007865, -1611304.271125081693754 ], [ -299942.943046103755478, -1612841.562997109256685 ], [ -300014.402209541760385, -1613444.676293585915118 ], [ -300773.804040912364144, -1611014.351847055135295 ], [ -300244.830872400198132, -1609466.158899235306308 ], [ -301801.81882926664548, -1611788.646520781330764 ], [ -299627.225440875568893, -1615009.407560200663283 ], [ -301013.209355395461898, -1615903.475861547514796 ], [ -300646.3600483625778, -1614186.211568895960227 ], [ -303996.345710831345059, -1612493.10880719916895 ], [ -303023.817155061755329, -1611023.912104635266587 ], [ -303520.137197371514048, -1611029.298543261596933 ], [ -306424.923886172880884, -1616419.691727082477883 ], [ -306349.917094648990314, -1619610.761759383138269 ], [ -311364.285984685178846, -1620529.745685662841424 ], [ -307598.93512573937187, -1618782.076207544188946 ], [ -307822.185914183268324, -1616684.553553320700303 ], [ -309136.479122319957241, -1618769.139028675388545 ], [ -308003.477936123090331, -1615354.702065289020538 ], [ -303441.269900404848158, -1608396.539207081776112 ], [ -306983.193675083399285, -1600469.729084161575884 ], [ -304919.201392540475354, -1593553.404732624301687 ], [ -311468.294133189658169, -1589432.675804774044082 ], [ -313917.752475191955455, -1593160.783102723071352 ], [ -313352.135436027601827, -1587932.830898642307147 ], [ -315631.668470365169924, -1584905.632913883309811 ], [ -319140.284894808894023, -1583220.101702480576932 ], [ -321679.701980990299489, -1587013.474168980726972 ], [ -320909.291099551133811, -1584502.483320395462215 ], [ -322935.710099421674386, -1582551.196767309680581 ], [ -333250.087772407918237, -1581671.028879749123007 ], [ -336111.013465894677211, -1579852.643118563573807 ], [ -344625.47570297785569, -1580045.103644929360598 ], [ -345517.313724019681104, -1581273.662787803681567 ], [ -351056.960222626570612, -1579985.938223059289157 ], [ -349965.055173877917696, -1578562.299061732366681 ], [ -352439.083989757113159, -1577973.528707459568977 ], [ -354807.686940888350364, -1579518.764100416563451 ], [ -356441.049236745806411, -1576126.019643977284431 ], [ -359864.465617090347223, -1574205.529174421681091 ], [ -367255.984340552939102, -1573066.926306217676029 ], [ -368511.400210590043571, -1573485.067253850633278 ], [ -365438.022057872614823, -1575224.010758193675429 ], [ -370728.631853848986793, -1575497.027169862296432 ], [ -374914.110160433279816, -1571247.631822541821748 ], [ -377321.178504408220761, -1573616.521316069643945 ], [ -383011.382028928550426, -1573456.595912566874176 ], [ -387172.189772369281854, -1576412.138232086086646 ], [ -389242.188159415498376, -1574614.634745702845976 ], [ -393327.278855397365987, -1577003.064611266134307 ], [ -386562.004468913655728, -1580795.015838012564927 ], [ -382517.813547260942869, -1587169.723614732502028 ], [ -382789.998977348732296, -1590174.292181195691228 ], [ -378431.141372692014556, -1594834.854016338475049 ], [ -382585.785031615407206, -1592222.433220204198733 ], [ -388491.480506027291995, -1584143.75933102495037 ], [ -390593.414563273021486, -1583648.882667719619349 ], [ -386404.231817962077912, -1594325.231768934987485 ], [ -381824.14574481069576, -1597127.94751967000775 ], [ -385060.483121858269442, -1597287.742347770836204 ], [ -395397.880754387297202, -1584628.532645927974954 ], [ -396210.96952926350059, -1593616.84689800417982 ], [ -388895.863635737623554, -1600927.334297356195748 ], [ -395128.717097728222143, -1596314.800087937386706 ], [ -393985.364666217123158, -1602318.991219307063147 ], [ -391683.455993509909604, -1605450.836725949309766 ], [ -398512.839671446941793, -1601493.711117130937055 ], [ -402847.721433105296455, -1594586.11677851062268 ], [ -408873.422864785417914, -1597733.012276528868824 ], [ -412077.810828446352389, -1605673.96049019927159 ], [ -412466.136697524692863, -1608405.561862977687269 ], [ -407346.592259271361399, -1616744.74824729305692 ], [ -409104.828920866595581, -1616629.731723537668586 ], [ -409201.323555083130486, -1620365.962324446765706 ], [ -400432.863366198143922, -1632069.727910930057988 ], [ -399243.4634491627221, -1646841.782839491497725 ], [ -396209.295849380199797, -1650591.06243993062526 ], [ -392564.257697242021095, -1650945.223328215302899 ], [ -394233.369654760230333, -1650952.134248653426766 ], [ -394121.485425723833032, -1653506.633234727662057 ], [ -396334.471699823974632, -1654213.047987368889153 ], [ -400516.022563426173292, -1647488.57348715653643 ], [ -402127.280492195975967, -1635081.691845027031377 ], [ -404911.045552164840046, -1631137.976677051279694 ], [ -419330.368007040931843, -1618142.613884537946433 ], [ -422126.590339378046338, -1625530.564808501396328 ], [ -418999.345924706605729, -1629813.536984719336033 ], [ -419858.77226749289548, -1644607.030111209489405 ], [ -424382.057572971913032, -1651913.343619816470891 ], [ -430030.665364470158238, -1653329.207185942213982 ], [ -426217.773153849004302, -1650449.792715604417026 ], [ -422794.076216199668124, -1640847.256526939338073 ], [ -425636.077485394955147, -1632365.991907244548202 ], [ -430868.570242761750706, -1629778.591580741805956 ], [ -426008.419574506115168, -1631351.449650851543993 ], [ -422805.963480474718381, -1628925.485149487154558 ], [ -424353.835872837749775, -1623659.186363424407318 ], [ -422517.589340736099984, -1616380.624317919369787 ], [ -424311.071385898976587, -1614772.075046644778922 ], [ -425309.903623615100514, -1609291.482566053513438 ], [ -422450.108500325470231, -1605197.329784845700487 ], [ -423453.341903427382931, -1603432.300383889116347 ], [ -421656.249605642049573, -1597310.689495593309402 ], [ -422327.297906974970829, -1591817.344795896206051 ], [ -419287.862302733759861, -1583699.161784012569115 ], [ -424834.424525422335137, -1583566.312831188552082 ], [ -413545.970736865128856, -1580114.526619592681527 ], [ -415548.630430176155642, -1575188.824721399694681 ], [ -414905.609228983637877, -1570622.294371413066983 ], [ -416674.663427719846368, -1569729.058619967894629 ], [ -413246.170022836362477, -1568936.942478585056961 ], [ -411063.875496517226566, -1570788.69027328514494 ], [ -410995.736653788888361, -1566661.004576730309054 ], [ -417360.737664917483926, -1565936.542533417465165 ], [ -419009.118488566367887, -1563262.008393724448979 ], [ -420865.129711439134553, -1563632.738315997412428 ], [ -420882.40529743587831, -1561159.19785545184277 ], [ -425642.763233196921647, -1558635.25254574068822 ], [ -427641.719284847553354, -1559859.572835091501474 ], [ -427558.374200833262876, -1556802.336109809577465 ], [ -436249.631270543672144, -1549754.16464898455888 ], [ -436932.714502809685655, -1552349.661788304103538 ], [ -440554.614922848588321, -1553152.193065910134465 ], [ -440498.92157647642307, -1551438.706348815001547 ], [ -442921.332411968091037, -1550068.124323218595237 ], [ -441143.650579948502127, -1546393.561251106206328 ], [ -443418.847668929898646, -1544132.267469927668571 ], [ -446357.431008024548646, -1544520.979434106033295 ], [ -448835.703477227711119, -1540799.245373746613041 ], [ -451963.990746277675498, -1542447.374553997069597 ], [ -449372.784315246215556, -1539560.109085633652285 ], [ -449681.511786259827204, -1537192.009832488605753 ], [ -451661.313749692752026, -1536896.859550982015207 ], [ -452795.184125233325176, -1539345.731464624172077 ], [ -455072.895088328805286, -1538802.23244077921845 ], [ -454622.601191776397172, -1533562.873093424830586 ], [ -457126.785922742332332, -1531434.80223187757656 ], [ -459056.116992011258844, -1532106.107995835598558 ], [ -459407.538549225777388, -1528397.606761395931244 ], [ -461504.90578326798277, -1528222.77081780647859 ], [ -459985.464804438001011, -1526822.337909925030544 ], [ -462162.822724768309854, -1522928.602103832410648 ], [ -470351.112647816888057, -1516761.089449228020385 ], [ -471094.377652017166838, -1513283.500348526285961 ], [ -473099.436521695286501, -1513038.374356644693762 ], [ -472645.675177169323433, -1510989.423296308610588 ], [ -478792.948064757103566, -1506000.906717171659693 ], [ -481696.428303518565372, -1506202.65943504171446 ], [ -485340.340413669473492, -1501958.656433749943972 ], [ -486740.432481024588924, -1501405.659267314709723 ], [ -488925.489713275514077, -1503759.05076345289126 ], [ -487532.722247282916214, -1500039.430660108104348 ], [ -490740.811305266688578, -1500227.393502481747419 ], [ -489101.892845210910309, -1498258.526727642398328 ], [ -491165.358169302809983, -1498976.489768021507189 ], [ -492570.143013275868725, -1497500.935963745694607 ], [ -493544.50477308005793, -1500162.176786767551675 ], [ -494221.225627713953145, -1497726.696693072095513 ], [ -496937.324092365626711, -1497526.679285216610879 ], [ -496354.661877890059259, -1494751.359061769442633 ], [ -497578.189538352424279, -1493631.024965286487713 ], [ -495580.585573554097209, -1490826.51719055022113 ], [ -500230.768407814437523, -1487410.444917766144499 ], [ -499777.825075795524754, -1484805.672073173103854 ], [ -501948.269695327267982, -1486885.880070776678622 ], [ -508995.241875282954425, -1481111.141831791726872 ], [ -511762.500917600642424, -1482094.655333274044096 ], [ -509221.390726540819742, -1484819.797729169484228 ], [ -512068.604799385531805, -1487184.402350535150617 ], [ -513767.200557375792414, -1484987.363177229417488 ], [ -516869.620085943373851, -1484695.013780613429844 ], [ -516014.236750015872531, -1482778.121847407892346 ], [ -517865.721096528344788, -1481007.404910638462752 ], [ -520143.191879240563139, -1480868.945836069528013 ], [ -522076.961588154488709, -1485503.290028710151091 ], [ -523831.721837421355303, -1485740.69256390328519 ], [ -524069.867331363842823, -1488350.382485556416214 ], [ -525066.454724260023795, -1485919.387219232274219 ], [ -526033.62125014513731, -1487300.985476339003071 ], [ -526195.15987917012535, -1481471.722995212534443 ], [ -528432.318569856346585, -1482257.093453066190705 ], [ -527432.901258328114636, -1483987.573473413707688 ], [ -529622.141307758633047, -1484753.902222743723541 ], [ -531139.477904388098978, -1490254.87616558605805 ], [ -532851.726245574071072, -1488491.331048451596871 ], [ -533955.766257629264146, -1489160.225926261395216 ], [ -533463.218999413424172, -1486524.13477350701578 ], [ -536765.816280229017138, -1484223.901409858837724 ], [ -535056.796069907722995, -1483075.699483879609033 ], [ -535800.180443388759159, -1479766.862507492071018 ], [ -540334.696438000188209, -1482542.897581082303077 ], [ -538503.016003140131943, -1474829.351134452736005 ], [ -542439.448676992673427, -1476082.504310116171837 ], [ -541251.243139010271989, -1473805.0896165529266 ], [ -542266.557037557126023, -1471359.642371212132275 ], [ -543237.88954923232086, -1474228.71052144235 ], [ -544027.036992298206314, -1472646.912086392054334 ], [ -546754.890835299855098, -1473483.597404929343611 ], [ -544089.800200049998239, -1471203.10636986955069 ], [ -546049.806877978262492, -1469314.122897728811949 ], [ -547260.196409644791856, -1470316.801195478998125 ], [ -547819.851029625046067, -1467502.24029701249674 ], [ -547928.740192110300995, -1469899.186403886182234 ], [ -549116.395614402252249, -1469634.247785401763394 ], [ -549387.04909991810564, -1465981.08617990417406 ], [ -551717.599431618349627, -1464715.403973846929148 ], [ -557110.525455804541707, -1464936.813018422806635 ], [ -553928.126581343007274, -1467349.369952346896753 ], [ -555690.994718115660362, -1468565.899825498461723 ], [ -560724.082684751949273, -1465832.064871792914346 ], [ -563970.469869338790886, -1467012.958897090982646 ], [ -561395.906965508474968, -1471193.162242289399728 ], [ -564260.364133916213177, -1471376.252961344085634 ], [ -564517.787231385475025, -1473470.303835543105379 ], [ -566496.538994424277917, -1472591.585403109202161 ], [ -567493.046520777978003, -1468292.221744403941557 ], [ -570658.917376406257972, -1470856.527520850300789 ], [ -573166.240599614451639, -1470581.94942234409973 ], [ -573191.527793603250757, -1469403.491870595142245 ], [ -575639.877212615916505, -1471182.06154740229249 ], [ -573799.348179522552527, -1472651.102984762052074 ], [ -572268.538429039414041, -1478261.656106644775718 ], [ -569304.311643193708733, -1480856.770682063419372 ], [ -568201.959658556967042, -1486062.345891857985407 ], [ -564456.314689730177633, -1485594.382447541458532 ], [ -555918.665201355353929, -1491343.157253371085972 ], [ -559353.872572099673562, -1492802.913351756054908 ], [ -562503.859567280393094, -1490352.256128763779998 ], [ -566962.982760000391863, -1492007.194389972602949 ], [ -569997.278252129908651, -1490446.146597140002996 ], [ -571876.109236530843191, -1491719.704117284622043 ], [ -573988.80329376575537, -1490810.9505351386033 ], [ -573654.517871899995953, -1492738.929912445135415 ], [ -576390.79355233523529, -1493614.15075279190205 ], [ -578986.445991807617247, -1491249.22255061683245 ], [ -579204.977731955121271, -1496454.838955874787644 ], [ -576875.132532573770732, -1497359.452957460423931 ], [ -573660.492346993996762, -1495496.082115608733147 ], [ -573120.76959832245484, -1498965.248680184595287 ], [ -576701.836057321284898, -1501154.636183152906597 ], [ -575090.457746455213055, -1501767.663825927302241 ], [ -575795.468845116207376, -1504084.990629309788346 ], [ -577570.300467238062993, -1504431.966763893375173 ], [ -576787.535941522102803, -1507307.492863171733916 ], [ -578539.81119840266183, -1508556.68465662538074 ], [ -580130.332978617632762, -1508536.29986057523638 ], [ -579761.971502913860604, -1505772.719375407323241 ], [ -580304.563201415003277, -1504164.612541169626638 ], [ -580580.202852655318566, -1505608.664609886473045 ], [ -583185.965478218509816, -1502892.756147692212835 ], [ -585183.830432914779522, -1502904.198541290359572 ], [ -583228.13023770833388, -1506749.035239319782704 ], [ -584638.501105963136069, -1509570.695285438327119 ], [ -584007.972331124008633, -1513399.627055811230093 ], [ -585875.366331228869967, -1515387.251558421878144 ], [ -588797.439284381805919, -1514330.222673065029085 ], [ -587863.05641255271621, -1521787.49445468490012 ], [ -593202.453921451466158, -1518554.802116213832051 ], [ -593106.664736486156471, -1509967.763155579566956 ], [ -598104.276971201179549, -1512182.30883962684311 ], [ -600499.889302654308267, -1509810.26333570224233 ], [ -600851.033981269225478, -1506050.273175200913101 ], [ -598119.878843470127322, -1503915.816404190380126 ], [ -599476.599622014793567, -1503295.533683007583022 ], [ -603349.341441177180968, -1506799.514958393527195 ], [ -605840.847477936418727, -1505686.065806600265205 ], [ -605912.021982402657159, -1503644.730910174315795 ], [ -601334.284681093529798, -1500065.13748623454012 ], [ -602493.844102246919647, -1496344.515259098261595 ], [ -600169.509962034993805, -1495907.372634518193081 ], [ -594420.761208909447305, -1488600.821508915862069 ], [ -593058.395939459674992, -1489611.597504466073588 ], [ -593649.662588652456179, -1488220.1765677544754 ], [ -594270.516505494364537, -1488168.922555341385305 ], [ -595577.114591401303187, -1489497.842300989665091 ], [ -597507.999742602347396, -1487616.869782043853775 ], [ -600346.610167467035353, -1491152.645970076555386 ], [ -601923.632707644137554, -1490481.044060047250241 ], [ -602554.017641420126893, -1494266.125464172801003 ], [ -605114.382781861466356, -1495879.093949112808332 ], [ -607151.694071385310963, -1495591.195474337087944 ], [ -608093.000721231568605, -1493505.268555501708761 ], [ -609454.134443316725083, -1496703.63716540322639 ], [ -612749.523100358783267, -1497501.173178027151152 ], [ -612554.646640295395628, -1501241.584423460299149 ], [ -619104.811646570335142, -1501274.649610430002213 ], [ -617687.174885334796272, -1506379.745967157185078 ], [ -621079.201314969919622, -1506593.882569404551759 ], [ -622739.910837974050082, -1511286.198276884621009 ], [ -621789.226527753518894, -1512891.349077895050868 ], [ -620154.224360235501081, -1511282.595982064493001 ], [ -615750.836677951039746, -1516414.656171519542113 ], [ -620791.382466796785593, -1517964.240792372031137 ], [ -621802.544513159547932, -1520920.942946125520393 ], [ -624080.368342936737463, -1519806.205076706595719 ], [ -624911.884890444693156, -1522194.582066614646465 ], [ -624650.975270349299535, -1518899.925969510804862 ], [ -625127.955823929863982, -1518791.0142630583141 ], [ -627035.781600266811438, -1522389.679960640380159 ], [ -628547.529193892842159, -1520702.378947173943743 ], [ -630630.486320524592884, -1521444.799486907897517 ], [ -629454.462618917226791, -1518598.169995297677815 ], [ -627711.079309814726003, -1519186.37258472549729 ], [ -628440.208894252660684, -1515473.444434392033145 ], [ -633578.172499660286121, -1516452.803555624559522 ], [ -634593.757537870551459, -1514577.482382866088301 ], [ -632389.241042407113127, -1511289.252531733363867 ], [ -635710.186331107397564, -1510903.873697131173685 ], [ -631431.642381518380716, -1509448.351955249207094 ], [ -632945.815771200228482, -1506422.527079922379926 ], [ -632102.437011454254389, -1504757.804774102987722 ], [ -636016.788718076655641, -1506626.825872276211157 ], [ -637176.599877386935987, -1509156.901274959091097 ], [ -636864.099271272774786, -1505630.042466206941754 ], [ -634567.354270823765546, -1503839.818902380997315 ], [ -639252.939061452052556, -1504228.892975585302338 ], [ -631954.168434697319753, -1501172.282964218873531 ], [ -631147.527150442241691, -1499313.69848160026595 ], [ -633855.684561587520875, -1496601.232224243227392 ], [ -635561.083553209784441, -1498259.979046824155375 ], [ -640062.370196157484315, -1498389.127364367712289 ], [ -634924.148023156332783, -1494408.934275849023834 ], [ -631826.487653834745288, -1495145.868201112141833 ], [ -632412.00453855318483, -1492902.09730768064037 ], [ -635652.690040672663599, -1493123.6885752575472 ], [ -642972.332647376693785, -1498849.014298795256764 ], [ -641821.525231988751329, -1499882.696519677061588 ], [ -643746.061381182051264, -1500037.021495244000107 ], [ -641570.385218934621662, -1495370.446236735908315 ], [ -638648.135290106525645, -1493439.847021029097959 ], [ -642284.00552929576952, -1492970.995718492893502 ], [ -639874.209539344068617, -1491270.658612563507631 ], [ -638977.856742741190828, -1487430.288343604188412 ], [ -641647.339701773715205, -1488025.258363401517272 ], [ -641833.417246710509062, -1490815.767889729468152 ], [ -644693.151339033734985, -1488863.478730821516365 ], [ -646755.895863873534836, -1491245.331689378712326 ], [ -644472.752734364243224, -1488180.531873553525656 ], [ -646891.777764562400989, -1488501.328384620137513 ], [ -646152.094586558640003, -1485572.652140147751197 ], [ -649305.245844127843156, -1490918.39082851796411 ], [ -651991.814111699350178, -1488688.207901552785188 ], [ -655019.93278261332307, -1489307.997124354122207 ], [ -647004.797089031315409, -1493766.703752644127235 ], [ -646843.618794189300388, -1495118.177636350039393 ], [ -644331.182135843671858, -1494379.386458812747151 ], [ -646476.840376532752998, -1495756.605453419964761 ], [ -645395.99327984591946, -1496852.230958761647344 ], [ -646270.047427887911908, -1499204.908732861513272 ], [ -644425.381470529246144, -1501299.556603140896186 ], [ -647614.083011801005341, -1501657.34363295417279 ], [ -648766.740525321336463, -1495882.560363397933543 ], [ -651775.900234542437829, -1495281.987204511184245 ], [ -653511.483633891912177, -1497053.738402410177514 ], [ -651151.232229001703672, -1497547.444515759823844 ], [ -649591.177607613964938, -1500090.160313530825078 ], [ -651910.840313789667562, -1501508.349306695861742 ], [ -651360.920139168505557, -1499996.476253892760724 ], [ -652829.868027746910229, -1499104.288450081134215 ], [ -654453.483794992323965, -1504578.128663833253086 ], [ -654140.190214734524488, -1500198.733655283926055 ], [ -657488.949537950684316, -1498279.058666373835877 ], [ -657587.547528854571283, -1496535.035694787744433 ], [ -658731.531612722901627, -1497464.406738938065246 ], [ -658195.662092486396432, -1502000.457122352672741 ], [ -656216.401338413357735, -1504991.514585549011827 ], [ -651754.750922466395423, -1507727.855676505248994 ], [ -648509.060455372091383, -1505144.355024805292487 ], [ -645918.421958847553469, -1506418.607682410394773 ], [ -644117.717806914472021, -1505236.383496199501678 ], [ -636897.864998179138638, -1512983.40044577489607 ], [ -639715.112950688577257, -1514015.643348905257881 ], [ -637494.978365288698114, -1515991.995300440816209 ], [ -640433.472447874140926, -1522147.193350214045495 ], [ -644446.825453063589521, -1523683.732094025472179 ], [ -645888.466364838066511, -1522635.611967864679173 ], [ -648825.178421929595061, -1524989.901097966125235 ], [ -644428.811625900445506, -1532379.994394815759733 ], [ -646236.802827500156127, -1532713.59243717440404 ], [ -646255.828779105679132, -1534678.807284667389467 ], [ -644884.369037434342317, -1534542.88297470100224 ], [ -645024.596899632131681, -1534885.727158458903432 ], [ -644580.440661132102832, -1534905.68592382199131 ], [ -644440.676290831994265, -1535660.660890921019018 ], [ -649111.106315308716148, -1536519.773673014016822 ], [ -653319.05920452834107, -1541197.239102066727355 ], [ -656334.736287580337375, -1540632.383849418489262 ], [ -655265.117702255723998, -1543460.803381550591439 ], [ -652085.813328960561194, -1542549.739515955559909 ], [ -650935.315908194286749, -1547406.850821965839714 ], [ -648267.680564499576576, -1549761.55781278735958 ], [ -647632.202954238979146, -1555160.3993963340763 ], [ -648599.238426905940287, -1555976.217078036163002 ], [ -651578.263839991064742, -1554213.469662589486688 ], [ -653454.099301963229664, -1558234.186827355762944 ], [ -656022.371366748702712, -1557395.845641999039799 ], [ -657423.856366429128684, -1554406.538017403334379 ], [ -658966.360599503153935, -1556687.636333770351484 ], [ -661767.563893623300828, -1556718.796250422950834 ], [ -663592.334585018339567, -1560235.547854814911261 ], [ -659861.070031873881817, -1564837.843588911928236 ], [ -659490.856064810417593, -1568526.121787230251357 ], [ -661732.099147488595918, -1568921.2264610377606 ], [ -660728.124259362462908, -1570426.533899318892509 ], [ -662184.798361748456955, -1570413.678450289182365 ], [ -666075.715006345999427, -1564494.06504821870476 ], [ -668865.662399456021376, -1565203.920328146079555 ], [ -669263.513732279185206, -1562961.764438289683312 ], [ -671280.893334849970415, -1562323.287692118901759 ], [ -669225.892917373799719, -1559897.223283353727311 ], [ -671750.914599388604984, -1557898.473226358415559 ], [ -669546.52550132968463, -1556545.43607497564517 ], [ -673141.932539374101907, -1552810.656719113467261 ], [ -671998.997008494683541, -1550939.969097963534296 ], [ -668716.763218453736044, -1550224.825661127222702 ], [ -669598.588252786314115, -1548197.741991550661623 ], [ -674952.377928529051133, -1550942.73642716021277 ], [ -673511.335288436152041, -1547750.979370490182191 ], [ -674865.184702459606342, -1547053.740259619196877 ], [ -677924.243777748197317, -1551126.813581068068743 ], [ -684993.928944854415022, -1552150.885478669777513 ], [ -690384.846162085654214, -1568410.169676299206913 ], [ -687201.445872713811696, -1553165.398607708048075 ], [ -688572.227144386968575, -1548653.110359318321571 ], [ -690626.03144279983826, -1547542.628249970730394 ], [ -689554.246776658226736, -1545129.554401593049988 ], [ -691804.495250618900172, -1541616.860743461642414 ], [ -689053.530714520136826, -1538163.15081194601953 ], [ -690119.243003882351331, -1535452.466769324615598 ], [ -686792.04362939868588, -1537110.068470381433144 ], [ -683906.347263247473165, -1536272.26629002369009 ], [ -684067.584813368623145, -1534384.526737924432382 ], [ -686259.056046444224194, -1535497.154826431302354 ], [ -687155.153697533300146, -1534642.906218574382365 ], [ -684351.549263617955148, -1533028.942279732786119 ], [ -685435.036114471149631, -1531496.940347388153896 ], [ -683801.980599765665829, -1529609.016796263167635 ], [ -685161.403760234825313, -1529311.053429430583492 ], [ -686625.945716363261454, -1532287.475706560304388 ], [ -690531.17711027583573, -1530802.236486348556355 ], [ -692527.46600068337284, -1526200.736455175792798 ], [ -693588.493900390691124, -1528504.652398349717259 ], [ -695632.042980386060663, -1525018.017871761228889 ], [ -698600.912098221015185, -1525550.003617625916377 ], [ -697133.178567651077174, -1528257.728627610020339 ], [ -699133.744743443327025, -1526277.79308343026787 ], [ -700938.155609214212745, -1528335.920208995230496 ], [ -698084.709605352836661, -1529873.06465303641744 ], [ -699862.130280993296765, -1534241.761581718921661 ], [ -697253.06850406259764, -1537160.229927824810147 ], [ -698712.138635654235259, -1540090.275117282755673 ], [ -696626.958463652990758, -1540527.077779051614925 ], [ -696264.887798146926798, -1542264.634020400233567 ], [ -694924.622291101841256, -1541628.814762134337798 ], [ -697537.504644644446671, -1549771.994704702170566 ], [ -696751.878886739257723, -1553648.55989810009487 ], [ -698098.689792365883477, -1554932.037728554103523 ], [ -696550.021441664430313, -1554063.833005849737674 ], [ -695278.601490447297692, -1555389.302619906142354 ], [ -696982.621023301850073, -1558354.00921934703365 ], [ -698338.861712870653719, -1557140.291677449364215 ], [ -699548.469397034612484, -1559081.677172782830894 ], [ -697528.551969049265608, -1560900.233539420645684 ], [ -704105.592919907183386, -1560761.594447018345818 ], [ -702177.711224872036837, -1559844.847827228019014 ], [ -701300.234303836827166, -1555889.243196298833936 ], [ -704428.830295143066905, -1557116.555760364979506 ], [ -705462.027426219778135, -1554742.503625378245488 ], [ -705944.052646458498202, -1556181.396097770426422 ], [ -708398.448540510376915, -1556338.099648715695366 ], [ -707860.820919426623732, -1560896.513777664396912 ], [ -710942.453801714116707, -1558600.773744585225359 ], [ -709928.250406251871027, -1562017.530519516672939 ], [ -712493.066396760637872, -1564103.223984721582383 ], [ -710871.041785471723415, -1566363.95619616471231 ], [ -714017.723882722784765, -1565548.128267508000135 ], [ -712134.005184459383599, -1568893.367483398178592 ], [ -714482.301819373038597, -1570645.206543597625569 ], [ -713748.319858835195191, -1567523.961128279101104 ], [ -716695.529250020859763, -1565927.376249126857147 ], [ -715362.768211691989563, -1564613.778155768988654 ], [ -716848.010097031947225, -1560459.226563009200618 ], [ -718330.767033598618582, -1560438.218275206396356 ], [ -717979.256123737897724, -1563146.425116817466915 ], [ -722578.012550499755889, -1565121.13425608095713 ], [ -722458.637639370979741, -1556180.404414240969345 ], [ -724753.935763843124732, -1558030.280410063453019 ], [ -723882.977825204376131, -1562710.369503685506061 ], [ -726052.567206508363597, -1562185.312186351045966 ], [ -726379.622637393884361, -1564436.523474733345211 ], [ -729119.578982839244418, -1562263.714333319105208 ], [ -728797.11852692917455, -1564128.842907734913751 ], [ -733416.203609311254695, -1566350.729872659547254 ], [ -732998.549771548598073, -1568728.753308947663754 ], [ -734301.762898585177027, -1568298.500574187142774 ], [ -732014.576577640487812, -1571165.948390676174313 ], [ -730633.580413314979523, -1571300.532627838430926 ], [ -730537.917481114156544, -1569640.089622074738145 ], [ -729177.367879360448569, -1570524.052228403743356 ], [ -728172.291047280887142, -1572817.901734220329672 ], [ -732771.702095725690015, -1573396.788546220399439 ], [ -732420.13342418987304, -1577250.232276784488931 ], [ -735687.968035006080754, -1573931.779438483994454 ], [ -737963.068259850377217, -1574823.886060674209148 ], [ -737712.798115964047611, -1580205.921170260524377 ], [ -739127.964193413965404, -1578087.660934620769694 ], [ -739182.990283718565479, -1579037.582361142616719 ], [ -741091.326737397001125, -1579091.110036284662783 ], [ -741295.209906730451621, -1579514.607881389325485 ], [ -740085.611849319189787, -1583570.862144181737676 ], [ -743251.778233060496859, -1582061.0368179269135 ], [ -745222.487588012125343, -1583905.207282037707046 ], [ -742197.470742914010771, -1588453.83953352086246 ], [ -739802.741498476359993, -1586689.275370324030519 ], [ -739454.359592185006477, -1588364.336782995611429 ], [ -738011.671180069330148, -1588255.631340166088194 ], [ -739696.155225421767682, -1589808.617978561902419 ], [ -738745.742452341481112, -1591695.446806308813393 ], [ -740025.614934642682783, -1593420.31143782986328 ], [ -737328.106400803662837, -1593964.87638230365701 ], [ -737094.714111281209625, -1596409.533223738195375 ], [ -734159.850000891718082, -1593996.478187758941203 ], [ -733632.600350621389225, -1596763.773205570410937 ], [ -732427.663149678497575, -1596741.746565431822091 ], [ -732378.060739266453311, -1594737.66132537368685 ], [ -731242.012734381947666, -1596107.107692635850981 ], [ -730502.627436635782942, -1594762.727842954685912 ], [ -730211.188477206742391, -1596495.202344802673906 ], [ -728557.405452157487161, -1595288.297060849145055 ], [ -726642.987480691983365, -1597676.726142080966383 ], [ -724758.740011698682792, -1597463.843681391328573 ], [ -725136.258969894959591, -1599267.79526794468984 ], [ -726497.911094893934205, -1598722.066373782698065 ], [ -726135.465920865884982, -1600533.450801133876666 ], [ -727738.563133671996184, -1600109.188699336955324 ], [ -726226.797227233997546, -1601694.4999366896227 ], [ -727525.307090311660431, -1603878.7322970230598 ], [ -730261.392267032060772, -1603483.546774985967204 ], [ -731500.354150797473267, -1599803.331819597631693 ], [ -731799.077179404790513, -1602854.21502639609389 ], [ -733169.863094522967003, -1601499.162830389570445 ], [ -734287.22529175481759, -1603493.260789036983624 ], [ -735768.433287231484428, -1603276.470818411326036 ], [ -736134.63509716920089, -1607838.245112419128418 ], [ -731436.26125937665347, -1604742.564236498670653 ], [ -731497.830079125007614, -1608678.706864557927474 ], [ -729811.461554104927927, -1606368.963106587994844 ], [ -726924.446580237010494, -1606503.731902838451788 ], [ -727033.415897680679336, -1608029.464815904619172 ], [ -729074.224630238371901, -1608460.79257868998684 ], [ -728123.653075047419406, -1610687.651168612297624 ], [ -724480.078484217869118, -1611180.759819250786677 ], [ -722444.990286820218898, -1608980.919719188008457 ], [ -722522.878560814540833, -1610777.494622430764139 ], [ -720781.680039024213329, -1611377.59857273241505 ], [ -719592.961818777373992, -1609398.007465687813237 ], [ -717086.674821780296043, -1613755.986715691396967 ], [ -709293.009844054933637, -1609665.98605889827013 ], [ -709408.227220072643831, -1611699.440429827431217 ], [ -718794.946904389886186, -1616936.970306180184707 ], [ -718515.72553681244608, -1618403.384935986017808 ], [ -715703.425887133460492, -1617820.355872861808166 ], [ -713842.855962278554216, -1619642.430338412057608 ], [ -719756.63699676678516, -1622264.992755430750549 ], [ -715411.869270626106299, -1624567.866589969955385 ], [ -706340.781852093758062, -1624586.100614814087749 ], [ -704180.155860988539644, -1626526.322937182849273 ], [ -713058.051627612207085, -1627323.118720009922981 ], [ -717289.168702738359571, -1625847.490862370934337 ], [ -718578.856266008340754, -1627215.558969760080799 ], [ -720813.327262694947422, -1626085.713973108679056 ], [ -722329.106040601036511, -1626442.843826845521107 ], [ -721626.729517001425847, -1628506.2395787416026 ], [ -725131.082256552763283, -1626213.690438919933513 ], [ -727800.090465480112471, -1626369.315374003490433 ], [ -727135.738490294199437, -1621625.844038770766929 ], [ -728180.774875673814677, -1621488.543226326350123 ], [ -729191.221641329000704, -1623345.993550393730402 ], [ -729589.170756317093037, -1621851.742337555624545 ], [ -734147.739608923438936, -1622502.824896464357153 ], [ -739492.193723894655704, -1625666.62377333175391 ], [ -740663.833181755035184, -1628188.830811193911359 ], [ -745315.395174379926175, -1621796.969695647479966 ], [ -745177.417842238093726, -1616436.583029912319034 ], [ -747476.842498512123711, -1615449.915733047062531 ], [ -749215.176879762788303, -1619373.902487880317494 ], [ -750544.477096921880729, -1619051.518438156461343 ], [ -750094.066421045106836, -1615961.783811712637544 ], [ -752310.754448577179573, -1616186.504255279898643 ], [ -749082.702832831535488, -1610564.844696019543335 ], [ -751215.023213224252686, -1609276.620277330977842 ], [ -753087.915583326946944, -1612004.78572835540399 ], [ -754324.866148572531529, -1610421.139607537304983 ], [ -755543.309831148479134, -1611749.740542276063934 ], [ -756121.218566787894815, -1610499.379034612793475 ], [ -757908.883754910901189, -1610518.059476705966517 ], [ -756412.771477448404767, -1611447.910768026486039 ], [ -757348.241083008353598, -1616214.132639914052561 ], [ -756037.666112946346402, -1615648.070723243290558 ], [ -755434.299413372413255, -1619674.788457554997876 ], [ -753408.510545644443482, -1620541.108894034754485 ], [ -755159.765166888828389, -1624622.177815483417362 ], [ -757353.284254046040587, -1622568.521392088849097 ], [ -760972.67338622873649, -1627371.835374401882291 ], [ -763643.721415687701665, -1625134.276860206620768 ], [ -764904.910337051493116, -1626532.671271388651803 ], [ -768225.481630167225376, -1624677.044980780920014 ], [ -776154.871259671635926, -1630779.091241591610014 ], [ -774848.404406165936962, -1631201.521517081651837 ], [ -775583.863095565815456, -1633508.304414660669863 ], [ -773404.203556668828242, -1631895.569502971600741 ], [ -773674.727752853301354, -1633421.071689637610689 ], [ -769635.140960621531121, -1632135.837549855001271 ], [ -772654.214873277232982, -1634673.223303838633001 ], [ -770694.179682051995769, -1636026.959977865684777 ], [ -772202.76686153979972, -1638091.191801739158109 ], [ -771776.674100556410849, -1639990.318928378168494 ], [ -770891.442680583917536, -1639062.411993835121393 ], [ -770020.725961156538688, -1639311.79701662180014 ], [ -770986.695559832733124, -1641902.231206950265914 ], [ -763937.153081320924684, -1636123.306556889088824 ], [ -764476.850528851500712, -1634367.885362836997956 ], [ -760999.65668011829257, -1635434.624883336015046 ], [ -762212.779097066959366, -1634110.898737098556012 ], [ -761212.484404591843486, -1631846.323836812051013 ], [ -759357.514124496723525, -1631916.849462562706321 ], [ -759913.461354205384851, -1633665.477167251287028 ], [ -758587.519285567570478, -1634123.559291729703546 ], [ -756507.386305467691272, -1631694.593035550322384 ], [ -756668.503314175992273, -1629266.648150046356022 ], [ -755837.819119259016588, -1630883.056699960958213 ], [ -752737.946198571589775, -1629504.868812432512641 ], [ -752040.377767028403468, -1631814.621104238787666 ], [ -753493.026159847853705, -1631717.878041172400117 ], [ -752969.772512352559716, -1632977.59859279752709 ], [ -757280.255153091275133, -1637033.14924834901467 ], [ -757098.104678597766906, -1638911.896566750248894 ], [ -761126.146301309112459, -1635836.244710762985051 ], [ -764953.05487236531917, -1637464.668111818609759 ], [ -766055.902181634563021, -1641262.803026399109513 ], [ -768092.108182652038522, -1641208.7703453511931 ], [ -770700.545385767472908, -1646620.128145948052406 ], [ -765542.378002859768458, -1651907.865471922326833 ], [ -755595.917949995142408, -1646187.662048492114991 ], [ -753682.704327237792313, -1643589.200180711923167 ], [ -749837.477364706806839, -1646703.933681019581854 ], [ -747567.95939890423324, -1645724.245209779823199 ], [ -747004.263393429224379, -1643081.168287985026836 ], [ -746261.409542439505458, -1644650.737710974412039 ], [ -745363.208737872540951, -1643740.171410139184445 ], [ -747440.064085865276866, -1648966.827104743570089 ], [ -743492.650026214076206, -1647516.501611845334992 ], [ -743732.447319209342822, -1646404.484943835064769 ], [ -743576.629142630496062, -1646299.325054137967527 ], [ -742152.590158203733154, -1647145.289212410571054 ], [ -741767.535706709721126, -1648724.612189793726429 ], [ -744753.298340799403377, -1648735.82464695093222 ], [ -747127.446016090689227, -1650718.292727350257337 ], [ -748846.031718010781333, -1660273.094999278662726 ], [ -735800.418315432150848, -1668393.306532545713708 ], [ -728688.060491302167065, -1674603.581973924068734 ], [ -748094.164235291304067, -1662297.223277390003204 ], [ -750807.0888804650167, -1663589.96102696377784 ], [ -750867.767979178461246, -1666748.805127851432189 ], [ -753954.858104269136675, -1668599.736010971711949 ], [ -754342.874241946847178, -1663960.080296283122152 ], [ -756502.446652474580333, -1666130.402777524897829 ], [ -756657.505729462718591, -1664705.246154535328969 ], [ -759397.620391738368198, -1665209.085535907419398 ], [ -760279.743825590703636, -1664209.146562631241977 ], [ -757275.683467818191275, -1663461.807629985967651 ], [ -755988.549347889027558, -1660597.853660752763972 ], [ -758929.851613561040722, -1657420.654554659267887 ], [ -760334.605551420827396, -1658834.574537025997415 ], [ -762082.572017763392068, -1654931.377500790404156 ], [ -763303.612496709800325, -1654771.184936290606856 ], [ -762725.139809955609962, -1656142.756026394898072 ], [ -764728.681105466559529, -1655973.170247813453898 ], [ -763530.629723968915641, -1655484.421542636118829 ], [ -764578.548089165007696, -1653599.950470418436453 ], [ -770804.089113352703862, -1650724.743105225032195 ], [ -770422.605294755892828, -1653248.55493686394766 ], [ -773569.007208112394437, -1651954.008861780399457 ], [ -774928.082814476336353, -1648031.301517845364287 ], [ -773629.26738983031828, -1646295.668171779252589 ], [ -776036.083431773819029, -1647101.575729118194431 ], [ -774766.598590124980547, -1649035.128285896731541 ], [ -776451.16926509491168, -1649126.486592762637883 ], [ -780820.949539199587889, -1646008.820101800141856 ], [ -783096.031758967787027, -1650355.356145014520735 ], [ -782064.340576827526093, -1646929.285243643447757 ], [ -789600.921849197242409, -1642019.323568126186728 ], [ -789878.675688678398728, -1644728.231794540537521 ], [ -792779.387098744045943, -1642345.470012351637706 ], [ -792030.072720341267996, -1646030.370630253339186 ], [ -793286.601928913150914, -1647013.111335309455171 ], [ -790130.236000940902159, -1646736.420047802152112 ], [ -788773.739435600466095, -1649225.76181638520211 ], [ -790480.259278687066399, -1650846.701995789073408 ], [ -794283.690904045361094, -1650956.181260500568897 ], [ -792410.971176443155855, -1652349.92311007459648 ], [ -793554.340029568993486, -1652651.015423369361088 ], [ -792894.288763053482398, -1654142.048452409682795 ], [ -788779.357520503923297, -1651839.389276318252087 ], [ -789060.134889247477986, -1653486.662967306328937 ], [ -786852.126073767896742, -1652681.906708277761936 ], [ -786411.649857818032615, -1653888.753450505668297 ], [ -791784.690936073777266, -1658521.532382237492129 ], [ -790436.473231617943384, -1659591.675222178222612 ], [ -792273.3711835736176, -1661328.68650708347559 ], [ -790162.685098944348283, -1665559.289203477557749 ], [ -791296.009291316964664, -1668863.963811268797144 ], [ -791089.330154005903751, -1666750.240514769218862 ], [ -792062.468125444371253, -1667505.993892060592771 ], [ -794967.436525231343694, -1665414.058654627762735 ], [ -793859.102327263681218, -1662172.455496180336922 ], [ -794851.338764744345099, -1661078.741350313881412 ], [ -797578.906537452130578, -1665865.297635446069762 ], [ -796885.18652700423263, -1669605.27141080214642 ], [ -795054.462175265536644, -1669742.758855033898726 ], [ -796550.631497631198727, -1670842.752870683092624 ], [ -795988.801396633847617, -1672287.276874563656747 ], [ -797526.789316947222687, -1671742.254892533645034 ], [ -797262.395492932526395, -1669951.74304968258366 ], [ -801228.559879437903874, -1671996.611763343214989 ], [ -801362.212809847318567, -1669772.409699251875281 ], [ -804231.072040843311697, -1670175.035741159692407 ], [ -808392.512696895282716, -1666752.659996515605599 ], [ -809332.733922357903793, -1668479.479358770651743 ], [ -811892.878980362438597, -1667730.91689461749047 ], [ -815293.35554608469829, -1670079.908351885387674 ], [ -813567.584022260736674, -1674116.372365500545129 ], [ -815612.423964736633934, -1673760.65690330741927 ], [ -816480.319931530044414, -1675752.677613427629694 ], [ -818574.195331334602088, -1676154.334079363150522 ], [ -817053.087670068838634, -1678903.09292386751622 ], [ -819520.46496386860963, -1683527.31957191741094 ], [ -818305.785405752132647, -1684038.627969624008983 ], [ -819075.759141365997493, -1682930.524500435916707 ], [ -816972.652100779116154, -1680842.536699674790725 ], [ -814785.870793142588809, -1689020.557269834913313 ], [ -817507.048015642096289, -1689146.6835048829671 ], [ -818369.186689394526184, -1685828.352497543673962 ], [ -818736.592829160625115, -1691157.978274630382657 ], [ -820733.976723609492183, -1688787.026265894295648 ], [ -823049.143832140718587, -1689937.319874252425507 ], [ -820657.683527116198093, -1690030.17477048560977 ], [ -819154.74566399899777, -1692613.464839407010004 ], [ -819620.280073893372901, -1696264.771785055287182 ], [ -820932.579920281539671, -1695006.983239960158244 ], [ -817642.464425367536023, -1704374.727019295794889 ], [ -816967.483586709829979, -1712185.122715795878321 ], [ -815957.499377365922555, -1709254.651536231394857 ], [ -814163.074843835202046, -1711336.568344993749633 ], [ -812251.306140109430999, -1704655.572478699497879 ], [ -811880.134206525981426, -1709439.58686273987405 ], [ -808481.464562963927165, -1712623.126221742248163 ], [ -810177.501068528043106, -1712777.026348687475547 ], [ -809620.601455598836765, -1718910.153419021517038 ], [ -808647.943035482778214, -1716412.793259280966595 ], [ -808005.8170273124706, -1718158.184155509108678 ], [ -806577.514883909490891, -1717056.995599111309275 ], [ -805841.179148402297869, -1717839.238312075845897 ], [ -807873.645562067162246, -1720624.74694292107597 ], [ -807152.085143819218501, -1724953.876285666367039 ], [ -795869.558755959151313, -1703101.50214908993803 ], [ -788651.165938390418887, -1697359.883430124726146 ], [ -789179.773446236504242, -1700477.57133315037936 ], [ -786781.460545067326166, -1699227.660050774225965 ], [ -785144.998409867170267, -1702144.524990635691211 ], [ -782496.042868682648987, -1703041.094080806011334 ], [ -783139.44520768255461, -1704123.130255868192762 ], [ -786016.557389675755985, -1703425.87178558530286 ], [ -784952.487600520951673, -1705818.389837269671261 ], [ -788166.483368660672568, -1707451.027006929274648 ], [ -788500.470111950417049, -1710114.417681185062975 ], [ -791065.052192950504832, -1708082.481955782743171 ], [ -796117.977030869340524, -1713219.075869618682191 ], [ -794277.512008903431706, -1715639.341252743965015 ], [ -796707.013451875187457, -1718243.113899517804384 ], [ -796441.371266405913047, -1720981.928011229960248 ], [ -793381.032095341710374, -1722658.643364978255704 ], [ -797379.741999280522577, -1721629.364352522650734 ], [ -798236.035507480846718, -1724688.254635753808543 ], [ -796612.795435956912115, -1736931.826349826762453 ], [ -794500.813807793310843, -1736907.457936129532754 ], [ -793598.846290457178839, -1734884.8341483338736 ], [ -790509.177381587331183, -1735202.601481758290902 ], [ -795345.964633493567817, -1738586.228001537499949 ], [ -799488.870691109215841, -1737874.376023438991979 ], [ -803219.029163177474402, -1745557.500944109400734 ], [ -807483.126552709029056, -1738595.278039394179359 ], [ -810702.049437663750723, -1736821.210439362097532 ], [ -808332.97416892403271, -1735707.711052294820547 ], [ -808656.569103977060877, -1733928.374080198118463 ], [ -811004.708933950285427, -1734161.818827345967293 ], [ -812278.843216450768523, -1732642.83051647990942 ], [ -811276.80739868292585, -1739270.222338198684156 ], [ -812560.472948859096505, -1745270.940148832276464 ], [ -816440.396804057178088, -1744356.60345501685515 ], [ -817455.806841033394448, -1746811.743446716340259 ], [ -816094.843570159282535, -1748025.62426666310057 ], [ -818300.07123698911164, -1749746.709125611465424 ], [ -814986.828861076268367, -1753404.859415894141421 ], [ -817360.197654198273085, -1756333.185863610589877 ], [ -814835.38097257737536, -1758499.79657484148629 ], [ -815855.637694396893494, -1763057.185839313082397 ], [ -814423.456741151981987, -1762512.838046283693984 ], [ -814352.717940256698057, -1764406.730997074395418 ], [ -812583.602212841738947, -1765210.94363121711649 ], [ -808231.133746440755203, -1762742.842780242906883 ], [ -806558.056938170804642, -1764512.438621131936088 ], [ -797057.189416907378472, -1760901.509043900994584 ], [ -784070.052652080659755, -1761807.801468513673171 ], [ -780253.909938820754178, -1764647.403634874848649 ], [ -773664.942568098427728, -1765659.357204619562253 ], [ -770469.004748032311909, -1768994.93805893487297 ], [ -761106.059610105236061, -1768369.418538939207792 ], [ -758586.229711034102365, -1764518.505347692407668 ], [ -756222.063262220122851, -1764030.182378813158721 ], [ -756041.629877834580839, -1765409.419134151190519 ], [ -758812.926761045237072, -1765353.128733109449968 ], [ -759329.689899807213806, -1768879.887865487718955 ], [ -767438.198576050344855, -1770658.806141027482226 ], [ -777512.180550816701725, -1766478.794969444163144 ], [ -793815.794408062822185, -1770009.456095782574266 ], [ -803978.210316801909357, -1769134.911383021622896 ], [ -808992.151043991092592, -1770421.58793974481523 ], [ -809538.722519881557673, -1768194.617589599918574 ], [ -812105.876694855862297, -1768568.573592253960669 ], [ -812283.050001811119728, -1765909.34321105456911 ], [ -814854.983855865313672, -1766462.850111482664943 ], [ -816003.622896351735108, -1763731.447216566419229 ], [ -821622.367659567622468, -1772050.686496573965997 ], [ -815445.833939729724079, -1771465.884811976458877 ], [ -814166.052758959122002, -1776734.605973966885358 ], [ -816760.224148112931289, -1774505.91499158507213 ], [ -820041.843923854874447, -1776669.489382747327909 ], [ -828329.679151391959749, -1778151.565054982202128 ], [ -829348.505989290075377, -1777099.358023273292929 ], [ -822843.862623751047067, -1775647.725982866482809 ], [ -821665.566874740645289, -1773388.942739816615358 ], [ -822743.150144168757834, -1771820.011456899577752 ], [ -833581.63400272547733, -1772795.1759210343007 ], [ -837228.576155252754688, -1764794.713375340681523 ], [ -839814.25708135671448, -1762824.203222473617643 ], [ -839062.280268291244283, -1761247.430082969833165 ], [ -845113.829170610988513, -1758342.154744896572083 ], [ -861928.554594260291196, -1756486.871708831284195 ], [ -868631.379878792795353, -1752146.816228915471584 ], [ -867856.19815198238939, -1754423.647394173778594 ], [ -862735.029459557728842, -1756447.165159207070246 ], [ -863927.368055264581926, -1757541.960689513711259 ], [ -860588.178916134871542, -1759216.542595590464771 ], [ -865522.214925209060311, -1761578.04951483104378 ], [ -860509.601843806565739, -1766011.265379332238808 ], [ -859275.831014309660532, -1770021.205439974088222 ], [ -867359.544675379060209, -1766557.364647309295833 ], [ -870758.028899363125674, -1762536.95568897924386 ], [ -869741.414968714118004, -1765718.419406802626327 ], [ -866967.252450194209814, -1767690.415752100991085 ], [ -870339.171265325858258, -1766890.028506679693237 ], [ -867789.5582807516912, -1768883.928494742140174 ], [ -870415.01761838584207, -1768014.148303182795644 ], [ -868279.852153356419876, -1775609.583710978273302 ], [ -869659.455227526836097, -1774062.116281205322593 ], [ -871969.338610749109648, -1774656.320200224639848 ], [ -871679.086034625652246, -1777557.088678463594988 ], [ -875493.363184698857367, -1768435.257529798196629 ], [ -871179.153330270433798, -1770825.85057450667955 ], [ -872385.007709393510595, -1768979.65140947396867 ], [ -870923.523369569331408, -1768000.140409415122122 ], [ -873366.221641572541557, -1766883.080730868736282 ], [ -872535.199588755145669, -1765426.02797501697205 ], [ -875496.916342195123434, -1764159.275342249544337 ], [ -875039.115090788924135, -1765279.0286484437529 ], [ -877552.541306481696665, -1764716.966745759593323 ], [ -877301.977702914271504, -1766259.47493934025988 ], [ -877873.999228311120532, -1764535.588775203563273 ], [ -881448.985803392133676, -1763181.433639487251639 ], [ -880264.835688253398985, -1762789.568144253687933 ], [ -881511.052394524915144, -1761264.963491281727329 ], [ -881781.959888231009245, -1762622.311751243891194 ], [ -887121.530497296247631, -1758912.31921108532697 ], [ -882614.002105263993144, -1757475.515144001459703 ], [ -881878.912144924979657, -1758660.867265168344602 ], [ -881810.061204306897707, -1756888.498368994565681 ], [ -880853.908151570823975, -1758867.485044599510729 ], [ -880060.845833009341732, -1757893.88928868365474 ], [ -884758.358500450616702, -1751989.360820028232411 ], [ -881959.740546255139634, -1754379.917166333179921 ], [ -881713.229321904131211, -1752924.042936233105138 ], [ -878938.101007994730026, -1754037.834136466961354 ], [ -883266.77822017413564, -1747948.672655717469752 ], [ -883301.565002854680642, -1749614.699442489771172 ], [ -887099.599299302441068, -1746995.875313516007736 ], [ -887601.810175031190738, -1747957.352246262365952 ], [ -888742.658246184932068, -1745779.528593732975423 ], [ -891196.511882263119332, -1744642.575201716506854 ], [ -888572.883677429752424, -1747201.64379099663347 ], [ -890156.963208525674418, -1747276.858839546330273 ], [ -888768.225891077541746, -1748558.123645209008828 ], [ -888953.473671403713524, -1749089.805497735040262 ], [ -890618.649674734915607, -1747118.193149325437844 ], [ -890258.929157445323654, -1749487.906095020938665 ], [ -891455.407166703022085, -1749407.913833127124235 ], [ -892353.572503949282691, -1747110.788931681541726 ], [ -893660.199343606014736, -1748285.994085417594761 ], [ -893380.096729198936373, -1747476.658062108792365 ], [ -895343.655887843226083, -1747383.035588670987636 ], [ -894142.004956056945957, -1748529.261360942386091 ], [ -895922.023036805912852, -1747599.568610913818702 ], [ -896274.417895769583993, -1749310.716514188563451 ], [ -900017.203205557423644, -1748448.257999211316928 ], [ -898229.77313113049604, -1749947.411215889034793 ], [ -898058.463866503792815, -1750687.598069285973907 ], [ -900811.473892512498423, -1748705.670566813787445 ], [ -903720.63265894819051, -1749237.05840433598496 ], [ -903351.944836803246289, -1750662.623549277428538 ], [ -902285.598483959096484, -1750335.263476575259119 ], [ -901226.076526147779077, -1750722.347935227444395 ], [ -901047.447970127803273, -1754993.24125885264948 ], [ -904781.682388893095776, -1749939.325543623184785 ], [ -905224.182845918112434, -1751230.878818685887381 ], [ -906582.687144358409569, -1750706.081514183431864 ], [ -904984.668372836778872, -1752459.770846142899245 ], [ -905832.994701833813451, -1754501.078484661411494 ], [ -901738.440435372875072, -1754899.666426471201703 ], [ -905637.943830066476949, -1755350.068044675281271 ], [ -902167.382780313258991, -1756479.547510194126517 ], [ -903814.116252345964313, -1757663.057782042073086 ], [ -900678.591731962282211, -1757900.141380351735279 ], [ -899676.338533327332698, -1759866.117715261876583 ], [ -904307.717221189057454, -1758323.626105966046453 ], [ -901882.741707125212997, -1760147.02891258103773 ], [ -904960.74015360721387, -1761864.47790220216848 ], [ -907167.614353996817954, -1760200.360996383009478 ], [ -906672.90554914844688, -1762761.463520564138889 ], [ -901119.443874836782925, -1766802.465901075396687 ], [ -901308.91837560525164, -1765166.825159607920796 ], [ -898471.307471458916552, -1765793.811195163289085 ], [ -900205.437564511783421, -1762492.487275413237512 ], [ -898492.666738087660633, -1762829.206270267488435 ], [ -890804.091927854460664, -1767554.478956945706159 ], [ -889078.4256407947978, -1769296.85823604138568 ], [ -890201.92237976368051, -1769981.508174661314115 ], [ -888280.199269389966503, -1771204.587649382883683 ], [ -888419.551036903285421, -1771973.206885621650144 ], [ -893764.634541815845296, -1771141.148015490267426 ], [ -892717.705543300602585, -1772764.199922568630427 ], [ -893910.714783365256153, -1772871.918213725555688 ], [ -894679.750932960538194, -1770517.570721884025261 ], [ -897703.300798706011847, -1770497.02694293553941 ], [ -895483.2649749990087, -1773243.067058659624308 ], [ -890978.643771603237838, -1775063.288860124535859 ], [ -891811.79357766895555, -1776432.650969031732529 ], [ -889895.709634626284242, -1776026.271642219042405 ], [ -888247.897192049305886, -1776702.006731000263244 ], [ -893245.453065040172078, -1778479.589138055220246 ], [ -897304.135501448297873, -1777448.935303612612188 ], [ -897610.219117658562027, -1778681.495987575501204 ], [ -900916.072159396717325, -1777238.096926494734362 ], [ -900452.003802669234574, -1775844.927001915406436 ], [ -903780.786854965146631, -1776152.838976033730432 ], [ -904959.256300601060502, -1775761.477305102394894 ], [ -903953.221550675923936, -1775300.747161633102223 ], [ -907415.867762338253669, -1775311.413210234604776 ], [ -909272.672257204190828, -1773923.096337901428342 ], [ -910391.103767184889875, -1773583.428391707828268 ], [ -911114.408194741583429, -1773574.171319790184498 ], [ -902224.311045086011291, -1778249.719330068910494 ], [ -910876.964783171890303, -1776573.948364425217733 ], [ -910520.09571020421572, -1777993.469414674676955 ], [ -899838.011973496060818, -1780632.372439917642623 ], [ -893079.210792812285945, -1784576.867641485994682 ], [ -901723.788356446893886, -1786193.750340875471011 ], [ -895064.23398118687328, -1789126.994944559177384 ], [ -902704.81140008114744, -1788159.448711637873203 ], [ -913503.67674048000481, -1783637.132221720414236 ], [ -914895.794807152589783, -1784433.806661124108359 ], [ -911133.519217621418647, -1786159.571720664622262 ], [ -910921.895985449082218, -1788528.048015407053754 ], [ -918168.040416062925942, -1787169.434224167373031 ], [ -918116.692063580267131, -1788541.238854561233893 ], [ -913912.683381432434544, -1788993.983328307745978 ], [ -914145.118800891796127, -1790898.52276911190711 ], [ -910982.285132177057676, -1792004.056486919289455 ], [ -908546.812084175180644, -1797438.749929717974737 ], [ -908092.034437126363628, -1794203.388030151603743 ], [ -905518.584245141479187, -1794586.020209027454257 ], [ -906675.92565071710851, -1791708.713923470117152 ], [ -901822.09900230600033, -1791767.430442937184125 ], [ -900777.71728986618109, -1790358.57037089089863 ], [ -897721.168325498350896, -1792204.308455164311454 ], [ -898031.657241669599898, -1793753.636398236034438 ], [ -900532.52248483186122, -1793572.512455908348784 ], [ -898797.163185734883882, -1794831.409948684507981 ], [ -898934.448746963753365, -1795094.543345045763999 ], [ -903082.491519179660827, -1795995.739495989168063 ], [ -902861.243633648031391, -1800607.271229284116998 ], [ -907208.084905177704059, -1801590.488478454761207 ], [ -909153.216030370444059, -1804290.245741472346708 ], [ -904823.808676782762632, -1803673.224033308913931 ], [ -896683.12962033925578, -1805714.060542374383658 ], [ -889342.780662869452499, -1813159.992696668719873 ], [ -886169.912985544884577, -1813134.73858856013976 ], [ -885156.6540437056683, -1816638.031481753801927 ], [ -883147.104199787019752, -1816554.154710222268477 ], [ -883950.697037128615193, -1818558.362843165406957 ], [ -879418.772840117453597, -1822428.477349536959082 ], [ -880493.665144509868696, -1822903.607653867686167 ], [ -879840.787632877589203, -1826577.361123613314703 ], [ -875990.906072809244506, -1830021.200140390079468 ], [ -860476.719757936894894, -1822342.647841443307698 ], [ -861634.307202872470953, -1818516.987715383991599 ], [ -859718.793253650423139, -1818157.310277274344116 ], [ -858949.726707476191223, -1822370.143059774069116 ], [ -872407.967281015007757, -1834875.725174255669117 ], [ -869403.901422940427437, -1836902.012406445108354 ], [ -866830.216761012678035, -1842180.479447152465582 ], [ -864772.374632466118783, -1841892.510429963236675 ], [ -865275.969904339173809, -1842938.782853557029739 ], [ -867251.452576006180607, -1842989.31386624276638 ], [ -871823.154596801265143, -1839545.143552962457761 ], [ -875292.242448923527263, -1840153.770568561274558 ], [ -870772.19055779883638, -1854402.974741133861244 ], [ -863824.634645792539231, -1861666.690310494275764 ], [ -860467.978438008343801, -1862050.218086362583563 ], [ -861084.085486063384451, -1864647.839790124678984 ], [ -861428.055188416852616, -1862337.898947812616825 ], [ -866724.600803573732264, -1863172.671058582840487 ], [ -868071.977562591782771, -1860821.842134913662449 ], [ -873203.503712331410497, -1858080.873182671144605 ], [ -878516.158935931511223, -1849525.110717745264992 ], [ -884876.003958869725466, -1845082.980654206126928 ], [ -886330.291197487036698, -1847715.384948445716873 ], [ -880701.323792830342427, -1855438.580146115738899 ], [ -882175.006610961514525, -1856066.348356451839209 ], [ -887427.143979808082804, -1845540.061336114536971 ], [ -889531.297100973315537, -1844996.017032396048307 ], [ -890550.727674179594032, -1840989.774067083373666 ], [ -896091.395703409449197, -1842253.831029952503741 ], [ -897750.892718398245052, -1844864.344214241718873 ], [ -894801.131863262155093, -1855811.459725902182981 ], [ -887286.54764432576485, -1862306.182827767217532 ], [ -883806.085362923913635, -1867512.563592558726668 ], [ -885560.888156826840714, -1867507.302143821725622 ], [ -886368.860799115616828, -1864697.746775960549712 ], [ -890371.839013950549997, -1862158.247598419897258 ], [ -888499.046834543463774, -1866063.224522175267339 ], [ -890188.172801616950892, -1867096.910129899857566 ], [ -889444.789570637396537, -1864243.532141805859283 ], [ -892078.956493086297996, -1862419.609310631873086 ], [ -893388.824455371126533, -1878633.195011510513723 ], [ -894184.103910428937525, -1880555.685989487217739 ], [ -895611.656669273856096, -1879698.683171481825411 ], [ -897028.362465971964411, -1886060.898569968529046 ], [ -895073.988561523146927, -1888089.122862272895873 ], [ -894841.922487705713138, -1894513.219032878056169 ], [ -892195.935366475954652, -1901499.305221744580194 ], [ -893695.14155651407782, -1901526.088029257021844 ], [ -893041.133115097763948, -1906840.887064221082255 ], [ -895159.621761343441904, -1902643.105395015794784 ], [ -894932.904756472911686, -1899301.283295389730483 ], [ -896598.445751330582425, -1896124.650502875447273 ], [ -898374.1960500983987, -1896314.217618952039629 ], [ -901467.182271421304904, -1888710.759442636277527 ], [ -905458.864253304083832, -1885975.325026793172583 ], [ -909080.686511197593063, -1880424.762869627680629 ], [ -915962.367173792561516, -1877485.841771268518642 ], [ -917354.062397801782936, -1869349.312040195334703 ], [ -922911.325050941552036, -1860003.726365841692314 ], [ -928369.781120442785323, -1855325.428953384980559 ], [ -931999.73724178224802, -1844821.656998900230974 ], [ -937813.886316889082082, -1838730.432006955612451 ], [ -945147.773832238744944, -1835942.258922453504056 ], [ -944129.124108755262569, -1829316.013459704583511 ], [ -942322.594766846508719, -1828449.956135118380189 ], [ -943956.14329373894725, -1827544.492859068326652 ], [ -945355.452110445243306, -1822556.881367132533342 ], [ -948271.882490357733332, -1821099.746144412551075 ], [ -950064.348510102601722, -1821963.200883828569204 ], [ -951172.608203440322541, -1817510.449762670090422 ], [ -949705.340242696460336, -1815126.236255195690319 ], [ -948010.959548484301195, -1815615.291601078119129 ], [ -947819.801493094768375, -1810076.81946020340547 ], [ -950020.037519308854826, -1813318.506102426443249 ], [ -953466.349595629493706, -1811606.700096641900018 ], [ -953705.994347091182135, -1807947.970071533694863 ], [ -954218.302108642994426, -1811317.694358471781015 ], [ -957192.175092184916139, -1811017.537339167203754 ], [ -958794.027165298582986, -1809096.02982351090759 ], [ -958945.096554378629662, -1803493.820210103644058 ], [ -960741.757790932664648, -1801900.445392180234194 ], [ -963348.303811846068129, -1805817.744406801881269 ], [ -963608.112376120057888, -1801726.719113955507055 ], [ -967748.48248770670034, -1800640.331372777698562 ], [ -964922.388359864708036, -1794249.664523548213765 ], [ -962942.539104419876821, -1793606.07175574474968 ], [ -966451.517415383714251, -1792651.720716536510736 ], [ -964386.541091132210568, -1788979.026453989325091 ], [ -966052.021484007593244, -1788012.864033005433157 ], [ -965732.46766409650445, -1786404.933865430532023 ], [ -962668.528887208900414, -1785003.404977288562804 ], [ -959705.917479059542529, -1785718.569706723326817 ], [ -959516.220339701510966, -1787287.214868067763746 ], [ -956403.610706057515927, -1783520.789831588277593 ], [ -960763.00407673092559, -1783067.633381022838876 ], [ -963018.955353224882856, -1780181.030342941405252 ], [ -961071.793979099020362, -1779194.641389748314396 ], [ -962820.394966109772213, -1776799.453989168163389 ], [ -960928.967047281097621, -1774706.112185966456309 ], [ -968862.919991442584433, -1779867.115056964335963 ], [ -972832.264134237309918, -1778863.269731696695089 ], [ -975180.107177447760478, -1784311.764153950149193 ], [ -974505.150006006238982, -1790352.18925457354635 ], [ -977078.497682452318259, -1792482.89505874319002 ], [ -978741.012026791810058, -1791478.170328947715461 ], [ -979735.896419845405035, -1796516.57916123024188 ], [ -985408.607569924904965, -1799928.636687102261931 ], [ -983314.014062834903598, -1796153.797005726955831 ], [ -987032.291405840427615, -1800871.550134565215558 ], [ -990192.284138234332204, -1812681.127705204533413 ], [ -987786.909963670768775, -1815425.653175112791359 ], [ -986169.76223943871446, -1813854.653993981424719 ], [ -986342.788140866905451, -1817974.882688533281907 ], [ -982754.637900228146464, -1818655.679245449369773 ], [ -978993.385365427820943, -1822440.110773449530825 ], [ -979662.837511116405949, -1823569.781489628367126 ], [ -985327.191208962583914, -1819365.512912565842271 ], [ -989295.14129768894054, -1822305.871711734682322 ], [ -987119.402143674204126, -1820050.291778061306104 ], [ -988133.860712191206403, -1819402.785150134935975 ], [ -992090.217038254486397, -1824013.128982436144724 ], [ -994518.54812301741913, -1823302.023829105542973 ], [ -1000482.758631707169116, -1826398.572486373828724 ], [ -1002356.742688999278471, -1825791.911107860971242 ], [ -1003477.152291207923554, -1822765.335428522899747 ], [ -1006968.134349968284369, -1822582.626091498881578 ], [ -1009380.269790716352873, -1827582.427894074236974 ], [ -1007140.400151158683002, -1829799.357013990171254 ], [ -1009614.755330142215826, -1829106.404763995436952 ], [ -1011170.412361954455264, -1831158.793874649796635 ], [ -1003964.28727094293572, -1843772.120972190517932 ], [ -1012902.220143054029904, -1844101.369070281274617 ], [ -1011869.609647948760539, -1841927.519296607468277 ], [ -1015328.205173027119599, -1840310.559248268371448 ], [ -1016509.744933262118138, -1837988.748749507823959 ], [ -1015513.390494883060455, -1847302.906837397022173 ], [ -1016881.744834254961461, -1848079.137941157445312 ], [ -1017257.820782324415632, -1846113.991201797733083 ], [ -1019351.381037406972609, -1848389.032464104471728 ], [ -1020958.583913606824353, -1848019.244885142194107 ], [ -1017236.44587506109383, -1842559.976632005302235 ], [ -1027554.973497615428641, -1850007.939489743905142 ], [ -1028908.554345355252735, -1854732.904810850508511 ], [ -1034372.345844047260471, -1858261.727440658258274 ], [ -1038781.989978425554, -1865089.899541644612327 ], [ -1036985.047997871646658, -1866334.637011856306344 ], [ -1032677.794655875070021, -1863097.619010183960199 ], [ -1033722.65388808096759, -1864902.255046500824392 ], [ -1031295.083422764553688, -1864612.587415941758081 ], [ -1032756.537270326400176, -1866663.680208696052432 ], [ -1030911.302827927633189, -1867752.737889000680298 ], [ -1035045.725358394789509, -1867164.580225218553096 ], [ -1037571.52081819891464, -1869816.926514607854187 ], [ -1038679.060076701804064, -1868744.255413983250037 ], [ -1039106.081718766828999, -1872807.217100189533085 ], [ -1040078.592355614178814, -1871988.958909133449197 ], [ -1040566.851082558510825, -1873263.540024979272857 ], [ -1040782.96421545476187, -1871754.95581250730902 ], [ -1042743.211264414712787, -1878473.822071434697136 ], [ -1044583.88148, -1878289.664225054439157 ], [ -1045966.552192277740687, -1881164.573929525911808 ], [ -1047678.586801562807523, -1891356.273349480004981 ], [ -1046274.15619131596759, -1914143.309729870641604 ], [ -1039582.951816710759886, -1926972.802254772977903 ], [ -1039067.724663742119446, -1935143.755184577777982 ], [ -1036673.542969601228833, -1935776.401445584371686 ], [ -1036795.176878928090446, -1934190.510474836220965 ], [ -1034428.428428600076586, -1935354.793580638011917 ], [ -1036442.275126931024715, -1937556.96539903129451 ], [ -1038077.411229274468496, -1935691.119331046240404 ], [ -1038889.072010560077615, -1937024.829736437648535 ], [ -1036501.003211182309315, -1954501.143444910179824 ], [ -1038069.678988358471543, -1958838.326215835753828 ], [ -1039605.944292668602429, -1959238.542860099347308 ], [ -1035994.813891197205521, -1962904.757450678385794 ], [ -1032128.653397397371009, -1956283.722122810781002 ], [ -1020465.489749397267587, -1958365.703714637085795 ], [ -1018588.793746401323006, -1959853.261271970113739 ], [ -1016802.762320791254751, -1966806.012550574261695 ], [ -1017589.378500092658214, -1973471.076788962353021 ], [ -1023289.330232870066538, -1980290.833359381649643 ], [ -1033522.227502768742852, -1984412.719008123502135 ], [ -1034111.494394690846093, -1988434.292586352908984 ], [ -1036194.099760892102495, -1987875.748286733403802 ], [ -1041097.40056467615068, -1996139.104218422202393 ], [ -1048460.422379299183376, -1999065.173951926641166 ], [ -1052647.851992361014709, -2006542.90253093233332 ], [ -1059767.847784326644614, -2012603.822669008513913 ], [ -1066843.1002112692222, -2016698.494789350777864 ], [ -1070909.232601846801117, -2013881.628998456988484 ], [ -1073395.158530426677316, -2014883.664979225257412 ], [ -1076065.001985757844523, -2018977.01933055347763 ], [ -1075239.302045195829123, -2020157.180339748505503 ], [ -1077892.612524276832119, -2026581.857006556121632 ], [ -1081402.706989911384881, -2028949.130578077631071 ], [ -1075546.157561974367127, -2032356.272163678193465 ], [ -1074276.950029763858765, -2037459.444764346582815 ], [ -1081392.293541793944314, -2043882.021211862796918 ], [ -1083595.849014821462333, -2043163.320515258703381 ], [ -1086518.7059946290683, -2045722.629982564598322 ], [ -1091874.525737212272361, -2044615.851242369739339 ], [ -1091465.102935094153509, -2048696.624690094031394 ], [ -1087422.93948881351389, -2051215.179409622447565 ], [ -1087107.323966273805127, -2058745.998575709760189 ], [ -1087854.312174981925637, -2055966.846258262638003 ], [ -1092265.884699335321784, -2063490.4158865371719 ], [ -1094125.187240962870419, -2072245.137262257747352 ], [ -1096441.419792727334425, -2071281.494929393287748 ], [ -1095210.467217329191044, -2075189.332413658965379 ], [ -1099390.672721911221743, -2082886.056593090295792 ], [ -1100121.855706618865952, -2089732.177916904212907 ], [ -1116659.307124487124383, -2118694.199558461084962 ], [ -1128759.038248752476647, -2133666.388940287288278 ], [ -1151946.002948900219053, -2152971.916315713897347 ], [ -1184709.268828420666978, -2171224.13734653359279 ], [ -1218661.154526518424973, -2187407.483567864634097 ], [ -1228880.212093502283096, -2191338.47576121147722 ], [ -1251173.446018712827936, -2195485.070700567681342 ], [ -1266121.472572264261544, -2201262.114047244656831 ], [ -1273075.790583768859506, -2200239.281672689132392 ], [ -1272043.852559921331704, -2201937.698448348790407 ], [ -1273784.337121250340715, -2202255.724768307525665 ], [ -1273720.146205699071288, -2201126.782718907110393 ], [ -1276400.807635529665276, -2202694.096750914584845 ], [ -1274658.757935974979773, -2203328.553226456511766 ], [ -1274831.81580413156189, -2206859.012664915062487 ], [ -1277741.367749304510653, -2208544.995400742162019 ], [ -1279070.100425308803096, -2205197.230956125538796 ], [ -1280853.462091355584562, -2205987.422195242717862 ], [ -1282070.266640643123537, -2209957.854414563626051 ], [ -1287820.928801763104275, -2215160.283271248452365 ], [ -1297594.996959093725309, -2214396.746847548522055 ], [ -1300651.61271243984811, -2216877.302429554052651 ], [ -1303602.640788397751749, -2217000.071098876185715 ], [ -1304142.426355528412387, -2221150.656193960923702 ], [ -1306070.967254753923044, -2219208.654414773453027 ], [ -1306600.784470236161724, -2220477.472688821144402 ], [ -1307815.767022179439664, -2219744.898068962153047 ], [ -1307153.041878098621964, -2222793.961281207855791 ], [ -1311920.466213780688122, -2224420.049240194261074 ], [ -1311498.929935532156378, -2231419.268142232205719 ], [ -1309134.041565702995285, -2232443.499905508477241 ], [ -1310358.89663436007686, -2233952.131872678175569 ], [ -1308221.650580104673281, -2234807.39216258469969 ], [ -1308477.995415309211239, -2237756.516728020273149 ], [ -1303669.208869144320488, -2235274.193225428462029 ], [ -1304229.992985180113465, -2237933.740777890663594 ], [ -1302210.203355389647186, -2237819.420912599656731 ], [ -1244359.729725669836625, -2212387.032061744481325 ], [ -1233685.715905539458618, -2212942.603216869290918 ], [ -1225809.122648867079988, -2210644.912390784360468 ], [ -1208274.798889662371948, -2199049.39720843732357 ], [ -1168563.307257034350187, -2179552.729846995789558 ], [ -1154432.871127016376704, -2177633.376822545193136 ], [ -1136610.522703836439177, -2177790.710680732037872 ], [ -1140703.597157943295315, -2173146.653673905413598 ], [ -1139396.94459486217238, -2165001.606760373804718 ], [ -1133695.146242464659736, -2163385.769739628769457 ], [ -1131089.828107760520652, -2166158.359119961503893 ], [ -1122865.093149416614324, -2167019.917971417773515 ], [ -1125112.271436506649479, -2164223.335986742284149 ], [ -1124649.849699167534709, -2162500.6043416489847 ], [ -1122931.978060182416812, -2164223.812748421449214 ], [ -1121539.49021932343021, -2162162.658199425786734 ], [ -1118730.050621525384486, -2164544.464126656763256 ], [ -1117549.944020836381242, -2161918.900001756846905 ], [ -1120003.829676876077428, -2160685.164249885827303 ], [ -1118818.287564070196822, -2159745.827747704461217 ], [ -1122541.193756424821913, -2158317.570257061626762 ], [ -1112973.082366076763719, -2157282.085370911285281 ], [ -1108703.6363612676505, -2154282.580928129144013 ], [ -1103950.71449052891694, -2153704.051929318346083 ], [ -1058572.584984170505777, -2153012.271892657037824 ], [ -1046217.331372125307098, -2151273.989006972871721 ], [ -1043564.547976047149859, -2148383.097196216695011 ], [ -1047202.253668522695079, -2144272.694588438142091 ], [ -1046758.032940892269835, -2136730.374565321486443 ], [ -1058948.776094937231392, -2129224.303158498834819 ], [ -1061729.652483069337904, -2121562.019636082462966 ], [ -1057647.630264116683975, -2112038.086810247041285 ], [ -1042215.172868205816485, -2095246.763290360569954 ], [ -1018485.993792944937013, -2079927.212287464877591 ], [ -972473.039593115565367, -2057198.202514969976619 ], [ -927932.795715310145169, -2046102.237757620634511 ], [ -921600.293988220742904, -2045193.395991483470425 ], [ -919612.686086080037057, -2046282.143044888740405 ], [ -917030.74394936428871, -2052734.667213639477268 ], [ -914443.870691364514641, -2054604.899604723323137 ], [ -895207.444942868314683, -2053845.506642996799201 ], [ -888379.269535188446753, -2056513.973229778464884 ], [ -886428.031172776012681, -2054564.514355524908751 ], [ -887434.856913256575353, -2053376.794134420808405 ], [ -884220.918296520481817, -2051015.574330145260319 ], [ -879222.590455126366578, -2051513.928971060086042 ], [ -875956.742576181422919, -2048507.286257051397115 ], [ -869999.686103474465199, -2047711.391867648810148 ], [ -870741.785561591386795, -2044280.616828836733475 ], [ -867735.460367930238135, -2042788.270931249950081 ], [ -868594.967536676907912, -2041163.856927098706365 ], [ -866935.847108152345754, -2040130.751534794922918 ], [ -846516.502368595567532, -2044338.516337616369128 ], [ -843054.730169878341258, -2048139.018368052318692 ], [ -837525.962804549606517, -2048098.75236616213806 ], [ -837173.539631379302591, -2046665.05387708148919 ], [ -833610.757349449326284, -2047545.615959823830053 ], [ -833778.522941111121327, -2046011.032280396204442 ], [ -831360.514041702728719, -2044723.585599247133359 ], [ -828359.504155302303843, -2046320.815704410197213 ], [ -829400.171709059854038, -2044489.810347492573783 ], [ -810530.523880194639787, -2040394.155342451063916 ], [ -790963.094562118174508, -2029019.351984286215156 ], [ -786700.199174662702717, -2030125.709520424949005 ], [ -786717.68174845201429, -2027850.97342041390948 ], [ -786022.269355368916877, -2027088.176272622775286 ], [ -786230.935475747915916, -2029115.944631575141102 ], [ -783282.368368997238576, -2032626.941571497358382 ], [ -773489.519587505608797, -2034743.787790769711137 ], [ -767121.225858198944479, -2038955.880252457223833 ], [ -757462.2232902192045, -2050579.464326645480469 ], [ -757539.913410002482124, -2054360.080247881822288 ], [ -762576.478136167745106, -2061425.289515916956589 ], [ -758603.227116781519726, -2067435.461911489022896 ], [ -733074.011231205891818, -2078447.890905775129795 ], [ -728871.125861390843056, -2082161.580654116347432 ], [ -717218.030716461711563, -2085344.874279165873304 ], [ -705968.620161988423206, -2086099.782816030783579 ], [ -694227.500984178506769, -2089553.762199888471514 ], [ -680791.445622205617838, -2083878.886478237807751 ], [ -652780.689906792598777, -2083639.387705563101918 ], [ -638194.744931066059507, -2079106.315238551003858 ], [ -628288.429177721613087, -2081261.401153094368055 ], [ -620268.621425073943101, -2078187.841583117609844 ], [ -610194.50925667444244, -2069110.817042084410787 ], [ -600515.688410176429898, -2067016.211851416388527 ], [ -591531.006902992376126, -2073426.26151346298866 ], [ -587252.108685206971131, -2074706.716839435743168 ], [ -570565.868729086592793, -2073485.463992292294279 ], [ -568486.306587833329104, -2081131.116086050169542 ], [ -558326.675588466692716, -2080630.313898399705067 ], [ -545827.874322544899769, -2084129.969362608157098 ], [ -531400.223285633721389, -2083752.598819414386526 ], [ -489211.453454150410835, -2074757.631857071304694 ], [ -472346.02039557218086, -2073922.20712415734306 ], [ -468848.090733024408109, -2085982.347763119731098 ], [ -452394.478660283901263, -2094115.887137776473537 ], [ -448014.087054189818446, -2093613.156890594866127 ], [ -446359.330884982366115, -2081722.244249490089715 ], [ -437746.644815454841591, -2077882.76586143556051 ], [ -427009.425292614323553, -2069324.766839438583702 ], [ -417435.063213235000148, -2057438.301250227261335 ], [ -415830.117717819812242, -2058739.419584026094526 ], [ -416377.142520976718515, -2060406.80395321873948 ], [ -414161.003936645574868, -2061193.904695143923163 ], [ -415283.480296280351467, -2062476.646644706372172 ], [ -418620.075100979476701, -2062100.280663705198094 ], [ -420556.773186647391412, -2065422.461854964261875 ], [ -411484.521460904681589, -2062958.025408460991457 ], [ -409576.16070580406813, -2058520.21947855129838 ], [ -410540.469516718760133, -2056000.059028641553596 ], [ -405454.737069395254366, -2057356.467589362058789 ], [ -401505.611039054987486, -2056192.842224724357948 ], [ -402076.547334363276605, -2049919.535303661134094 ], [ -398513.063274762709625, -2055530.758307228563353 ], [ -398021.702534964948427, -2041167.449274335755035 ], [ -395625.476261781353969, -2037018.365999091183767 ], [ -395536.748712435015477, -2029308.60367320291698 ], [ -392839.511740268906578, -2027332.514830598141998 ], [ -389258.85433954274049, -2018484.713451700983569 ], [ -384175.276328918174841, -2013471.07189928740263 ], [ -371903.620500450895634, -2010130.912653835257515 ], [ -364571.942965935857501, -2001906.145518735982478 ], [ -350890.282951961678918, -1995409.579966554883868 ], [ -344115.044501001364551, -1996142.430243102367967 ], [ -345028.161573740537278, -1999227.838485701708123 ], [ -340477.983086996828206, -2001516.016815840499476 ], [ -334906.045793305733241, -2000494.231715226080269 ], [ -328534.818835734738968, -2003204.101432478288189 ], [ -320696.481049552676268, -2002724.457147912122309 ], [ -316075.329077900038101, -1998220.960869451519102 ], [ -304916.636047718871851, -1996697.968850986333564 ], [ -287791.568176297703758, -1999691.221691195853055 ], [ -272563.485619469138328, -1998232.539794991491362 ], [ -262404.43453019548906, -1993585.170836248202249 ], [ -255622.431308592116693, -1987448.33841338660568 ], [ -224857.837355205818312, -1954025.200164906447753 ], [ -212765.410774186224444, -1946008.229752398794517 ], [ -196656.516481251135701, -1940553.54121287795715 ], [ -184800.916219776758226, -1941021.732379417866468 ], [ -160903.696342784765875, -1947691.131195025052875 ], [ -79915.490771092954674, -1962540.11692681722343 ], [ 22714.326304931561026, -1963836.334585067816079 ], [ 38567.297287524874264, -1965884.312749222619459 ], [ 72346.87158817263844, -1974048.001310413237661 ], [ 86517.925663640678977, -1974613.000417175237089 ], [ 91615.704594636263209, -1972543.843369968235493 ], [ 117262.044028003467247, -1948854.726893330225721 ], [ 146022.072979366988875, -1930528.120850936509669 ], [ 139971.96109169893316, -1927066.77512186858803 ], [ 133321.889265568606788, -1920548.358566767536104 ], [ 132282.738745297363494, -1913254.434014369733632 ], [ 137214.125472507585073, -1898187.66214007511735 ], [ 150825.51211647404125, -1884626.148082026978955 ], [ 151404.91254481478245, -1882953.696817598072812 ], [ 147856.315862305433257, -1874517.519279352156445 ], [ 149285.295574786025099, -1872295.473438403569162 ], [ 148779.430151998793008, -1867533.274368080310524 ], [ 141584.705038867745316, -1858779.303504174109548 ], [ 129332.619257006343105, -1850531.93202889454551 ], [ 126634.344647553254617, -1840715.981384217971936 ], [ 129234.099347614406724, -1834035.641899885842577 ], [ 128436.593842185364338, -1830113.549596778582782 ], [ 120601.437900515869842, -1827792.06679223338142 ], [ 115306.24320638042991, -1824102.309659545542672 ], [ 119044.122014337583096, -1816039.342797776218504 ], [ 109276.34714401558449, -1810347.870905563933775 ], [ 110763.808142257796135, -1802543.205293724313378 ], [ 126804.80528165330179, -1799783.986620491137728 ], [ 137261.893015430599917, -1794036.123874522512779 ], [ 138721.116974583826959, -1789306.566679284907877 ], [ 147184.234831996582216, -1786331.704867224441841 ], [ 148853.461747027758975, -1787746.385654529556632 ], [ 149277.10386542355991, -1799756.972402842016891 ], [ 146675.748451555962674, -1806150.372499793069437 ], [ 151227.453914319805335, -1825480.079526874935254 ], [ 154178.69270307268016, -1837253.124404790345579 ], [ 159953.442104708839906, -1847385.266565111000091 ], [ 161267.824654539377661, -1854951.419762972509488 ], [ 166184.929285409889417, -1866198.091296188998967 ], [ 175945.739829656697111, -1870791.658820112235844 ], [ 187734.044547601311933, -1870096.797704078024253 ], [ 192833.87879602247267, -1865963.875053624389693 ], [ 198713.765064720035298, -1866876.961017596535385 ], [ 201840.148524035146693, -1863559.737564738141373 ], [ 203396.315143344661919, -1851552.490887366002426 ], [ 207945.97932652165764, -1846857.035575986141339 ], [ 215779.675626254815143, -1848636.460805248003453 ], [ 222152.557296589249745, -1854871.91443311679177 ], [ 226944.054857551935129, -1853257.275338937761262 ], [ 233608.176775021478534, -1858380.632284590741619 ], [ 239943.409049214737024, -1867137.999906988348812 ], [ 240435.16758682084037, -1872180.693113866029307 ], [ 246124.22360789598315, -1886810.529544663149863 ], [ 245487.948848775733495, -1892323.042647720314562 ], [ 247560.358716013171943, -1904806.467691037571058 ], [ 248686.64489626797149, -1906495.834627186181024 ], [ 252716.293248523026705, -1905030.395255647832528 ], [ 252716.60222018591594, -1910565.180523035582155 ], [ 254488.236805384396575, -1910565.226475018309429 ], [ 257808.412703049893025, -1906137.474090125178918 ], [ 262014.871829119831091, -1913664.752060686936602 ], [ 263564.538248723314609, -1913664.646511053433642 ], [ 263563.978594041487668, -1912114.854935681214556 ], [ 261793.003965062671341, -1908572.653393503278494 ], [ 273748.379395022871904, -1906580.241321048466489 ], [ 278174.850672276341356, -1904144.979752521729097 ], [ 278397.169571867561899, -1901045.428032183786854 ], [ 287252.554750759038143, -1896617.355345486430451 ], [ 285480.766206411935855, -1906137.340610373299569 ], [ 289466.063143740640953, -1903701.963592761894688 ], [ 300341.274707438133191, -1905715.950661981943995 ], [ 311083.248398308409378, -1913052.333814340643585 ], [ 325192.150555160595104, -1911021.051900274120271 ], [ 326243.813472775975242, -1914050.91462405747734 ], [ 328871.557764606841374, -1912906.772298419848084 ], [ 330649.963147475093137, -1916212.150254799984396 ], [ 332472.439651472494006, -1912483.003741456661373 ], [ 337472.945582916669082, -1909347.007789211114869 ], [ 334845.928686923987698, -1908372.265313192037866 ], [ 334924.582999385544099, -1906369.207882218295708 ], [ 339818.509630211105105, -1903913.587682711193338 ], [ 339977.167396758391988, -1901268.23259369819425 ], [ 359711.978200841578655, -1904178.315227064071223 ], [ 367231.760869169665966, -1902215.623259625397623 ], [ 376590.121371381625067, -1905580.269546507624909 ], [ 378917.420231489639264, -1903305.213197010802105 ], [ 385024.392544970323797, -1904397.239198708208278 ], [ 395589.467150145792402, -1901741.352225936017931 ], [ 401000.348711669910699, -1897831.284979774383828 ], [ 403281.110659764846787, -1891532.857372150290757 ], [ 403501.701020724023692, -1888368.261655303649604 ], [ 400745.481102076359093, -1884187.782404862577096 ], [ 403537.657165697426535, -1878923.135176427895203 ], [ 407995.57913077052217, -1876795.958041269797832 ], [ 419769.352088584331796, -1877492.843913286458701 ], [ 431617.971753889869433, -1874029.975818301085383 ], [ 448772.396897733793594, -1876056.788442553486675 ], [ 452391.034401384822559, -1879553.24797590309754 ], [ 453309.659683913632762, -1882999.972933940123767 ], [ 450389.61238844320178, -1894953.498589077498764 ], [ 461794.269993273657747, -1902028.045542352367193 ], [ 472404.985169233870693, -1912033.579581073718145 ], [ 471751.608007344126236, -1920603.641406549606472 ], [ 466034.059135070012417, -1924665.274305165046826 ], [ 460955.679869162559044, -1933890.979938587639481 ], [ 463799.847178914409596, -1939095.947505655698478 ], [ 478548.540119703800883, -1950171.072654285933822 ], [ 479396.986700255190954, -1957058.976067933952436 ], [ 474719.515939522651024, -1970961.850576486205682 ], [ 482351.301386634004302, -1981911.058259422658011 ], [ 487469.565931003075093, -1983237.185282661346719 ], [ 488162.147605840873439, -1985460.896827447228134 ], [ 486141.396458465547767, -1988614.537611594190821 ], [ 491691.397419585671742, -1992896.924643250880763 ], [ 493505.89591394958552, -2000301.412411449709907 ], [ 496519.40970204671612, -2021490.911724340636283 ], [ 489768.99486178898951, -2028732.860981483012438 ], [ 485966.439994376967661, -2035542.483065519016236 ], [ 486289.524393491097726, -2044153.316946847364306 ], [ 487963.014302362047601, -2046152.476257730973884 ], [ 494919.928228010423481, -2040632.189875851385295 ], [ 528919.426415017922409, -2041061.224702820880339 ], [ 533677.284457666566595, -2035749.278697026660666 ], [ 535211.06241988344118, -2032584.990695608546957 ], [ 534643.526843098807149, -2024462.134142293361947 ], [ 521744.333995264023542, -2008720.49032787559554 ], [ 521049.169510910229292, -2006741.00222135335207 ], [ 522773.340511488262564, -2006284.352416621753946 ], [ 528152.353834137320518, -2006638.476360033266246 ], [ 536384.403844306943938, -2011228.208108602790162 ], [ 541313.601263854419813, -2009608.964351985603571 ], [ 545179.640578412101604, -2012145.51727352058515 ], [ 549610.879942338215187, -2011008.599219558527693 ], [ 553708.699487717007287, -2014041.958273318363354 ], [ 565866.47581683145836, -2017982.537971641402692 ], [ 575492.494436929235235, -2025804.626099023269489 ], [ 581639.646795534295961, -2024461.327542446553707 ], [ 590378.176587298512459, -2027844.507949619321153 ], [ 604872.954874230432324, -2023194.999168389476836 ], [ 610564.858978448668495, -2018049.889235427137464 ], [ 618085.664273296366446, -2017318.647821099730209 ], [ 620603.946077939239331, -2014860.663332591066137 ], [ 623817.659127372782677, -2014578.647610981250182 ], [ 625502.694947068346664, -2011792.339006278431043 ], [ 622594.435163892805576, -2008206.726457386510447 ], [ 632809.323475739569403, -2004679.464884814107791 ], [ 661826.294560827314854, -2011366.178096106275916 ], [ 668285.038345443434082, -2015137.148553337203339 ], [ 680092.758452637237497, -2014632.859936164692044 ], [ 681097.709708831040189, -2020644.140426620375365 ], [ 682837.637088429532014, -2024161.236950302962214 ], [ 683747.525894537451677, -2023154.935933309141546 ], [ 684384.197727348539047, -2028771.700144196394831 ], [ 686832.918903192738071, -2029388.379093013703823 ], [ 687163.705802846583538, -2015943.514051175909117 ], [ 689428.523937601363286, -2016708.764988675247878 ], [ 691812.163698607706465, -2010410.070592107018456 ], [ 695698.629926100256853, -2010180.181243113940582 ], [ 695704.904640565160662, -2004115.024345709243789 ], [ 698563.767968272324651, -2002590.988222604384646 ], [ 694806.01705210423097, -2001656.496107063256204 ], [ 695736.376539405900985, -1996372.83900467841886 ], [ 698846.317714304896072, -1989047.52472612936981 ], [ 703887.61864139419049, -1986527.007512995507568 ], [ 701277.414654093212448, -1984376.686421767110005 ], [ 707266.477394546149299, -1980346.469156227773055 ], [ 711924.81436305725947, -1980708.407233701320365 ], [ 713929.466976532945409, -1983800.041761341039091 ], [ 716763.554118785192259, -1983955.212521093664691 ], [ 719194.472022331785411, -1986253.500672798836604 ], [ 722805.027863609488122, -1985487.46714439895004 ], [ 724215.670756571576931, -1990868.450605029473081 ], [ 728878.168708094744943, -1989717.616158613702282 ], [ 729998.075648693135008, -1991696.114912484306842 ], [ 721333.102172342012636, -1998621.121253160294145 ], [ 712547.468479381175712, -2014125.933207439724356 ], [ 724085.955361659871414, -2007020.689267464214936 ], [ 729257.819185969303362, -2010305.658712146338075 ], [ 728957.099124686443247, -2014484.350705458084121 ], [ 731640.704020502278581, -2019001.626285549020395 ], [ 738661.963924090377986, -2014750.393939684843644 ], [ 734210.46916466485709, -2026036.563502059318125 ], [ 743994.429581026430242, -2024120.39608361152932 ], [ 746704.474043751135468, -2020890.773637146921828 ], [ 749892.267569263116457, -2020918.177741129184142 ], [ 750348.954154380247928, -2022824.854493119521067 ], [ 745834.023481194046326, -2024163.334259041585028 ], [ 740413.667275001644157, -2029105.073312760330737 ], [ 744114.80704281758517, -2030538.681966898264363 ], [ 749917.488171432167292, -2029684.305547274881974 ], [ 751020.764044758747332, -2030314.826039201347157 ], [ 749913.563655437785201, -2032718.827431936981156 ], [ 743313.039045703713782, -2037696.057864082977176 ], [ 735059.790733812493272, -2039447.950945042539388 ], [ 739456.775062576401979, -2043658.41834961483255 ], [ 752523.279699765262194, -2037901.417515527224168 ], [ 749645.21141172782518, -2041115.691759892273694 ], [ 748884.049480978050269, -2044905.304329796461388 ], [ 755830.658334959065542, -2044349.647231378592551 ], [ 757168.11152076208964, -2048884.558688939549029 ], [ 755156.836837395443581, -2051860.378999687265605 ], [ 757141.608314640121534, -2055122.494641714030877 ], [ 762667.77512561227195, -2055246.18508257647045 ], [ 763962.317646897514351, -2051178.556765394518152 ], [ 770637.965404162416235, -2044018.956780403386801 ], [ 767753.871009503141977, -2038293.969361602095887 ], [ 775579.873813024605624, -2041886.101612744154409 ], [ 781548.928985415142961, -2039533.684283622074872 ], [ 780938.032627889420837, -2043509.979661253746599 ], [ 777490.78431272751186, -2044294.777276808628812 ], [ 778685.323596337693743, -2045610.339919935213402 ], [ 777264.892604474327527, -2049325.994607174769044 ], [ 780836.653253700933419, -2048891.316686117788777 ], [ 783775.161248561926186, -2042146.770671720150858 ], [ 792357.932543100556359, -2041946.813407296780497 ], [ 792125.787210043985397, -2051530.404817841947079 ], [ 788857.564894606824964, -2058236.947135172551498 ], [ 791082.072047738707624, -2060852.615739638684317 ], [ 791480.870353825506754, -2066296.175482251681387 ], [ 793646.975052068242803, -2058954.278507643612102 ], [ 795617.548981579951942, -2057830.433421970810741 ], [ 799373.052056347718462, -2058764.917808375088498 ], [ 796441.203823010437191, -2060960.534439028473571 ], [ 795217.810293750488199, -2067396.826937263133004 ], [ 792173.108118884498253, -2070592.620026509743184 ], [ 798736.898734109592624, -2067462.133930038893595 ], [ 801939.988741135341115, -2068839.744049713714048 ], [ 800943.170692033250816, -2070244.229112525004894 ], [ 802781.334007691941224, -2073319.339652751106769 ], [ 797625.026968363905326, -2072900.271836260100827 ], [ 795225.850972163840197, -2074818.577642903663218 ], [ 800309.353421156760305, -2075905.628366832388565 ], [ 798593.612772326450795, -2077735.180842148838565 ], [ 797739.688662028638646, -2083878.226765510393307 ], [ 802214.851845920202322, -2084389.319265366066247 ], [ 802870.699699527700432, -2090541.382979845162481 ], [ 806444.96022345055826, -2088586.730816343566403 ], [ 804377.44629880564753, -2093580.018865906400606 ], [ 811172.692222606739961, -2094357.124264283105731 ], [ 806780.846737528103404, -2100605.026709793135524 ], [ 810154.981416923226789, -2098964.292975100222975 ], [ 813339.104953165515326, -2100510.324841550085694 ], [ 809498.444291767082177, -2107834.707181205041707 ], [ 810045.208400153438561, -2111949.712977887131274 ], [ 807813.690301899798214, -2113889.603760401718318 ], [ 808603.840417596627958, -2115836.35814511962235 ], [ 810649.138529301737435, -2115563.74572595115751 ], [ 813047.418477227794938, -2112124.68897317443043 ], [ 811689.102867093635723, -2109269.126545961480588 ], [ 812429.839280926855281, -2105640.080376495607197 ], [ 815615.451275006867945, -2105665.402113646734506 ], [ 815400.401203903369606, -2101589.15451147640124 ], [ 816782.062851373688318, -2101241.924501119181514 ], [ 817715.38416607468389, -2106411.109102094080299 ], [ 821081.496847750386223, -2109326.864171500783414 ], [ 822661.61379812809173, -2113223.331851607654244 ], [ 822819.545395755092613, -2119319.7270527346991 ], [ 828034.110129979904741, -2117720.435249409638345 ], [ 829522.678235249477439, -2120930.421810807660222 ], [ 831971.444553483743221, -2121545.029096601996571 ], [ 829125.318006439018063, -2128985.568030237220228 ], [ 830725.37085525074508, -2131197.849797326140106 ], [ 834906.025873194215819, -2131338.983511664904654 ], [ 834830.310793214826845, -2135044.150050879456103 ], [ 838741.625784799456596, -2143597.770653360057622 ], [ 843933.703505230601877, -2143686.958262180443853 ], [ 846391.590253429370932, -2139742.947067699860781 ], [ 845499.832873811596073, -2144708.330715739168227 ], [ 846988.221735952072777, -2146396.098241810686886 ], [ 847577.479950259206817, -2155000.50953173218295 ], [ 845348.855931093567051, -2158702.203567287884653 ], [ 841494.467548462911509, -2159455.378029063344002 ], [ 842039.36769788118545, -2164113.035743038635701 ], [ 833911.921596595086157, -2176232.795194644015282 ], [ 835629.454610079177655, -2181670.521372977178544 ], [ 834635.146599124884233, -2185183.167276091407984 ], [ 836174.075469344505109, -2202921.53384261764586 ], [ 838841.194995719823055, -2201748.115725189447403 ], [ 840832.016118065919727, -2195385.961889612022787 ], [ 846984.508851590100676, -2185172.255025526508689 ], [ 845795.130507990485057, -2175470.7250866596587 ], [ 855329.808638925431296, -2134852.523192965891212 ], [ 855343.154762452351861, -2124216.441655683796853 ], [ 857416.654351617442444, -2116179.976045006886125 ], [ 856748.235645078355446, -2105638.090530874207616 ], [ 859257.024993122904561, -2102719.268916841596365 ], [ 863416.348201490705833, -2106063.09410698665306 ], [ 862839.40379429445602, -2109712.877851305529475 ], [ 864919.830666847876273, -2110624.599749216344208 ], [ 861876.252694095484912, -2113821.441234755329788 ], [ 861301.531544533092529, -2117469.019506181590259 ], [ 862761.354449161677621, -2128440.826446949504316 ], [ 861245.960964274243452, -2132996.078663478139788 ], [ 862071.754009370459244, -2136131.563389841932803 ], [ 859561.824659088160843, -2137531.864558609668165 ], [ 859154.861048558028415, -2139681.037797206547111 ], [ 861578.890627766144462, -2145027.446704171132296 ], [ 859618.932738232542761, -2152066.577465171460062 ], [ 855278.69998105475679, -2155834.638580781407654 ], [ 856754.69854959892109, -2159679.726156633347273 ], [ 854302.357812999282032, -2174628.504973118659109 ], [ 849140.80644274991937, -2179817.918816133402288 ], [ 855156.043811866664328, -2182657.098858698271215 ], [ 856484.645803385879844, -2180984.113241979852319 ], [ 859323.443715084227733, -2181315.362378060352057 ], [ 861501.192913641105406, -2185330.373917249497026 ], [ 864669.898330062860623, -2184491.638315178919584 ], [ 865674.852997616748326, -2186162.283249252941459 ], [ 862518.726850302540697, -2192022.477303930558264 ], [ 865356.073525398154743, -2193192.759240494575351 ], [ 862034.70436852844432, -2200222.107032962143421 ], [ 862551.9842825809028, -2207753.658975177910179 ], [ 861221.235447862651199, -2210433.715989302843809 ], [ 861400.087177640176378, -2215959.266823963262141 ], [ 864237.277443365426734, -2215956.744311542250216 ], [ 861914.869755391031504, -2222654.729313070885837 ], [ 863252.972286515403539, -2224496.104935282841325 ], [ 859923.468910605530255, -2227682.140037443488836 ], [ 857769.438755676150322, -2235553.115700672846287 ], [ 864608.695305405766703, -2234041.746393775101751 ], [ 865104.478537115268409, -2231359.296952010132372 ], [ 862262.002085919026285, -2229522.927689051255584 ], [ 863594.090209028567187, -2227679.129242302849889 ], [ 871434.897096551838331, -2225995.600101724267006 ], [ 867271.747105757822283, -2230521.270154588855803 ], [ 869108.592460890067741, -2231023.00333598582074 ], [ 869953.127697371295653, -2236046.024110930040479 ], [ 877788.812439382425509, -2233026.113055776804686 ], [ 880460.845244935830124, -2230121.676150625571609 ], [ 882333.628509566769935, -2232125.935951354447752 ], [ 885144.823101654998027, -2231071.55697879800573 ], [ 886018.398035924648866, -2233964.545192998368293 ], [ 888810.369767858297564, -2235861.521692934911698 ], [ 886644.290491663618013, -2237706.832063152454793 ], [ 890481.772006489918567, -2237201.107713714241982 ], [ 895502.349209461011924, -2244230.310630818363279 ], [ 897001.133524375385605, -2242555.700849119573832 ], [ 898840.024407131015323, -2244228.364300302229822 ], [ 903509.308711851248518, -2242717.12502671033144 ], [ 902020.360064134700224, -2249083.41109151346609 ], [ 904194.259597559575923, -2250421.639270727522671 ], [ 902534.040838717366569, -2254777.532037820201367 ], [ 904039.774751237826422, -2256954.811221735551953 ], [ 905876.560450989054516, -2256954.063715007621795 ], [ 906204.805105649982579, -2254940.674408561084419 ], [ 909541.508930728770792, -2254436.614402050152421 ], [ 914390.443418965442106, -2258788.95381835103035 ], [ 911227.15301412018016, -2261972.813629816286266 ], [ 908716.313744719605893, -2257956.163969710469246 ], [ 908059.418816330493428, -2263818.042242569383234 ], [ 901891.428610528237186, -2266674.191660910844803 ], [ 906397.812617621035315, -2267338.629703011363745 ], [ 907243.736797918332741, -2272702.50256902910769 ], [ 910739.275355719961226, -2268508.895891045685858 ], [ 912578.214852713397704, -2269850.1227827523835 ], [ 919245.393390105105937, -2266325.551095055416226 ], [ 919253.374888373306021, -2269842.484140241518617 ], [ 912750.843207562109455, -2272862.880744210910052 ], [ 911587.735823200084269, -2275546.886656577698886 ], [ 918608.653811395750381, -2280902.724117627367377 ], [ 923447.548194194678217, -2280563.987426197621971 ], [ 924288.606700756587088, -2283244.390787086449564 ], [ 928792.648742866469547, -2282403.050982036627829 ], [ 927121.935978072579019, -2286217.676050568930805 ], [ 922602.640464859665371, -2287658.082905952818692 ], [ 924608.998649469460361, -2290474.279051621910185 ], [ 919964.434502255637199, -2290455.481632741633803 ], [ 916466.315259572351351, -2294481.719642189331353 ], [ 920315.353158553014509, -2298671.263885675929487 ], [ 918831.16707051161211, -2308228.414544584229589 ], [ 921515.9970688855974, -2314933.322666507679969 ], [ 919190.514663306181319, -2320134.025329458992928 ], [ 919704.624438748462126, -2326338.767244793940336 ], [ 916872.814566848566756, -2329530.785593971144408 ], [ 917377.819734152057208, -2331543.733599616680294 ], [ 918878.794610910234042, -2331540.221331114415079 ], [ 921063.666442264453508, -2339087.027434133924544 ], [ 918914.3244477576809, -2349156.287506938446313 ], [ 919757.657680065836757, -2353182.800486185122281 ], [ 922264.642687704530545, -2354019.03236073628068 ], [ 916942.588299951283261, -2364259.072937697637826 ], [ 920084.260228115483187, -2367303.41172932786867 ], [ 924358.472290962585248, -2361061.57409335160628 ], [ 925833.028684030519798, -2350925.247567394282669 ], [ 927908.331451044534333, -2347627.660560933873057 ], [ 931528.884005996980704, -2345328.693494081497192 ], [ 932856.046661576605402, -2347669.245881407521665 ], [ 934975.392903283121996, -2347425.601509834174067 ], [ 941206.416389029589482, -2341013.367156550753862 ], [ 943177.025938675156794, -2334885.258522169664502 ], [ 944788.419625615002587, -2333341.57821444561705 ], [ 945872.025134526076727, -2334640.331516257021576 ], [ 949347.087291988544166, -2329678.42101888731122 ], [ 953269.663981495657936, -2336352.228232577443123 ], [ 951000.743732498609461, -2327221.702652437146753 ], [ 957052.982721467618831, -2317839.417125010862947 ], [ 958477.756952855386771, -2317677.173405077774078 ], [ 960385.6541632238077, -2311508.436692498624325 ], [ 961515.129493012791499, -2313929.912996340543032 ], [ 961807.206388054066338, -2310731.585700491908938 ], [ 963807.899849643697962, -2313248.588208413682878 ], [ 962362.178506906493567, -2310012.37477238709107 ], [ 965640.607561553944834, -2304144.297707067336887 ], [ 965907.328521024202928, -2305722.028502629604191 ], [ 966920.436968586873263, -2299344.404271002858877 ], [ 972270.892568027367815, -2292922.755482088774443 ], [ 972325.370654045371339, -2289694.408567361067981 ], [ 979095.449942657724023, -2278947.079886777792126 ], [ 980932.698858937015757, -2280943.598701125942171 ], [ 979682.206763965194114, -2267812.161331465002149 ], [ 980811.087125469581224, -2255534.274200239684433 ], [ 976869.284465278498828, -2246372.392389585264027 ], [ 981475.698036054731347, -2239314.777111311908811 ], [ 983115.55517393280752, -2242191.528563085012138 ], [ 983386.421105449437164, -2239604.323630278930068 ], [ 980930.989817804540507, -2237051.445445843040943 ], [ 981959.172617639298551, -2237224.062543130479753 ], [ 983824.563796214526519, -2240137.281289647798985 ], [ 984377.983566054026596, -2237668.404187122825533 ], [ 985899.220747965620831, -2238565.895029580686241 ], [ 973487.90992256521713, -2226893.017752470914274 ], [ 974361.740435525891371, -2224275.591116239316761 ], [ 971133.548186187632382, -2224661.063610972836614 ], [ 973268.756741113727912, -2222762.150153450667858 ], [ 968758.462814859114587, -2219364.731382784433663 ], [ 971515.609574170899577, -2220081.9170997813344 ], [ 971797.611108566983603, -2218052.776547318324447 ], [ 968681.95587224222254, -2216025.04446871811524 ], [ 966596.289959094603546, -2211883.824742587748915 ], [ 966511.82123604149092, -2207781.477516113780439 ], [ 960278.374590533319861, -2195156.219446619506925 ], [ 963153.828195710782893, -2197820.483581343200058 ], [ 961397.281236802926287, -2192563.141170422546566 ], [ 966219.278661414980888, -2194795.365386869292706 ], [ 969527.355682784691453, -2193633.813607711344957 ], [ 976749.514933069352992, -2202478.639622143935412 ], [ 979064.97423224337399, -2202861.560910649597645 ], [ 978980.286567570292391, -2201939.236837964504957 ], [ 975711.628445153590292, -2199963.778002555947751 ], [ 975532.566260086721741, -2199635.102364690043032 ], [ 990753.730429106391966, -2204281.590910354163498 ], [ 992200.722892060992308, -2201570.214878094382584 ], [ 995299.876175784622319, -2200677.285051933955401 ], [ 995670.257974756066687, -2197258.561655709985644 ], [ 999573.253955495660193, -2195779.104278147220612 ], [ 1001295.296531116706319, -2190447.277392217889428 ], [ 1010695.359337752568536, -2196577.412359503563493 ], [ 1014232.032464453950524, -2200289.793947872240096 ], [ 1015493.089397515985183, -2205113.069350851234049 ], [ 1018103.782511192490347, -2205564.511966150254011 ], [ 1023649.91598587622866, -2214243.896220728754997 ], [ 1025158.280016215285286, -2213149.183631415944546 ], [ 1029764.969414384337142, -2217573.357077824417502 ], [ 1030624.955974929966033, -2222492.865207015536726 ], [ 1032568.4346050984459, -2224438.503770293202251 ], [ 1034077.687419089255854, -2223604.64634014479816 ], [ 1034422.183161199092865, -2229583.952091450337321 ], [ 1036363.791602282552049, -2231178.314202847890556 ], [ 1034928.295936803682707, -2233173.458718098234385 ], [ 1035493.858317938051187, -2236211.6539840195328 ], [ 1036147.396282857051119, -2233420.294920760206878 ], [ 1036787.673413598327897, -2234339.929546675644815 ], [ 1036713.82262162247207, -2244041.962170356418937 ], [ 1038084.255429001408629, -2240567.50778366625309 ], [ 1039479.319190912065096, -2242991.02035470912233 ], [ 1039374.036520251771435, -2248321.377526297233999 ], [ 1035406.415792908403091, -2251607.031049710232764 ], [ 1034616.534007249982096, -2254299.545236389152706 ], [ 1039754.564109124359675, -2249607.111494948156178 ], [ 1040370.478713950957172, -2243154.688041362445801 ], [ 1041908.708112650318071, -2245767.36078681377694 ], [ 1042074.471218094229698, -2242741.662118516396731 ], [ 1044316.614166194340214, -2243774.943254423327744 ], [ 1044239.048216562019661, -2245960.522444701753557 ], [ 1048188.243713300325908, -2246722.79415079113096 ], [ 1049391.678596793906763, -2253401.575404577888548 ], [ 1048089.618757266551256, -2255928.294292700942606 ], [ 1050797.399601426906884, -2259182.275186010170728 ], [ 1052389.01678122067824, -2267660.393253473099321 ], [ 1052551.161448786733672, -2266146.220786430872977 ], [ 1055176.925953479250893, -2272231.66191115649417 ], [ 1059153.626986471237615, -2275537.365653018467128 ], [ 1065317.895325885852799, -2284979.236558433622122 ], [ 1070621.071140280924737, -2285519.091463650111109 ], [ 1072261.82393687358126, -2282024.774338996969163 ], [ 1075134.665364782558754, -2283880.687299049459398 ], [ 1077798.827066684141755, -2281746.426056421827525 ], [ 1082025.603936419589445, -2283154.171659936662763 ], [ 1078153.671035049716011, -2280745.980094385799021 ], [ 1078746.1617766097188, -2276256.600541339721531 ], [ 1089712.660255205119029, -2274453.688348314259201 ], [ 1089910.838542675599456, -2272587.658506614621729 ], [ 1093539.795722967479378, -2274632.460613434202969 ], [ 1097778.9854892778676, -2273526.690539334900677 ], [ 1112470.493895639199764, -2280756.352742800954729 ], [ 1122295.212959579192102, -2267156.016861937008798 ], [ 1131086.492143347160891, -2265040.166974462103099 ], [ 1136607.70584414806217, -2265833.317272179294378 ], [ 1137690.610463890945539, -2263346.932558280415833 ], [ 1143120.194002744043246, -2262505.601355708669871 ], [ 1136958.317945757647976, -2260168.120866452343762 ], [ 1131621.092051301850006, -2262052.403021595906466 ], [ 1133909.144602373009548, -2258995.679248235654086 ], [ 1130100.388857866637409, -2252227.96845516236499 ], [ 1131532.407095023430884, -2252091.770488536916673 ], [ 1133783.262635619146749, -2245746.335071561858058 ], [ 1132119.060312832472846, -2240323.120018430519849 ], [ 1136115.530123675242066, -2238521.03966808039695 ], [ 1134563.769277237122878, -2234576.816934723872691 ], [ 1136023.37230203486979, -2232188.823869861662388 ], [ 1135474.491359167499468, -2229457.351887794211507 ], [ 1139177.361405044328421, -2228721.773136316798627 ], [ 1138381.140511648962274, -2227405.569500009994954 ], [ 1141403.085328796645626, -2228306.314269412774593 ], [ 1140150.136036843061447, -2227316.337437159847468 ], [ 1145873.125503608724102, -2227148.686421612277627 ], [ 1157360.674953355453908, -2228286.382228292990476 ], [ 1154013.409327967092395, -2230186.433329150080681 ], [ 1152995.758340632077307, -2228358.622530741151422 ], [ 1150438.513263670960441, -2228834.918297574855387 ], [ 1150779.769845100585371, -2230611.922663899604231 ], [ 1144058.735176574671641, -2228025.111991220153868 ], [ 1143200.195312996394932, -2229878.007534680422395 ], [ 1140183.088366303825751, -2230199.829891626723111 ], [ 1143471.253866248298436, -2233786.160217427182943 ], [ 1149838.374850476859137, -2233134.460061875637621 ], [ 1148635.235002864385024, -2236368.408614272717386 ], [ 1150947.646822807146236, -2234141.04130465304479 ], [ 1150662.954929535510018, -2235380.66725948639214 ], [ 1151204.130049863830209, -2235297.583591563161463 ], [ 1151446.466541668167338, -2231977.522969875950366 ], [ 1152051.219043982913718, -2233238.611441031098366 ], [ 1153665.640429326333106, -2230825.248649656772614 ], [ 1152217.861664622090757, -2233743.527945965062827 ], [ 1155155.379983414430171, -2233011.344087828416377 ], [ 1151604.120153598953038, -2235261.674824750982225 ], [ 1154641.657561648404226, -2237286.707807562313974 ], [ 1154355.092444845940918, -2236014.315904391929507 ], [ 1155839.612163698067889, -2236442.026799275539815 ], [ 1155116.405363961588591, -2234397.788184832315892 ], [ 1158404.45739521109499, -2232888.355825827457011 ], [ 1158424.106408076826483, -2231156.675086488947272 ], [ 1164207.012963312678039, -2228005.139324120711535 ], [ 1162847.373868151567876, -2230317.387268684338778 ], [ 1164191.052156134974211, -2230054.827135202940553 ], [ 1164691.899012764217332, -2232180.643195268698037 ], [ 1167996.37206270894967, -2227650.857969926204532 ], [ 1170430.271504769101739, -2229193.724037277046591 ], [ 1177395.110857644351199, -2226525.494153758045286 ], [ 1179490.985039840685204, -2226692.72627349384129 ], [ 1177992.058151664678007, -2230276.953241116832942 ], [ 1181369.332410710165277, -2232022.750355080701411 ], [ 1186098.295531956711784, -2229831.581170936115086 ], [ 1192069.753308481769636, -2231892.642856019549072 ], [ 1200888.098082026699558, -2230122.705057193059474 ], [ 1194819.01689694961533, -2233212.565684862434864 ], [ 1194072.029164950130507, -2234341.73927258560434 ], [ 1195230.803892859024927, -2233343.407053090166301 ], [ 1196107.003014981979504, -2234585.627322109881788 ], [ 1194182.513156136963516, -2238446.423560866620392 ], [ 1198652.078448206186295, -2239271.426390718203038 ], [ 1193141.800950205652043, -2239966.944957637228072 ], [ 1190573.283267648890615, -2243805.965614326763898 ], [ 1192519.118542158976197, -2243729.275203422177583 ], [ 1190826.807894085533917, -2244976.993919626809657 ], [ 1193491.082817091373727, -2244818.052728480193764 ], [ 1191493.484599641757086, -2245343.574244190938771 ], [ 1190649.629564586328343, -2248075.618325447198004 ], [ 1191729.214049960719422, -2246771.881644221488386 ], [ 1192722.539997974643484, -2247738.484966773539782 ], [ 1200780.989771638065577, -2239651.763650071807206 ], [ 1203038.433634443441406, -2242419.942620393354446 ], [ 1203930.560371686704457, -2241047.214493348263204 ], [ 1204008.070123332319781, -2246623.549545947927982 ], [ 1200222.160945475334302, -2242899.622105336282402 ], [ 1199206.489432756090537, -2245971.502762828022242 ], [ 1200501.023477806244045, -2245295.13870561029762 ], [ 1201391.53553827968426, -2247599.633195644244552 ], [ 1197587.110006446018815, -2251381.651941488496959 ], [ 1196730.404194536851719, -2248159.555915477219969 ], [ 1195828.931541593745351, -2251162.909536459483206 ], [ 1193457.962930913548917, -2250451.821665395051241 ], [ 1186178.766206169733778, -2253314.30830757971853 ], [ 1187012.182049727300182, -2256229.262241581454873 ], [ 1190181.32245900016278, -2254919.490750901866704 ], [ 1191241.386734701693058, -2256298.726413674186915 ], [ 1193297.457728375680745, -2254704.713814299553633 ], [ 1194061.985691348090768, -2254618.210698451846838 ], [ 1190471.229365117382258, -2260004.63568039285019 ], [ 1189490.437217734986916, -2259344.062229608185589 ], [ 1190434.055167942773551, -2260663.058525494299829 ], [ 1187654.708679581293836, -2262314.302120672073215 ], [ 1187503.837908654706553, -2264822.951963159721345 ], [ 1186951.223762786015868, -2262869.037292642518878 ], [ 1184287.642769237747416, -2264636.340808397624642 ], [ 1184303.850600151577964, -2261263.28397901263088 ], [ 1181688.663562838453799, -2261319.001260899472982 ], [ 1180910.370876699220389, -2263663.785192867275327 ], [ 1179327.64992320491001, -2262130.589490537531674 ], [ 1178353.366188443498686, -2263092.749710860196501 ], [ 1178692.419930501608178, -2261876.788846428971738 ], [ 1178476.710235207574442, -2261735.921476759947836 ], [ 1176755.567331806058064, -2266072.471012369729578 ], [ 1177228.07698915200308, -2264124.434891616459936 ], [ 1174508.918411334045231, -2265235.31668191915378 ], [ 1175784.949346844339743, -2263940.276500723790377 ], [ 1173791.830170038389042, -2262793.862699224613607 ], [ 1170614.546671220567077, -2264955.783873202744871 ], [ 1170489.687349336221814, -2266640.611441080924124 ], [ 1170093.448873537359759, -2265559.716760515701026 ], [ 1166392.037677868502215, -2267055.048606837633997 ], [ 1164007.038955570897087, -2271810.727997065987438 ], [ 1165118.016033872030675, -2271886.205700885504484 ], [ 1161001.017549383454025, -2275218.559816815890372 ], [ 1161796.583278110250831, -2277672.551212798338383 ], [ 1168134.165214498760179, -2275118.545868646353483 ], [ 1168217.073401483008638, -2277201.109306116588414 ], [ 1171117.722673238720745, -2277275.510715826414526 ], [ 1170864.907782406080514, -2275818.514495065435767 ], [ 1171993.861792019335553, -2276973.897336654830724 ], [ 1171687.889358269749209, -2275462.56462223501876 ], [ 1174034.953442705562338, -2275989.645081768278033 ], [ 1173209.178088077809662, -2273779.34289530897513 ], [ 1175261.046083446359262, -2275308.514501976780593 ], [ 1174063.395047615049407, -2271740.57642831094563 ], [ 1176852.94900752347894, -2271738.348469908814877 ], [ 1176182.118460483616218, -2272725.578331635333598 ], [ 1176559.503368495963514, -2273285.924560097511858 ], [ 1177730.967132538324222, -2271828.088342487812042 ], [ 1177976.435236457269639, -2270141.242429204750806 ], [ 1174837.282903526443988, -2269984.052741916850209 ], [ 1174086.153692800085992, -2267928.31233978504315 ], [ 1177888.404304976807907, -2268970.733308777678758 ], [ 1175915.268896274501458, -2267261.885494103189558 ], [ 1177547.224115854362026, -2267169.172789991367608 ], [ 1178583.390242570545524, -2268987.30840432504192 ], [ 1182300.266832545632496, -2269908.379940124228597 ], [ 1181916.209178083343431, -2268699.635646194219589 ], [ 1188776.301141407806426, -2266938.128423640038818 ], [ 1188855.810219250386581, -2264005.854517232161015 ], [ 1192074.980753821553662, -2263685.726816618815064 ], [ 1190703.616809253115207, -2262820.592579185497016 ], [ 1190940.651872586924583, -2260913.840603801421821 ], [ 1192954.53357477625832, -2259203.382808974012733 ], [ 1193508.07567653618753, -2261348.964059461373836 ], [ 1192377.608041808474809, -2261196.981040430255234 ], [ 1191486.121347499080002, -2262528.177598674781621 ], [ 1195769.159494552295655, -2261109.520385913085192 ], [ 1195408.530534721910954, -2258073.789111034944654 ], [ 1202135.790198526810855, -2258063.9392338427715 ], [ 1200487.369678393006325, -2255779.983598967082798 ], [ 1203758.422322995727882, -2256021.09644574765116 ], [ 1203118.836248848587275, -2256871.258567456156015 ], [ 1205009.426751682069153, -2256741.820449637714773 ], [ 1205881.521201153984293, -2259274.409767766483128 ], [ 1204476.066826169146225, -2260422.856481981929392 ], [ 1205280.276374584296718, -2261862.611075882334262 ], [ 1208642.180222361115739, -2257208.434525106567889 ], [ 1208030.047886443790048, -2262063.52302613388747 ], [ 1205964.197471622377634, -2263309.905030355323106 ], [ 1205649.764652118319646, -2265668.168214788660407 ], [ 1200227.976319799898192, -2268005.178985605947673 ], [ 1193923.284708212129772, -2273566.058217554353178 ], [ 1190643.513580958824605, -2281605.248409155756235 ], [ 1188025.783635018393397, -2282365.255757524631917 ], [ 1188276.419500313932076, -2283452.610863255336881 ], [ 1184041.464884060202166, -2282035.059811221901327 ], [ 1182912.655336857540533, -2276535.962906694039702 ], [ 1181261.461548782419413, -2275865.91135774506256 ], [ 1180600.192196146817878, -2277167.747507486958057 ], [ 1177629.784007048001513, -2275513.405822533648461 ], [ 1179250.303849230287597, -2280421.263760771136731 ], [ 1186601.98108747554943, -2287235.383149948902428 ], [ 1191627.701382698025554, -2286041.706130008678883 ], [ 1192072.054321702569723, -2283607.768375516403466 ], [ 1193951.953680822858587, -2283545.569643425289541 ], [ 1193575.554539998993278, -2281686.478572899475694 ], [ 1195976.116356206126511, -2282292.374397106934339 ], [ 1194858.155416392255574, -2279032.988417494576424 ], [ 1196525.722733246395364, -2276004.599184015300125 ], [ 1197430.195049801841378, -2277111.802487013861537 ], [ 1202688.116191424429417, -2273194.472066740971059 ], [ 1201651.431854600319639, -2275066.33068031957373 ], [ 1204322.619982685660943, -2274097.778606593143195 ], [ 1206899.545897401403636, -2270428.246546334587038 ], [ 1204922.225051924586296, -2274949.74471594998613 ], [ 1205866.631009135395288, -2276475.619469323195517 ], [ 1207009.283687733812258, -2272687.441329097840935 ], [ 1208403.16129290102981, -2273775.570699129719287 ], [ 1209412.313147160923108, -2269214.805816610809416 ], [ 1210633.864615991711617, -2270250.618442179635167 ], [ 1210204.768183669773862, -2267489.975946916732937 ], [ 1210635.907988989027217, -2265144.427391906268895 ], [ 1211113.465745687950402, -2269081.001594641711563 ], [ 1210561.459114753408358, -2271089.428393558133394 ], [ 1209043.619496054248884, -2273315.106347173452377 ], [ 1208342.380478047765791, -2280379.3865229729563 ], [ 1213761.078667687717825, -2267861.117937633302063 ], [ 1216322.199274753220379, -2272845.262409077491611 ], [ 1214430.106795928440988, -2275123.770798444282264 ], [ 1215463.985486282268539, -2276669.697116354014724 ], [ 1219756.714325963985175, -2272260.929045779630542 ], [ 1219862.017177138011903, -2268203.202679569367319 ], [ 1223885.584557088557631, -2269165.670301048085093 ], [ 1225952.309082904364914, -2268142.485985835082829 ], [ 1225346.822873356519267, -2269686.428964104037732 ], [ 1231476.159779182635248, -2270581.4478106983006 ], [ 1241013.705781424185261, -2265239.55325046973303 ], [ 1246213.965271442197263, -2263531.020168373826891 ], [ 1247905.438118267571554, -2265598.256843022070825 ], [ 1241574.678315900499001, -2265260.857313449960202 ], [ 1242542.164778272854164, -2266945.24063171679154 ], [ 1234936.600336476229131, -2271705.704940209165215 ], [ 1238148.132794487988576, -2271979.432666278444231 ], [ 1245531.653727540746331, -2267014.493222335819155 ], [ 1250722.095537200570107, -2266766.022982009220868 ], [ 1251368.080142555292696, -2269302.958939976524562 ], [ 1248237.358848928939551, -2269074.350501815322787 ], [ 1248894.329874280141667, -2270632.168989123776555 ], [ 1246647.574401013320312, -2272263.774605150334537 ], [ 1250020.407036482356489, -2272467.504475986585021 ], [ 1243117.189165036659688, -2274857.337775499559939 ], [ 1245995.450598767725751, -2275086.689104023389518 ], [ 1246195.998082103673369, -2277389.581283536739647 ], [ 1249189.449070449452847, -2275869.248719376511872 ], [ 1250428.27119212737307, -2277080.142080690711737 ], [ 1250123.411289940122515, -2278651.162692876998335 ], [ 1247519.559789320686832, -2278904.051739489659667 ], [ 1248468.067032392835245, -2280577.452930021565408 ], [ 1244420.102833013515919, -2276492.130486265290529 ], [ 1238972.064654122572392, -2274163.595360876061022 ], [ 1234571.468231299426407, -2275981.064369244966656 ], [ 1231068.428227191092446, -2275474.153836831450462 ], [ 1236453.747743735555559, -2279776.778704718220979 ], [ 1236619.516357282875106, -2281967.468865922186524 ], [ 1239379.856056525371969, -2281859.953588398639113 ], [ 1239655.702186133945361, -2283441.932661067228764 ], [ 1245789.195782541763037, -2286486.230415138415992 ], [ 1246451.922426317352802, -2284404.631868771277368 ], [ 1248094.343025197740644, -2285470.597334432415664 ], [ 1250551.406683882931247, -2284026.068069712724537 ], [ 1249487.747337203938514, -2286068.40103866532445 ], [ 1250445.511282227234915, -2286568.02232055645436 ], [ 1255465.105060613946989, -2285206.372262025251985 ], [ 1257518.529246439691633, -2281681.608511380385607 ], [ 1261023.078547165961936, -2280581.797178310807794 ], [ 1266148.705704121151939, -2281175.607199103571475 ], [ 1267574.612293102080002, -2284796.427468740846962 ], [ 1271817.927846837090328, -2281110.755328819621354 ], [ 1274358.307181274984032, -2274967.79435135377571 ], [ 1276338.754704692400992, -2273534.750671649351716 ], [ 1276819.404836658155546, -2275633.484438386745751 ], [ 1279049.415009350050241, -2273607.519070906098932 ], [ 1278835.479986897669733, -2275651.94664875138551 ], [ 1275396.412017216905951, -2278783.397245176602155 ], [ 1274967.376056794309989, -2283472.892210971098393 ], [ 1276196.554208224173635, -2280645.336784611456096 ], [ 1280975.348336723167449, -2278604.123402729164809 ], [ 1285215.317420456791297, -2266852.795443058479577 ], [ 1288027.044991188449785, -2264269.664112778380513 ], [ 1286716.116164119914174, -2267217.639158830977976 ], [ 1288150.957433492876589, -2266577.978484712541103 ], [ 1289238.611826967680827, -2268235.462489545345306 ], [ 1289753.914061855059117, -2266978.028003064449877 ], [ 1292406.975111508276314, -2266585.700870719272643 ], [ 1290618.827154514146969, -2272017.557893490418792 ], [ 1288231.523227147292346, -2272067.08296157233417 ], [ 1288470.697689289227128, -2275833.64026552438736 ], [ 1290638.698721091030166, -2277145.220570925623178 ], [ 1292632.16165104880929, -2276228.282665947452188 ], [ 1294931.328036645893008, -2269109.420620111748576 ], [ 1295842.908884068252519, -2271551.535352239850909 ], [ 1297265.033796202391386, -2271516.100844723172486 ], [ 1298019.038501197472215, -2269392.497043720912188 ], [ 1300081.872928170952946, -2267344.016894001979381 ], [ 1299382.701104702660814, -2271265.593362410087138 ], [ 1296212.099862675881013, -2272633.625027404632419 ], [ 1292647.075845784042031, -2278536.080808892380446 ], [ 1293707.007883835118264, -2279830.65228837961331 ], [ 1290887.720099746016786, -2286334.85539007326588 ], [ 1293751.449336052406579, -2286862.096804317086935 ], [ 1293949.859754315810278, -2288143.243671716656536 ], [ 1294633.210734869586304, -2287324.131171645130962 ], [ 1293124.108087573666126, -2285746.654782317578793 ], [ 1295927.233452593907714, -2283312.829898304771632 ], [ 1294513.116354991449043, -2281215.778677590657026 ], [ 1296578.919783677905798, -2280490.457652346231043 ], [ 1297917.405075989663601, -2276237.274512195959687 ], [ 1299829.08421253785491, -2276619.688214873429388 ], [ 1298170.498776688473299, -2280805.748682681471109 ], [ 1300062.952011837624013, -2277970.940465446561575 ], [ 1299762.559922381769866, -2281000.485397423151881 ], [ 1302046.175912619102746, -2278355.244556275662035 ], [ 1301161.547478829743341, -2280798.726622356101871 ], [ 1302552.952560121426359, -2278801.854038061574101 ], [ 1303851.666911925422028, -2280529.84935523243621 ], [ 1304442.551601266954094, -2277267.041996013838798 ], [ 1305260.542748348787427, -2279501.51766056753695 ], [ 1306486.450018825940788, -2276087.608633074909449 ], [ 1308736.610620215302333, -2276090.341616601683199 ], [ 1309444.679938194807619, -2273074.590925449505448 ], [ 1310607.286408567568287, -2273503.488288084510714 ], [ 1311767.351784923812374, -2263208.590909112244844 ], [ 1309840.228809586726129, -2259433.221201406791806 ], [ 1306765.172714753309265, -2258776.128196013625711 ], [ 1305933.237396373180673, -2256152.961393390316516 ], [ 1308386.78038472100161, -2255924.15877816779539 ], [ 1307049.836476737633348, -2254031.960298668593168 ], [ 1308108.469374881125987, -2251676.842545142862946 ], [ 1309515.864814351778477, -2251550.740883839316666 ], [ 1308180.177813639631495, -2253879.048113083466887 ], [ 1313745.363952289102599, -2251716.024921387899667 ], [ 1311266.55222095688805, -2255195.994957367423922 ], [ 1313136.412424862384796, -2256209.078348907176405 ], [ 1312344.76712413597852, -2258843.689425325021148 ], [ 1314643.588207226246595, -2256685.843820286914706 ], [ 1314425.481233384925872, -2254397.080664810724556 ], [ 1316582.294570891186595, -2253958.188048543874174 ], [ 1316186.13337800395675, -2251589.928780113346875 ], [ 1321255.344059033319354, -2247096.383098468184471 ], [ 1320848.456890711328015, -2245822.448026755824685 ], [ 1322958.096254371339455, -2247173.719320779666305 ], [ 1323523.049198899883777, -2243455.694574547465891 ], [ 1323660.305316101759672, -2245081.597850095015019 ], [ 1327268.100965381599963, -2245375.011238575447351 ], [ 1332672.006103181047365, -2250748.128550956491381 ], [ 1335569.38285451894626, -2251652.411945599131286 ], [ 1335030.555605317465961, -2249363.478774709161371 ], [ 1337528.678178303409368, -2250922.447783055249602 ], [ 1339095.500476992223412, -2249816.329598635900766 ], [ 1337734.796517839189619, -2252301.158712402917445 ], [ 1340725.749524118145928, -2253257.928095620125532 ], [ 1341630.095429033972323, -2255360.089435767848045 ], [ 1343750.313520424067974, -2255261.090194456279278 ], [ 1342718.470847812714055, -2256393.286560880020261 ], [ 1345358.9606627097819, -2257346.731231200974435 ], [ 1346261.015995387686417, -2256133.164571785368025 ], [ 1352436.283779576653615, -2260410.999140023253858 ], [ 1356039.778208733303472, -2259491.661132314242423 ], [ 1355137.890968738356605, -2262126.622576824389398 ], [ 1357741.648210515733808, -2262617.644779509864748 ], [ 1357482.028448164695874, -2264141.789628372527659 ], [ 1360932.708597908262163, -2264179.634557072073221 ], [ 1363550.485166171332821, -2267387.956303912680596 ], [ 1363062.553077186690643, -2269581.783883689437062 ], [ 1365203.268429706804454, -2270498.363473625387996 ], [ 1364335.123596614226699, -2271389.510828565340489 ], [ 1366167.332969719776884, -2270421.453804692719132 ], [ 1365638.066838381579146, -2272698.72871181787923 ], [ 1367768.696911749430001, -2272833.508734199684113 ], [ 1366318.394414220238104, -2269729.084398535545915 ], [ 1369387.501128576463088, -2270038.603841484058648 ], [ 1369350.361191904405132, -2272736.404588262550533 ], [ 1367888.494768809527159, -2273195.896418208722025 ], [ 1370065.417606913018972, -2277478.699804979376495 ], [ 1372191.570433960063383, -2276524.247954194899648 ], [ 1370562.554232803406194, -2273147.88782953703776 ], [ 1372145.216540434630588, -2274479.641282068565488 ], [ 1373261.718508171848953, -2274336.065369353163987 ], [ 1367558.853495695861056, -2267709.416379279457033 ], [ 1369488.988859177567065, -2269011.277169858571142 ], [ 1371760.326979155419394, -2266868.516797595657408 ], [ 1373320.453952366253361, -2267128.017212248407304 ], [ 1372759.760176712181419, -2269020.620870672166348 ], [ 1375957.641075258143246, -2271857.809207404963672 ], [ 1374189.145178374135867, -2276902.736469259019941 ], [ 1377330.161505948286504, -2276584.307773158419877 ], [ 1376002.712269562063739, -2274572.343732889741659 ], [ 1377612.27549189189449, -2274851.692058240994811 ], [ 1376856.701504630269483, -2273209.395750172436237 ], [ 1378004.539831674657762, -2272951.683521645609289 ], [ 1379606.000144862104207, -2274786.674486921168864 ], [ 1380615.009882197482511, -2273447.712382180150598 ], [ 1384488.645253012422472, -2274706.556753335986286 ], [ 1390011.000209985068068, -2273777.662042403593659 ], [ 1390279.485205644974485, -2275311.472687954548746 ], [ 1395812.71264180727303, -2276941.273198031354696 ], [ 1392740.191857028985396, -2274177.525321374647319 ], [ 1393359.620806889841333, -2272024.370961603708565 ], [ 1390819.979188201949, -2272095.340753549709916 ], [ 1390588.589669782668352, -2270193.828455668874085 ], [ 1389433.443236387334764, -2271024.81951357703656 ], [ 1388663.035805942490697, -2268098.185693947132677 ], [ 1395455.367407981539145, -2266248.929229027591646 ], [ 1392191.740001507103443, -2261913.989863767754287 ], [ 1389781.202826916472986, -2261799.211470405571163 ], [ 1392237.045176509302109, -2260716.587472264654934 ], [ 1391394.943741975352168, -2256994.692245337180793 ], [ 1393352.445756906410679, -2258301.814302591141313 ], [ 1395206.917971721384674, -2256250.556956630665809 ], [ 1398803.778933264547959, -2258427.9368642764166 ], [ 1400053.083255131030455, -2256087.951280780602247 ], [ 1402142.340753709198907, -2258308.688764914870262 ], [ 1404389.891556257847697, -2257749.876167252194136 ], [ 1403669.186531065730378, -2259518.327354865148664 ], [ 1402581.138752330793068, -2258550.122921417001635 ], [ 1404588.75016180681996, -2260876.029288291931152 ], [ 1403633.85400525899604, -2265814.114265859592706 ], [ 1410174.412799910875037, -2267254.193740944378078 ], [ 1411498.045859438832849, -2264347.94211101019755 ], [ 1408935.359143164241686, -2259859.892866201233119 ], [ 1413239.339571312768385, -2261760.766472396440804 ], [ 1414067.60639038705267, -2260675.245817211456597 ], [ 1407641.258544179843739, -2255334.021620389539748 ], [ 1410521.34505930589512, -2256283.610722677782178 ], [ 1407960.819026329321787, -2251199.851987133733928 ], [ 1410166.981055707903579, -2251447.498448786325753 ], [ 1410385.252490752842277, -2247338.594663029536605 ], [ 1411743.054394220933318, -2248036.637835260946304 ], [ 1410795.983568710973486, -2250416.079758025240153 ], [ 1414303.551755343563855, -2250159.352987078484148 ], [ 1414566.311809513019398, -2248016.265468936879188 ], [ 1415731.69488148833625, -2249121.499512275215238 ], [ 1413828.905285855056718, -2252393.920612028799951 ], [ 1415343.094724870286882, -2253859.326760223135352 ], [ 1415639.90678398264572, -2251614.016603175085038 ], [ 1416300.829458267427981, -2251581.635069712996483 ], [ 1415750.899443026166409, -2254560.792749651707709 ], [ 1418689.281599419889972, -2254825.667310513556004 ], [ 1416950.452143681002781, -2253730.710447144228965 ], [ 1418790.964050556533039, -2254664.28547202097252 ], [ 1418780.837199868401513, -2252944.738418906461447 ], [ 1426567.685563446255401, -2258314.824472185224295 ], [ 1423970.306926168035716, -2254856.895524870604277 ], [ 1417316.244391028070822, -2251275.234348251484334 ], [ 1416491.246136267669499, -2249950.825833399314433 ], [ 1419689.374739192659035, -2248767.443036849144846 ], [ 1416890.534696199931204, -2248374.481511093210429 ], [ 1416980.227813430363312, -2247597.600433567073196 ], [ 1423256.273676390759647, -2246213.385990233160555 ], [ 1419926.143339032307267, -2244329.185753400903195 ], [ 1421673.190060425316915, -2244159.28769777296111 ], [ 1422086.44712728401646, -2242236.940814861562103 ], [ 1428726.580890722805634, -2242572.734306956641376 ], [ 1428714.371010859962553, -2241140.515893512405455 ], [ 1432904.92455794964917, -2240240.416300136130303 ], [ 1431767.804132074816152, -2238002.166149091441184 ], [ 1428162.295662741642445, -2236655.940794553142041 ], [ 1428398.183931440580636, -2235041.468068180140108 ], [ 1424817.091155443573371, -2235472.960898623336107 ], [ 1425785.140344018116593, -2234158.048691432923079 ], [ 1422544.846184162190184, -2232108.971437904052436 ], [ 1424193.746752757113427, -2230310.489931506570429 ], [ 1420757.350875925505534, -2231969.33125010645017 ], [ 1420796.829358021263033, -2229429.388537579216063 ], [ 1422673.54484038753435, -2229154.013936601113528 ], [ 1420420.298957855906337, -2228457.638538980390877 ], [ 1419528.433494749944657, -2229892.821982725989074 ], [ 1417396.804709720658138, -2226995.634279568213969 ], [ 1414872.588759230915457, -2228508.196883118245751 ], [ 1414736.85886941710487, -2226545.399267150554806 ], [ 1423756.399902316508815, -2222846.165862188208848 ], [ 1415515.266952424542978, -2224712.861533107236028 ], [ 1413992.045459868852049, -2223390.364722908008844 ], [ 1418516.611066113458946, -2223565.712588110938668 ], [ 1418845.343332031043246, -2221899.573595774360001 ], [ 1420603.201951837399974, -2221906.900824831333011 ], [ 1422051.0015017837286, -2221195.394030482042581 ], [ 1424414.374394174665213, -2222747.747629585210234 ], [ 1427662.700147275812924, -2222118.317586950957775 ], [ 1426129.90884562744759, -2221655.431122624315321 ], [ 1428207.559976322576404, -2221796.954827737528831 ], [ 1429099.443309177644551, -2223047.85641522007063 ], [ 1430320.310998486820608, -2222996.901094556320459 ], [ 1431553.810674475738779, -2222055.286885595414788 ], [ 1425915.895920707611367, -2221538.126169788651168 ], [ 1425024.270645967451856, -2219587.711958294734359 ], [ 1420639.657111138338223, -2221706.289186477195472 ], [ 1414511.305186094017699, -2221428.013586356304586 ], [ 1413441.614574926672503, -2219224.586220096796751 ], [ 1415175.54345697700046, -2216137.925076249521226 ], [ 1416266.672388165723532, -2215225.718857099767774 ], [ 1418278.15025280113332, -2216723.601625436916947 ], [ 1421343.071488889167085, -2212695.948352803941816 ], [ 1424722.324824539711699, -2214118.197430409025401 ], [ 1428448.038291935576126, -2213352.828697195742279 ], [ 1435849.75628722878173, -2208454.288262153975666 ], [ 1439899.520489148562774, -2207170.841890128329396 ], [ 1442297.703593409387395, -2208116.168278376106173 ], [ 1445858.678218510001898, -2204674.660189902875572 ], [ 1451053.221512947231531, -2204944.58297094842419 ], [ 1450386.612312316196039, -2205951.880307339597493 ], [ 1450789.347676200093701, -2206224.561405428219587 ], [ 1452774.840239724842831, -2205200.85579709848389 ], [ 1455433.861970531055704, -2207692.142992257140577 ], [ 1455276.430773104773834, -2209391.660674082580954 ], [ 1458891.627582488348708, -2210645.117132604587823 ], [ 1458475.169973661657423, -2211978.359278081916273 ], [ 1467274.868737509241328, -2212239.099921417888254 ], [ 1468354.353428528411314, -2214845.432450994849205 ], [ 1468641.396798209752887, -2213953.746266206726432 ], [ 1470138.850800418294966, -2213900.442141646984965 ], [ 1471242.013576922006905, -2212867.641951585188508 ], [ 1472338.509944865480065, -2212761.586118499748409 ], [ 1471168.90397436125204, -2213180.807963493745774 ], [ 1470526.409393222536892, -2214029.48125576088205 ], [ 1469652.756731366505846, -2214128.394078625366092 ], [ 1469432.831118128960952, -2214651.252236394677311 ], [ 1473735.556064329575747, -2213677.854530095588416 ], [ 1472823.035192185314372, -2213055.155541019048542 ], [ 1475487.434457889990881, -2214593.936816722154617 ], [ 1475979.642697416478768, -2215287.773670216556638 ], [ 1479680.319143170490861, -2214948.04533637361601 ], [ 1483887.229928606422618, -2217534.895869024563581 ], [ 1486797.320091721368954, -2223325.653250542469323 ], [ 1482397.779247236205265, -2221394.174676414579153 ], [ 1481400.668074009008706, -2225160.994233276229352 ], [ 1480805.897856550756842, -2222569.503418118692935 ], [ 1480278.489355723839253, -2223418.626313754823059 ], [ 1479598.720867271069437, -2223519.995750835631043 ], [ 1479385.546354500111192, -2223207.632488902658224 ], [ 1480852.356731863226742, -2222297.255623890087008 ], [ 1479020.905964559176937, -2221648.18303070962429 ], [ 1478257.19540863414295, -2225196.619604581501335 ], [ 1474706.95623269607313, -2225292.425931068137288 ], [ 1475340.336773984599859, -2224349.960605398286134 ], [ 1473951.078425593674183, -2223604.698890369851142 ], [ 1473785.198760267579928, -2229246.661651477217674 ], [ 1475202.329250989248976, -2231328.506574729457498 ], [ 1473981.256306662922725, -2231914.22617357224226 ], [ 1473099.842082553775981, -2232833.816344041377306 ], [ 1473138.901990628335625, -2233010.137795577757061 ], [ 1475248.403274962678552, -2231388.040907198563218 ], [ 1475632.805160189978778, -2232155.971487371716648 ], [ 1474265.77805002592504, -2234737.594150262419134 ], [ 1472416.568688277387992, -2233640.875379728153348 ], [ 1473562.774496387923136, -2235124.197227654978633 ], [ 1470180.792683313135058, -2237120.754557577893138 ], [ 1472588.92100536939688, -2237295.617861261125654 ], [ 1473447.693839372834191, -2240190.641361313406378 ], [ 1469352.556732535827905, -2240383.599291331600398 ], [ 1470453.101808756357059, -2239778.511355253867805 ], [ 1470306.670413887826726, -2239209.28834414947778 ], [ 1468089.847137174801901, -2238815.814064410049468 ], [ 1469248.827381466282532, -2238810.082477641291916 ], [ 1467599.774772790959105, -2236614.529242386110127 ], [ 1465308.223164087859914, -2238703.162637140136212 ], [ 1467535.878742987755686, -2241529.656998551916331 ], [ 1465477.992982759838924, -2241641.793801985681057 ], [ 1466317.487845649477094, -2243093.044408196117729 ], [ 1463660.857833672082052, -2246963.086999191902578 ], [ 1465976.722170363878831, -2248277.564160867128521 ], [ 1468066.197360372869298, -2243890.168671275023371 ], [ 1469282.039834126131609, -2245996.642661742400378 ], [ 1466734.626821687212214, -2248057.595222970936447 ], [ 1467395.550019922899082, -2249359.793772487901151 ], [ 1460319.961712260032073, -2247880.851245165802538 ], [ 1459746.033500595483929, -2250678.881098293233663 ], [ 1452448.558569190325215, -2248825.083139201626182 ], [ 1458090.058475747238845, -2257902.280786863993853 ], [ 1458829.935496265999973, -2266164.5749620818533 ], [ 1460805.566849536262453, -2264599.334382686764002 ], [ 1465432.168405421776697, -2265967.412752608768642 ], [ 1468125.276324935723096, -2264266.898189938161522 ], [ 1468519.766931265825406, -2266968.530692708212882 ], [ 1469673.049239929532632, -2264860.885807667858899 ], [ 1471226.286736240144819, -2264532.145005795173347 ], [ 1473476.468055907636881, -2266176.047575869597495 ], [ 1473020.166760539868847, -2268158.865135792177171 ], [ 1477131.333689198596403, -2269800.791043924633414 ], [ 1475636.411006328649819, -2272127.978108850773424 ], [ 1478239.400812042644247, -2270262.714740018360317 ], [ 1478240.15197004051879, -2271984.682285011745989 ], [ 1480187.024454488884658, -2271636.764136124867946 ], [ 1478287.862418549135327, -2273242.78058963874355 ], [ 1479326.066661695484072, -2272742.742106571327895 ], [ 1480410.168616654118523, -2271410.68629528908059 ], [ 1480778.393731234362349, -2271493.010680513456464 ], [ 1479830.675190803129226, -2273207.697318193502724 ], [ 1482384.99289362016134, -2273621.891760179307312 ], [ 1481216.670877726515755, -2274363.565155770629644 ], [ 1482796.531689422670752, -2275510.39968687761575 ], [ 1483838.092981253517792, -2272612.187689686194062 ], [ 1487447.059191357344389, -2273843.306915689259768 ], [ 1486808.735881698550656, -2269994.673762385733426 ], [ 1488786.21763782016933, -2272260.526278883218765 ], [ 1492707.099482760997489, -2269865.447186706122011 ], [ 1492267.066005452768877, -2271494.333763157948852 ], [ 1492832.539008137071505, -2271068.177261213771999 ], [ 1493200.453989985631779, -2271099.274494613986462 ], [ 1493334.515986582264304, -2271257.220477535389364 ], [ 1491556.119815788464621, -2271768.128642534837127 ], [ 1494530.357031425228342, -2271096.351713357958943 ], [ 1493008.86100023961626, -2269392.807969161774963 ], [ 1494651.061112941941246, -2270063.788952788338065 ], [ 1494193.907977235037833, -2265600.696211947593838 ], [ 1495688.187193845165893, -2265957.498639836441725 ], [ 1498221.684445182327181, -2263529.695224682800472 ], [ 1497339.996334691299126, -2260752.145786628127098 ], [ 1504016.241439374163747, -2262616.544418589677662 ], [ 1503143.776268857996911, -2264078.80549601232633 ], [ 1505612.143804823979735, -2264022.367530988994986 ], [ 1507002.159683245932683, -2265806.481247334741056 ], [ 1512383.861606786726043, -2265970.218654732685536 ], [ 1512772.453895908314735, -2268881.252547579817474 ], [ 1513582.571338028879836, -2267887.296592652332038 ], [ 1516997.714647894725204, -2270009.715458466671407 ], [ 1518896.556959544308484, -2269383.659690108615905 ], [ 1520874.468998718773946, -2273956.246571572031826 ], [ 1523434.456672301748767, -2272536.365892085712403 ], [ 1524891.610968888038769, -2276907.29928255546838 ], [ 1522743.643427957547829, -2278142.979072240181267 ], [ 1522178.45001782127656, -2280223.549210896249861 ], [ 1523970.284323872765526, -2282345.045094941742718 ], [ 1522507.186978458194062, -2282272.560004367958754 ], [ 1527187.550395477563143, -2284291.664888486266136 ], [ 1525900.913801456335932, -2289661.732236598152667 ], [ 1527643.707927495473996, -2291706.125238992739469 ], [ 1526942.355932883685455, -2293727.668400501832366 ], [ 1530181.878056683810428, -2292996.134553825948387 ], [ 1531220.868730810005218, -2296031.154609850607812 ], [ 1534016.363006802508608, -2292641.517318035010248 ], [ 1536606.619723972864449, -2293657.486278581432998 ], [ 1536613.712594146607444, -2291503.862019028048962 ], [ 1542567.516359388595447, -2286501.377330296207219 ], [ 1541894.644369960296899, -2281004.43377416068688 ], [ 1543256.777414889307693, -2280039.553336933255196 ], [ 1544814.746002323925495, -2282948.128258103039116 ], [ 1547273.090713028330356, -2283009.922176872380078 ], [ 1544827.14847712777555, -2285163.686774808447808 ], [ 1548419.713503784732893, -2290387.783098973799497 ], [ 1546630.814647227758542, -2290621.554675458930433 ], [ 1548194.263048370601609, -2291513.458241157699376 ], [ 1545634.288691879948601, -2292096.174543680623174 ], [ 1543822.580185822909698, -2297055.113658811431378 ], [ 1544059.734998434316367, -2300010.955511230509728 ], [ 1547006.715312516549602, -2302017.293201099149883 ], [ 1544037.562447754433379, -2301680.596615416463464 ], [ 1544873.178616805933416, -2304528.65132146095857 ], [ 1547640.85146872070618, -2304779.026245662942529 ], [ 1551723.459019201807678, -2302555.150032553821802 ], [ 1551865.348438774468377, -2298457.062284423038363 ], [ 1553654.163041890366003, -2297521.281135677359998 ], [ 1553734.379720351891592, -2300603.490375695284456 ], [ 1556737.006922356318682, -2297042.718093721196055 ], [ 1556145.072375459829345, -2299395.146332055795938 ], [ 1557774.109127733623609, -2299071.769260415807366 ], [ 1558105.170094702159986, -2298335.327528638765216 ], [ 1558459.771645710570738, -2298097.579587002750486 ], [ 1558828.671811983920634, -2297964.350927699357271 ], [ 1558971.374366130679846, -2299725.756207040511072 ], [ 1562992.169466282008216, -2297509.850783109664917 ], [ 1561384.887224483769387, -2296476.114036334678531 ], [ 1564334.796223948244005, -2297585.909803318791091 ], [ 1565886.456687534460798, -2294437.350992451887578 ], [ 1564849.08216053317301, -2293272.887900642585009 ], [ 1566328.974943372420967, -2294343.266086012125015 ], [ 1566966.975080660078675, -2300145.037154265679419 ], [ 1569390.549574704375118, -2301129.598218678962439 ], [ 1568227.385000871261582, -2303197.19735996844247 ], [ 1569973.532906356733292, -2304105.286533233243972 ], [ 1567574.437431857921183, -2307267.55673191184178 ], [ 1563737.009408899582922, -2308294.868846788071096 ], [ 1561776.967216268181801, -2314186.212851645424962 ], [ 1561152.106826126342639, -2310951.302510965615511 ], [ 1554821.326439921976998, -2315073.377188726328313 ], [ 1561394.889703867724165, -2317438.639771309681237 ], [ 1562579.118997248122469, -2315460.042964873369783 ], [ 1564063.820703237550333, -2315686.154541541356593 ], [ 1563231.100805355235934, -2317552.733777271118015 ], [ 1564379.489512344356626, -2317649.430539432447404 ], [ 1563483.574426639126614, -2319026.705797435250133 ], [ 1565048.507005339022726, -2321675.8987274505198 ], [ 1567498.118568214355037, -2322737.270486624445766 ], [ 1568478.576232886174694, -2320820.661918989382684 ], [ 1568484.611179269850254, -2322866.590451156254858 ], [ 1565602.034219162538648, -2324773.755916681606323 ], [ 1564782.379284166963771, -2322938.170113865751773 ], [ 1566573.045105578377843, -2322952.723512313794345 ], [ 1562848.327457982813939, -2320388.208549724891782 ], [ 1557611.030675536487252, -2320933.514487105887383 ], [ 1552913.066482893424109, -2329559.614236876368523 ], [ 1555071.648291360586882, -2330882.798633314669132 ], [ 1556428.173583988333121, -2329399.365076291374862 ], [ 1557711.901314688147977, -2332085.575112086720765 ], [ 1564057.54794752667658, -2335709.673178611788899 ], [ 1570926.726683333981782, -2332671.986558837350458 ], [ 1570587.659145978512242, -2335731.230824143625796 ], [ 1572655.106321028666571, -2334210.991721712052822 ], [ 1573246.505009666550905, -2335943.955804131459445 ], [ 1578415.500392854213715, -2333894.40404679486528 ], [ 1579388.432740007294342, -2332044.639027078635991 ], [ 1577401.859411377459764, -2331868.187176441308111 ], [ 1575909.451676828088239, -2328345.552562463562936 ], [ 1581704.001385436626151, -2330056.49400820536539 ], [ 1583483.909845306770876, -2328645.615538741461933 ], [ 1582852.351558016845956, -2325871.159002845641226 ], [ 1584196.817552371649072, -2329707.197781277820468 ], [ 1589695.668771992903203, -2328230.011343563906848 ], [ 1587216.121076649986207, -2333471.378162830602378 ], [ 1590424.245190545916557, -2335086.945107800420374 ], [ 1591926.725433797808364, -2333028.501700325869024 ], [ 1593505.354691799264401, -2334230.959275555796921 ], [ 1597973.766526991035789, -2330036.746177511755377 ], [ 1602188.576948266476393, -2328660.088218760676682 ], [ 1603486.05726298247464, -2330462.792002210859209 ], [ 1600307.592319105984643, -2334959.815223000477999 ], [ 1601333.529050995828584, -2338500.344692199490964 ], [ 1603904.092514256946743, -2336044.36664093285799 ], [ 1606770.194617716129869, -2336568.919673027470708 ], [ 1607070.933186620241031, -2337621.396095008123666 ], [ 1604153.024865955812857, -2337784.550476877484471 ], [ 1605859.293199422769248, -2340827.769146206788719 ], [ 1604882.914068026002496, -2342014.435702370479703 ], [ 1606294.306210761191323, -2341240.870391808915883 ], [ 1609833.318875033874065, -2347163.473143335897475 ], [ 1614368.563638019841164, -2349259.636048919986933 ], [ 1614588.150183785241097, -2347464.35882486961782 ], [ 1612147.870583971962333, -2346683.390733679756522 ], [ 1612249.542431371053681, -2343689.01779423141852 ], [ 1614642.128141477238387, -2343686.714405410457402 ], [ 1614053.968886048765853, -2346230.336779424920678 ], [ 1616522.166106886928901, -2341236.097881368361413 ], [ 1608518.323911011219025, -2337321.563263600226492 ], [ 1611211.189517894992605, -2337863.225943254306912 ], [ 1610323.231868587667122, -2336142.357645445503294 ], [ 1611398.626205303473398, -2335785.170438679400831 ], [ 1612511.805652135750279, -2338166.409680100157857 ], [ 1615867.899750790791586, -2339461.265164946205914 ], [ 1616163.348465537885204, -2334029.19231166318059 ], [ 1617854.962681734934449, -2331905.289142918772995 ], [ 1614976.282320785569027, -2331926.618828020058572 ], [ 1613787.234818624099717, -2336488.415168044157326 ], [ 1612631.523829468758777, -2334860.364013092126697 ], [ 1610058.687819960992783, -2335878.242855676449835 ], [ 1612566.963868503924459, -2333633.788748148363084 ], [ 1611860.675809503532946, -2329509.103181223850697 ], [ 1615089.778432938735932, -2328596.36893160128966 ], [ 1613082.941612899769098, -2328189.390160917770118 ], [ 1613576.275013915728778, -2326724.239515284541994 ], [ 1611581.378946535522118, -2327654.549730462022126 ], [ 1613273.324680684600025, -2324649.055579812265933 ], [ 1614754.196205266518518, -2326587.170853767544031 ], [ 1611726.379850348923355, -2318374.890033940318972 ], [ 1605229.025762208970264, -2317492.09099753992632 ], [ 1606138.400614970829338, -2318985.443210777360946 ], [ 1604867.686226109741256, -2321742.4559017107822 ], [ 1608195.21425619488582, -2320754.567797007039189 ], [ 1611468.481916761025786, -2323327.695756556000561 ], [ 1610087.610358435660601, -2326686.379754891619086 ], [ 1607293.273180553456768, -2324815.704286019783467 ], [ 1604205.70098961237818, -2325980.209469441324472 ], [ 1604201.050307561876252, -2324603.827052630018443 ], [ 1599684.498774508014321, -2323664.531532587483525 ], [ 1602383.27572208433412, -2322856.525338813196868 ], [ 1601099.344581419369206, -2321158.016124479006976 ], [ 1594246.19280074746348, -2321665.046070168726146 ], [ 1596052.425245700869709, -2320409.88540414813906 ], [ 1593893.474215550348163, -2319470.146040584426373 ], [ 1592708.024904733523726, -2316927.753320081625134 ], [ 1595031.392760066082701, -2317366.049497566651553 ], [ 1593958.489943071268499, -2315261.669427137821913 ], [ 1593211.478540332755074, -2315951.811235393863171 ], [ 1592000.131441676756367, -2315512.218802708666772 ], [ 1592245.168302998645231, -2312966.905136105138808 ], [ 1593235.956192255951464, -2315380.141040910966694 ], [ 1594374.739605087088421, -2314324.060366357676685 ], [ 1596264.170866291271523, -2315194.269671364687383 ], [ 1596123.784593053162098, -2313071.406764640938491 ], [ 1598332.383641553344205, -2315052.150440884754062 ], [ 1600648.052585720317438, -2311378.729007144458592 ], [ 1597948.885191108332947, -2310965.054330094251782 ], [ 1597101.047940135234967, -2312974.59552409639582 ], [ 1596441.058973076054826, -2311078.926776011008769 ], [ 1596057.265144783305004, -2311297.845706009306014 ], [ 1595286.977627194020897, -2310920.187835650984198 ], [ 1594805.693078311160207, -2311186.315951637458056 ], [ 1594483.610091344686225, -2310787.374268630519509 ], [ 1598291.068333725910634, -2309743.148945101071149 ], [ 1594930.675677408464253, -2307566.619751053862274 ], [ 1592125.362415846670046, -2310463.541871102992445 ], [ 1588821.310515134828165, -2306741.720919105224311 ], [ 1592018.397050448926166, -2303203.872502500191331 ], [ 1590360.951083508785814, -2301318.933084377553314 ], [ 1593134.566477013751864, -2302482.184714676812291 ], [ 1596870.656843954464421, -2298527.606180858332664 ], [ 1598960.346806700341403, -2300201.035144139546901 ], [ 1598311.484913763357326, -2297912.990455562714487 ], [ 1602281.924600495025516, -2294972.547110006213188 ], [ 1596198.965231057954952, -2296481.577178440988064 ], [ 1596232.864657109370455, -2294682.439115233719349 ], [ 1591392.060670805163682, -2297053.551966373808682 ], [ 1591333.610197939211503, -2297655.462442946154624 ], [ 1591041.570380004355684, -2298098.487544572446495 ], [ 1590479.662221982143819, -2298306.904309819452465 ], [ 1591974.390734217595309, -2291993.796672488562763 ], [ 1585797.145600046031177, -2293494.622480012942106 ], [ 1586603.652348632458597, -2291095.256672066636384 ], [ 1584508.966354406671599, -2291581.451066575944424 ], [ 1584724.802296545356512, -2289703.202127437107265 ], [ 1580608.128743855049834, -2291390.909968369174749 ], [ 1585523.079087073216215, -2283987.942329830490053 ], [ 1584393.943185023032129, -2280185.853467813692987 ], [ 1581999.51523224869743, -2279940.749728525057435 ], [ 1581295.235932717332616, -2277570.604089512489736 ], [ 1576861.028301615733653, -2277955.670728547032923 ], [ 1577894.49141140608117, -2274694.050486945081502 ], [ 1579303.812062179902568, -2275701.369107255712152 ], [ 1579334.345967941451818, -2273263.461108726449311 ], [ 1575539.748426602454856, -2272073.69961541891098 ], [ 1576342.642459486378357, -2270790.527318420819938 ], [ 1574162.668557404307649, -2266677.335527365561575 ], [ 1577370.169083976885304, -2264788.753212362527847 ], [ 1576272.054763353429735, -2263208.466728963889182 ], [ 1577656.051673759706318, -2261719.389547644648701 ], [ 1573593.490939631126821, -2259055.59076930442825 ], [ 1571616.997493310365826, -2263893.671884492505342 ], [ 1569497.756503162207082, -2264571.612601541448385 ], [ 1573170.246208778116852, -2258818.253430913202465 ], [ 1571333.675082312896848, -2258315.634611127898097 ], [ 1568922.948280449956656, -2258700.908490715548396 ], [ 1569369.771107890410349, -2259693.716487193014473 ], [ 1567579.92228843527846, -2262347.381068551447242 ], [ 1568816.540393127594143, -2258416.004295638762414 ], [ 1572999.871058968594298, -2256404.888234614860266 ], [ 1571907.532168318284675, -2255397.045526785310358 ], [ 1574940.768128084484488, -2253442.578811725135893 ], [ 1572997.719259455101565, -2252528.01841917866841 ], [ 1569534.225961379241198, -2255900.075330421794206 ], [ 1567707.403087303508073, -2254019.977954142726958 ], [ 1570189.635225389152765, -2254697.451999999117106 ], [ 1569495.890604042215273, -2252514.968077418860048 ], [ 1571473.002700680634007, -2251719.16131090791896 ], [ 1567477.319141485728323, -2249220.526396751403809 ], [ 1567772.321112131467089, -2247174.815723028499633 ], [ 1570443.055974990595132, -2247307.672203598544002 ], [ 1572242.457356463652104, -2251268.562439867295325 ], [ 1574514.151521738851443, -2251673.804254629649222 ], [ 1571325.978337477426976, -2244026.903734154533595 ], [ 1573146.25525664514862, -2243857.965702618937939 ], [ 1573432.29684500163421, -2242195.006842937786132 ], [ 1571810.027671656105667, -2242006.28393041761592 ], [ 1569852.015669299289584, -2244741.36222824268043 ], [ 1570883.695419355528429, -2241657.959315673913807 ], [ 1569201.188121681567281, -2240498.714355193078518 ], [ 1570635.185451011173427, -2240244.606569345574826 ], [ 1569909.045950055122375, -2237976.887737154494971 ], [ 1568524.880793352611363, -2238001.597637524828315 ], [ 1568752.45005161780864, -2241121.247165286913514 ], [ 1566169.513968521961942, -2245879.715989148244262 ], [ 1566172.699762590928003, -2241598.363651554565877 ], [ 1565639.287798657547683, -2243256.930720434524119 ], [ 1565161.725198944564909, -2241163.726960276253521 ], [ 1564148.513405852951109, -2241092.681493090931326 ], [ 1563941.768404811620712, -2243792.303465314209461 ], [ 1563345.021156997187063, -2241932.475185347720981 ], [ 1563255.919558054301888, -2246997.75688929669559 ], [ 1565368.186688973801211, -2247727.430539504624903 ], [ 1562772.855158214224502, -2248775.826498926617205 ], [ 1558861.22225003503263, -2247745.860086797270924 ], [ 1560763.717846233863384, -2247512.32940160529688 ], [ 1561657.04985835403204, -2237758.473332119174302 ], [ 1565693.157684258418158, -2235843.440452010836452 ], [ 1560029.044207813451067, -2236495.70077579235658 ], [ 1558687.323901216499507, -2239532.827483813744038 ], [ 1555876.802339211339131, -2241035.94925288297236 ], [ 1554307.532576764235273, -2240033.492419261019677 ], [ 1555771.168795700650662, -2237022.43184149870649 ], [ 1557468.449987852480263, -2236907.839315977413207 ], [ 1556798.7260071572382, -2232894.198965760413557 ], [ 1558994.351196870906278, -2231793.641562490258366 ], [ 1557027.375090064946562, -2231187.280510703101754 ], [ 1560992.560755908256397, -2230527.897856152616441 ], [ 1559111.268922395305708, -2227013.317769058980048 ], [ 1562314.071112944744527, -2223866.506694678682834 ], [ 1559526.556114643579349, -2224461.531622473616153 ], [ 1558546.85727620171383, -2223154.673365228343755 ], [ 1556680.197897097095847, -2224527.058714408427477 ], [ 1557183.657165559707209, -2225975.568522262386978 ], [ 1557051.356475572567433, -2226272.610517954453826 ], [ 1554796.1745594907552, -2221446.871828496456146 ], [ 1553287.517853099154308, -2224524.811978679150343 ], [ 1554286.451065464643762, -2225807.067374404985458 ], [ 1553206.927511112065986, -2226706.813594640232623 ], [ 1552986.540466578910127, -2224547.017998027149588 ], [ 1551343.738268457120284, -2224555.321751739364117 ], [ 1551991.699599960586056, -2227593.642868134193122 ], [ 1550996.530591015238315, -2227460.216731530148536 ], [ 1550035.315471240784973, -2223043.459596162196249 ], [ 1549056.700448693940416, -2223614.673248494975269 ], [ 1547870.609751673880965, -2221460.701187510509044 ], [ 1547355.307244138792157, -2224496.408645460847765 ], [ 1542726.669054490979761, -2223572.793272227514535 ], [ 1541650.251763545908034, -2225202.56071143457666 ], [ 1537155.908917180960998, -2221401.172832481563091 ], [ 1535273.352448866236955, -2222951.922904906794429 ], [ 1535964.323424958856776, -2220604.549420447088778 ], [ 1534764.86393610900268, -2220090.80917294183746 ], [ 1537348.075801629107445, -2219281.048193173948675 ], [ 1533285.771612420445308, -2217786.033759327605367 ], [ 1532232.331416371744126, -2217963.262550076004118 ], [ 1535552.84493449004367, -2219598.152715540025383 ], [ 1531707.629733928944916, -2221665.499985690694302 ], [ 1528402.196814015274867, -2221114.517710356973112 ], [ 1531624.657078249845654, -2218947.532715414650738 ], [ 1529889.276329134125262, -2219465.066021217033267 ], [ 1526145.094583957223222, -2216997.82417777646333 ], [ 1526498.785509615205228, -2214032.943246932700276 ], [ 1523772.395404423121363, -2214760.577765009365976 ], [ 1525066.473038956522942, -2212218.663383949082345 ], [ 1528122.218317977385595, -2213255.40338006708771 ], [ 1529401.804446278139949, -2211257.139704822096974 ], [ 1529410.630948406644166, -2212702.600519784726202 ], [ 1531024.773745715385303, -2211394.046046588104218 ], [ 1533333.883424165425822, -2212551.267472202889621 ], [ 1533575.576978776371107, -2210316.94100746512413 ], [ 1536274.19573642895557, -2208057.767365435138345 ], [ 1535897.479999071452767, -2209827.034007125534117 ], [ 1537182.68627646076493, -2208924.607308807317168 ], [ 1538347.512006962206215, -2210916.020477297715843 ], [ 1542937.686207315884531, -2211995.338865180499852 ], [ 1537735.64169915788807, -2206507.042082231026143 ], [ 1533526.459467979380861, -2205950.897043161094189 ], [ 1534200.809758399380371, -2204861.948477199766785 ], [ 1537518.75951099791564, -2205763.46777948923409 ], [ 1533062.348708259873092, -2202897.218001950066537 ], [ 1526529.903526711743325, -2202416.310412916820496 ], [ 1533447.02511901082471, -2205156.232533442322165 ], [ 1528487.450863862177357, -2204237.290354109369218 ], [ 1527840.871601877734065, -2205752.304481910541654 ], [ 1525201.493949455441907, -2204677.599270208738744 ], [ 1524505.740378840826452, -2205924.43929732311517 ], [ 1522757.227559787919745, -2202844.162893998902291 ], [ 1526081.403025820851326, -2202505.795546410605311 ], [ 1522563.259279323043302, -2201566.393993995618075 ], [ 1526025.548171908827499, -2200839.703219833783805 ], [ 1519945.653936349321157, -2199379.677816063165665 ], [ 1524327.054293690482154, -2199732.917428941931576 ], [ 1523503.258657113648951, -2198494.135335766710341 ], [ 1524504.590637277811766, -2197613.445587664842606 ], [ 1525438.825953663093969, -2199591.755803283303976 ], [ 1527223.289612099993974, -2198984.452152170240879 ], [ 1526184.085206712130457, -2200081.131414861883968 ], [ 1528649.033775619231164, -2200156.393176320940256 ], [ 1526859.856601031729952, -2201257.629930770024657 ], [ 1531734.023561331210658, -2200343.982743050437421 ], [ 1534965.316607288550586, -2201632.529222626704723 ], [ 1536593.12383960862644, -2200099.476453373208642 ], [ 1536033.122677842155099, -2201369.10107167204842 ], [ 1539962.444320776732638, -2203324.015623359009624 ], [ 1544274.144282051362097, -2204123.26405637525022 ], [ 1546173.701922341017053, -2203032.979605401400477 ], [ 1542083.080332333454862, -2199452.243813798297197 ], [ 1540677.081989786354825, -2199342.581754670478404 ], [ 1541772.988131406251341, -2200996.419196800328791 ], [ 1540381.968062766594812, -2199801.898376830387861 ], [ 1540509.850484084105119, -2198997.299911675043404 ], [ 1542535.559278722386807, -2199141.893438227474689 ], [ 1541536.07690518302843, -2197243.595393752213567 ], [ 1538098.919477449031547, -2196543.883081507869065 ], [ 1537284.738274597097188, -2198096.523370290640742 ], [ 1538687.84902001125738, -2194912.253104604315013 ], [ 1537838.283828873885795, -2193571.242263106629252 ], [ 1539486.171977654099464, -2193952.925902154296637 ], [ 1541495.637207533465698, -2191648.603129928465933 ], [ 1539203.65118414349854, -2190293.346486082766205 ], [ 1540059.852502709254622, -2188972.379570906516165 ], [ 1536940.825428091455251, -2188627.212659195996821 ], [ 1535427.431991359451786, -2190589.420021687634289 ], [ 1535931.164608580525964, -2193018.114199455827475 ], [ 1533540.795011088717729, -2191858.78601183462888 ], [ 1529354.438549220329151, -2185431.191980423871428 ], [ 1530631.323004943085834, -2183397.295436970423907 ], [ 1533069.935869806213304, -2183227.995481695048511 ], [ 1532588.806994183454663, -2181820.938362397719175 ], [ 1528926.32793807098642, -2182752.499295411631465 ], [ 1530305.785433499608189, -2180360.745518382638693 ], [ 1528846.636803715722635, -2178869.427993483841419 ], [ 1529048.799355056602508, -2181025.56881605880335 ], [ 1527947.185930838342756, -2180249.930561512708664 ], [ 1526993.501367146149278, -2182935.789826202671975 ], [ 1526489.759867014596239, -2179478.106938004493713 ], [ 1523723.8387449181173, -2176226.111334729474038 ], [ 1524826.757345551392063, -2169826.022786054760218 ], [ 1527018.437576943077147, -2169656.340571719221771 ], [ 1528025.363214136101305, -2172866.084236316848546 ], [ 1529893.832294910913333, -2173709.287812072783709 ], [ 1530254.356237343978137, -2172631.669706293381751 ], [ 1528813.894087744643912, -2172580.516284683253616 ], [ 1530426.689177468186244, -2171994.91161039005965 ], [ 1529913.639485084451735, -2170696.136796999722719 ], [ 1532009.893789322581142, -2171507.970948600675911 ], [ 1532036.141400639200583, -2169305.235623762477189 ], [ 1534854.733656472992152, -2173130.245916149113327 ], [ 1531711.973598251817748, -2166264.636356370989233 ], [ 1533083.478458950994536, -2166210.74814948765561 ], [ 1533464.576273691607639, -2164002.878331587184221 ], [ 1531936.04940615221858, -2163255.674767589196563 ], [ 1530877.221700157271698, -2164558.914586740545928 ], [ 1527470.547640550183132, -2162106.176846502814442 ], [ 1525319.064125775592402, -2163527.020397456362844 ], [ 1525717.998573349788785, -2161933.679549445863813 ], [ 1524148.621860653162003, -2163577.374657375272363 ], [ 1519381.226285208249465, -2162763.556721657980233 ], [ 1515618.745124778710306, -2159116.646479854360223 ], [ 1512288.857448260532692, -2158876.290737454779446 ], [ 1511648.372773068491369, -2156391.927112820092589 ], [ 1504960.884794248500839, -2156720.389387633651495 ], [ 1506595.457253761123866, -2153325.130936751142144 ], [ 1503273.178931672358885, -2151625.482267450541258 ], [ 1503846.788300512125716, -2147962.991378792095929 ], [ 1501179.932218169327825, -2146272.875918412581086 ], [ 1497768.457445738371462, -2139228.574843542650342 ], [ 1499958.913918207399547, -2138598.139879032969475 ], [ 1494873.458606166765094, -2134537.709904661402106 ], [ 1494792.892524244263768, -2132111.811896411702037 ], [ 1492667.364867064170539, -2132033.393141612410545 ], [ 1495448.478833653964102, -2130899.125946297310293 ], [ 1493758.084188503446057, -2127637.781655778642744 ], [ 1491329.812790335156024, -2128387.786663024686277 ], [ 1487687.336066250689328, -2125193.820920059457421 ], [ 1486248.55220700474456, -2126458.014160203747451 ], [ 1485140.97237325203605, -2122317.383738612290472 ], [ 1483066.765727971680462, -2120412.310014174319804 ], [ 1483557.772416873369366, -2121434.013215257320553 ], [ 1482174.80527762346901, -2121112.115177771542221 ], [ 1481982.787589375860989, -2121642.177408053539693 ], [ 1483642.36192312464118, -2122942.463560946751386 ], [ 1482170.867209768621251, -2123343.31677886005491 ], [ 1484360.769317833473906, -2125261.195708638522774 ], [ 1481808.110063349129632, -2126284.361037636175752 ], [ 1480114.350550660397857, -2124784.152601628098637 ], [ 1480970.174533168552443, -2128180.568860996514559 ], [ 1474026.999337270390242, -2124294.111900865100324 ], [ 1475949.525114368880168, -2123339.050639518536627 ], [ 1474663.915607457049191, -2122789.509740422014147 ], [ 1475908.201048735063523, -2118462.066610619425774 ], [ 1474759.558803124818951, -2117846.459197747055441 ], [ 1476028.573058974463493, -2117322.866648213006556 ], [ 1474542.663688568864018, -2114805.461473599076271 ], [ 1476199.244486059760675, -2111125.951841651462018 ], [ 1477730.294272291241214, -2111110.538084885571152 ], [ 1472880.819183554733172, -2108867.929981308523566 ], [ 1474554.309090994298458, -2107653.02298859320581 ], [ 1473220.697027231100947, -2107026.861870537046343 ], [ 1474168.241087971255183, -2104232.430928341113031 ], [ 1472520.272564668906853, -2105125.517333005554974 ], [ 1473353.377125360071659, -2102734.199340540915728 ], [ 1471036.726121668238193, -2102687.399882960133255 ], [ 1470213.803785106400028, -2105203.985163446050137 ], [ 1467884.205546106211841, -2102531.632394936401397 ], [ 1464663.785891083534807, -2102834.027587888296694 ], [ 1462237.583319962956011, -2100875.922616792377084 ], [ 1457196.780922235921025, -2102390.625296493060887 ], [ 1456802.827420170884579, -2098883.323726429138333 ], [ 1455291.958218037849292, -2100191.293379630427808 ], [ 1453765.068262845976278, -2098488.958308657631278 ], [ 1451857.611892197048292, -2099061.166655781213194 ], [ 1452838.315791261615232, -2096904.097633966710418 ], [ 1451344.371163881151006, -2094569.326822533970699 ], [ 1444966.736087194876745, -2090712.258742534089833 ], [ 1446661.567993232980371, -2089031.740173756610602 ], [ 1443280.788839922519401, -2085640.49503918341361 ], [ 1444557.864506578305736, -2084614.360698485048488 ], [ 1443964.538094861898571, -2079812.444133763434365 ], [ 1438423.852665500482544, -2076468.75554787623696 ], [ 1437699.068121809046715, -2073142.178768357262015 ], [ 1432393.951848903438076, -2072942.935616846429184 ], [ 1433982.778690309962258, -2069216.598113633226603 ], [ 1434750.638904974097386, -2070121.618602265138179 ], [ 1435465.784524183254689, -2069465.104040596401319 ], [ 1434221.909355680691078, -2068825.551811453653499 ], [ 1435927.817678741877899, -2064642.078721563331783 ], [ 1434929.405465479707345, -2063156.64083520998247 ], [ 1437767.949408956570551, -2061581.583013219526038 ], [ 1436302.789563928032294, -2059883.494866162072867 ], [ 1434669.539427941665053, -2060189.666234006872401 ], [ 1434864.234490995062515, -2061589.777794990921393 ], [ 1433827.895953430794179, -2060999.211803900776431 ], [ 1432663.368501141201705, -2055966.006075227633119 ], [ 1436220.493543210439384, -2052557.849523465149105 ], [ 1436339.461973557947204, -2049232.841590301366523 ], [ 1438247.516603329218924, -2049429.504086444852874 ], [ 1436451.881454710848629, -2047363.190890540368855 ], [ 1437078.007767511531711, -2044831.142784830415621 ], [ 1432545.149378957692534, -2038695.402953106444329 ], [ 1433807.71137839416042, -2037184.369437967892736 ], [ 1436647.574022637447342, -2038091.591679685749114 ], [ 1436590.766768073430285, -2036358.32925643096678 ], [ 1433889.543290768517181, -2033934.619138097157702 ], [ 1431497.093316473998129, -2034244.500622911145911 ], [ 1428838.167257987894118, -2030626.140991138294339 ], [ 1430602.071457062382251, -2026629.018500255187973 ], [ 1428205.882041281089187, -2024014.889701343839988 ], [ 1428445.061399288941175, -2022769.181965271010995 ], [ 1430300.273753329878673, -2024585.433244358748198 ], [ 1431282.501347210025415, -2022734.416814062511548 ], [ 1432897.062015183037147, -2023481.581152851693332 ], [ 1434886.026160776149482, -2014741.282774979481474 ], [ 1430690.5141068585217, -2010786.394736516987905 ], [ 1428513.470597627572715, -2010466.169063419802114 ], [ 1427372.444819130236283, -2011982.888752520782873 ], [ 1426068.701462036231533, -2007530.373677672585472 ], [ 1427812.525557729648426, -2004738.396041488274932 ], [ 1426090.676113059977069, -2006176.816926050232723 ], [ 1423312.842972997110337, -2005197.775488203857094 ], [ 1424880.17849357612431, -2003938.282560755964369 ], [ 1424050.99953161762096, -2001109.260485501494259 ], [ 1425524.807607623515651, -1999328.289352845167741 ], [ 1422558.088150468189269, -1999564.23042862676084 ], [ 1422584.464287295704708, -1995594.56484557245858 ], [ 1423573.27722560800612, -1994436.53809296246618 ], [ 1424500.465634098276496, -1995492.51675341790542 ], [ 1424743.088233301416039, -1993693.721165092894807 ], [ 1427680.151632748544216, -1994801.746400121832266 ], [ 1428757.250796740176156, -1993022.485861072549596 ], [ 1426114.275418321369216, -1990785.039224352221936 ], [ 1427771.844158483436331, -1987889.865156430518255 ], [ 1426598.820569186937064, -1986677.024032776011154 ], [ 1425081.889910393860191, -1987451.060811476781964 ], [ 1425440.663278351072222, -1984320.25087302364409 ], [ 1423229.774049044586718, -1985146.838753067422658 ], [ 1421907.086016129003838, -1982402.854568417416885 ], [ 1424299.163503928808495, -1979087.371675365837291 ], [ 1422386.886058988515288, -1976998.437300556339324 ], [ 1423754.766297727823257, -1977285.503330967854708 ], [ 1424481.457594861509278, -1975434.893694852944463 ], [ 1422587.025342788547277, -1974567.548504138365388 ], [ 1424029.977720104390755, -1973806.394159855088219 ], [ 1423212.112052968936041, -1969904.638685762649402 ], [ 1419948.353650417877361, -1968060.754045252455398 ], [ 1421342.774195523932576, -1968400.621218145824969 ], [ 1422454.087956839473918, -1961691.74800552171655 ], [ 1420685.826069262810051, -1959135.088972047669813 ], [ 1423352.69884039554745, -1959319.763313070870936 ], [ 1426508.112467148574069, -1955262.335248469607905 ], [ 1422093.951859829947352, -1950562.929114728234708 ], [ 1421831.031795180868357, -1947940.036170525476336 ], [ 1419433.181485577952117, -1947438.904979592189193 ], [ 1419870.830972246360034, -1945507.741385931149125 ], [ 1418045.700395671185106, -1945315.530109787127003 ], [ 1418254.434838485904038, -1940966.904265679419041 ], [ 1419564.765264025423676, -1940047.3156994425226 ], [ 1418230.630839029792696, -1938546.456793738063425 ], [ 1420726.199419747339562, -1937174.370551127241924 ], [ 1420619.272801396204159, -1934793.032043478451669 ], [ 1416413.138674390269443, -1932882.887660017935559 ], [ 1417183.240770287346095, -1931461.704051654785872 ], [ 1415334.881842417642474, -1930762.923024396412075 ], [ 1417146.298098224215209, -1928701.825946300290525 ], [ 1415485.423674924764782, -1928445.3414369688835 ], [ 1415278.422154733911157, -1926665.778614455834031 ], [ 1421053.524062299868092, -1925364.54196082148701 ], [ 1422287.28499557543546, -1922096.593453450128436 ], [ 1423099.85249284771271, -1922745.97053107037209 ], [ 1423255.761834614211693, -1922601.188009693054482 ], [ 1418037.60520254005678, -1917455.509839289821684 ], [ 1420649.870381711050868, -1913299.492544631706551 ], [ 1426284.289016236085445, -1914927.858772629406303 ], [ 1423126.665454850532115, -1911474.639209528686479 ], [ 1424346.344907282385975, -1904909.466560996137559 ], [ 1428612.49863196327351, -1906718.404606331372634 ], [ 1429752.600104567827657, -1903174.947646622546017 ], [ 1431643.501718583516777, -1907421.160430511226878 ], [ 1432108.623218886787072, -1904319.013348302105442 ], [ 1433561.235468259314075, -1906061.099672700511292 ], [ 1432522.29216636903584, -1903260.682871058117598 ], [ 1435473.593997353920713, -1903912.279184174723923 ], [ 1435438.713013183325529, -1905595.036710580112413 ], [ 1435995.733484090538695, -1906005.798776761861518 ], [ 1436167.178511864272878, -1904420.612923183478415 ], [ 1439280.625657346332446, -1903056.089662714861333 ], [ 1439690.825101127382368, -1896968.695351810660213 ], [ 1442911.938100185245275, -1894483.653152904007584 ], [ 1446312.894657854689285, -1887849.746090526692569 ], [ 1442970.518017906462774, -1884599.030675032176077 ], [ 1444796.769636641722172, -1880005.808401251211762 ], [ 1445132.060147926909849, -1877432.911342462990433 ], [ 1443530.531300653936341, -1876561.725836120080203 ], [ 1444733.391870564082637, -1874499.736609786050394 ], [ 1440458.99376927013509, -1869197.820590100716799 ], [ 1444688.58862774935551, -1866699.541939864866436 ], [ 1442086.440154772950336, -1866907.243778019212186 ], [ 1442401.140477798879147, -1863105.152295686071739 ], [ 1437538.70554575510323, -1864150.906898299697787 ], [ 1434121.413942002691329, -1859174.893558334559202 ], [ 1430920.12597472476773, -1860860.035824450198561 ], [ 1427988.54575036931783, -1859998.743530580075458 ], [ 1426183.813240352086723, -1851969.889510888373479 ], [ 1425019.290553016355261, -1850642.623573009623215 ], [ 1425049.395151060074568, -1852497.728071854449809 ], [ 1423155.105103828012943, -1850914.065709955291823 ], [ 1422788.637751800008118, -1852127.053895321907476 ], [ 1419912.154853558866307, -1851960.907655165996403 ], [ 1419546.556554179871455, -1849425.433290228713304 ], [ 1420906.645296392263845, -1850327.499859646894038 ], [ 1422942.488128642784432, -1849084.100889262743294 ], [ 1417732.472489550476894, -1848261.27230248064734 ], [ 1415903.828341364627704, -1845277.237169396365061 ], [ 1415551.944610662292689, -1835136.382461092667654 ], [ 1413083.751091253710911, -1832857.916798526188359 ], [ 1414136.436790433013812, -1830967.408794436370954 ], [ 1411014.557653042254969, -1829665.24483699677512 ], [ 1410692.025090556126088, -1831761.668589394539595 ], [ 1409835.415109765017405, -1831752.957035087281838 ], [ 1404906.499192476505414, -1827116.597358029335737 ], [ 1404720.420661892741919, -1825251.644901075866073 ], [ 1406109.990868606837466, -1825512.946228866931051 ], [ 1404566.600712194805965, -1821656.713916637934744 ], [ 1405942.631583345355466, -1822589.536834177328274 ], [ 1404987.12884247652255, -1821440.467668218770996 ], [ 1408081.092901248019189, -1820649.814812986878678 ], [ 1406329.291742386529222, -1819888.373921950347722 ], [ 1407687.991241133073345, -1819434.144431504886597 ], [ 1407062.359943698626012, -1817056.490234551718459 ], [ 1409324.820053725736216, -1817854.766341422218829 ], [ 1410640.243958924897015, -1817599.011094003450125 ], [ 1408193.800967732444406, -1816672.122568836435676 ], [ 1408727.275750253582373, -1813746.684292757185176 ], [ 1406682.917100301245227, -1813100.979957820149139 ], [ 1405281.194589894264936, -1807517.377434539841488 ], [ 1403680.277059314772487, -1806914.135672357864678 ], [ 1403065.261165180942044, -1808975.707548012956977 ], [ 1402277.220520396949723, -1807327.55300259962678 ], [ 1401403.882973121013492, -1807640.487219658214599 ], [ 1399025.045647065620869, -1810858.714020856888965 ], [ 1395742.165403246879578, -1808007.416742915520445 ], [ 1390638.751661059679464, -1808436.985088580986485 ], [ 1389251.489146248903126, -1806888.443997516995296 ], [ 1390572.624689135700464, -1805643.601674746489152 ], [ 1386679.389465876389295, -1802949.753807144006714 ], [ 1383738.300520939053968, -1793935.658018880523741 ], [ 1384055.83289767568931, -1790545.993474037852138 ], [ 1387154.236614325083792, -1789552.83679445181042 ], [ 1392614.293214794248343, -1781471.143093598540872 ], [ 1400815.090499047422782, -1786941.646825032075867 ], [ 1400531.179205335443839, -1782758.507293008966371 ], [ 1402586.70959696220234, -1784532.339605700457469 ], [ 1404867.413948730798438, -1783445.279675466706976 ], [ 1404724.398980741389096, -1779477.565103146713227 ], [ 1402175.098597831558436, -1776046.186803783755749 ], [ 1404467.988926079822704, -1777744.722780792042613 ], [ 1403543.852739308029413, -1773623.114752671448514 ], [ 1405231.848659816663712, -1774340.812412579078227 ], [ 1406998.216185957659036, -1772667.789893086301163 ], [ 1405799.659660841105506, -1764013.161810495425016 ], [ 1407170.684242956107482, -1763687.908216536510736 ], [ 1408021.117622784804553, -1765396.702833810588345 ], [ 1408509.852621359284967, -1761541.374853812623769 ], [ 1411249.761830979259685, -1762279.496967938262969 ], [ 1410231.538459540344775, -1759008.984969646669924 ], [ 1408680.656266117235646, -1757810.207378960214555 ], [ 1406770.199332888936624, -1758981.536545377923176 ], [ 1407304.665123511571437, -1756043.599452698836103 ], [ 1405480.0001945651602, -1753029.036632272647694 ], [ 1405499.875056170392781, -1756115.716593557503074 ], [ 1404060.599861514056101, -1755118.773874579695985 ], [ 1402994.958008656511083, -1751137.938228121725842 ], [ 1404229.075395312625915, -1749692.06447635916993 ], [ 1401985.733231913298368, -1749383.962162318872288 ], [ 1399976.580508579965681, -1746546.269289092859253 ], [ 1399260.684602328343317, -1747705.552828071638942 ], [ 1399097.809653633274138, -1745074.134708866011351 ], [ 1397738.887008116580546, -1744687.642137648770586 ], [ 1398545.785491876071319, -1742090.154354063794017 ], [ 1397150.968541761161759, -1743124.644820651272312 ], [ 1397470.071013522101566, -1741516.408629536163062 ], [ 1395829.915979415178299, -1740783.358475287212059 ], [ 1394924.861887658014894, -1742058.888838257873431 ], [ 1393206.88032346428372, -1739113.396153238834813 ], [ 1393948.436115534743294, -1735788.947332941228524 ], [ 1389686.573822715552524, -1741123.546854302287102 ], [ 1383136.129303770372644, -1742040.365529114380479 ], [ 1376334.53497446863912, -1735303.042483539087698 ], [ 1371393.755553779890761, -1735027.185802564257756 ], [ 1372823.278950144536793, -1732666.46966297342442 ], [ 1366112.001879601506516, -1734132.84170138486661 ], [ 1365944.660417186794803, -1732680.601775436196476 ], [ 1362716.640864954562858, -1734200.413575059734285 ], [ 1363055.457954798592255, -1735492.26025241939351 ], [ 1357801.411621283739805, -1731825.817475965712219 ], [ 1360047.382221518782899, -1730911.125652443617582 ], [ 1358632.083425469463691, -1730945.357504242332652 ], [ 1359433.053966006264091, -1729495.235151398926973 ], [ 1356119.20720546785742, -1728223.963382782880217 ], [ 1346482.04728283546865, -1729819.671490701846778 ], [ 1347044.739127293229103, -1731510.255680215544999 ], [ 1348901.272745535010472, -1730391.79585121688433 ], [ 1349352.81803222047165, -1731483.855883507058024 ], [ 1338302.944629813544452, -1734367.747754523996264 ], [ 1337139.195667375810444, -1736119.685527082998306 ], [ 1338975.89577482547611, -1735855.664828616427258 ], [ 1338496.1929822540842, -1737081.286595632554963 ], [ 1336390.527493494562805, -1736570.043983585201204 ], [ 1333452.35839551105164, -1739436.853927748976275 ], [ 1337770.961933470796794, -1737481.749865332152694 ], [ 1334154.664610640378669, -1742539.741680588107556 ], [ 1337034.599053426180035, -1742472.027294990140945 ], [ 1337575.305353010306135, -1738934.422545020235702 ], [ 1340073.414476094068959, -1736599.529460048768669 ], [ 1337461.038690129294991, -1743051.915859992383048 ], [ 1338111.196457545738667, -1746171.579914680682123 ], [ 1338067.432222301373258, -1742923.639215981354937 ], [ 1339884.036715443478897, -1742806.377047810237855 ], [ 1339254.772812337148935, -1744310.081677590031177 ], [ 1340369.078030172502622, -1745348.350777556421235 ], [ 1340175.087587969377637, -1742259.295951896812767 ], [ 1342748.889443367253989, -1739197.80693371174857 ], [ 1342005.699973177164793, -1738261.897092371946201 ], [ 1344302.519700816599652, -1738345.940054131206125 ], [ 1344334.781291228719056, -1735175.897681465605274 ], [ 1346102.887084288988262, -1733210.357167658396065 ], [ 1344635.881114816758782, -1738349.614232314750552 ], [ 1340773.945827013580129, -1742421.507804475957528 ], [ 1341217.114964487031102, -1747616.135423243744299 ], [ 1345877.713841720251366, -1752387.138962643453851 ], [ 1345032.397309252992272, -1750631.862445294158533 ], [ 1346494.866290256148204, -1750918.304533059475943 ], [ 1342688.995042712427676, -1747491.143362407572567 ], [ 1342658.934351857751608, -1746919.189305571373552 ], [ 1347028.960048586130142, -1750412.892660098383203 ], [ 1347434.84334932314232, -1752429.18543120380491 ], [ 1347746.434126749634743, -1751677.355261666001752 ], [ 1352346.578489453764632, -1751550.661161605734378 ], [ 1352230.272126834606752, -1750228.915381006430835 ], [ 1352746.145444388967007, -1752090.525133631657809 ], [ 1356173.452735471539199, -1753039.528587542707101 ], [ 1354856.704404345713556, -1751091.383948229253292 ], [ 1357182.70818651583977, -1750766.877486827550456 ], [ 1357956.398155937902629, -1752768.587596489116549 ], [ 1357149.520140376407653, -1753812.585690573090687 ], [ 1357522.862213681917638, -1752619.739584346069023 ], [ 1354685.578386091627181, -1754046.376277856528759 ], [ 1354218.089078273857012, -1752915.662745043169707 ], [ 1351445.56961752846837, -1756342.54338520928286 ], [ 1351250.830392935080454, -1755022.4644768408034 ], [ 1348903.381326363654807, -1755583.370632167672738 ], [ 1353163.58935953467153, -1753141.684719186276197 ], [ 1351729.580841882387176, -1752416.732808609027416 ], [ 1350612.562456671847031, -1753897.946165716741234 ], [ 1350549.869800965068862, -1752294.656276926631108 ], [ 1349865.738466651178896, -1753625.681651217164472 ], [ 1349130.784195822896436, -1753720.604263998800889 ], [ 1349330.531641117529944, -1752042.307282167952508 ], [ 1348073.149482857668772, -1754464.22713575954549 ], [ 1346990.696579663315788, -1753735.700909235747531 ], [ 1347341.410236288094893, -1755299.772501956205815 ], [ 1345832.96543522272259, -1754983.659019405953586 ], [ 1346457.463259860640392, -1756362.997170079266652 ], [ 1342594.11790892877616, -1756997.739557781256735 ], [ 1342784.74827050906606, -1755241.349907420342788 ], [ 1344143.332908113719895, -1755612.310851955553517 ], [ 1345411.417324831709266, -1755378.573748734546825 ], [ 1342365.251228471985087, -1754911.296619414351881 ], [ 1341695.038792165927589, -1757228.185321697965264 ], [ 1341226.337940057739615, -1755875.571322535630316 ], [ 1339954.388715121196583, -1757873.907253966899589 ], [ 1338456.24610255099833, -1755960.281639599241316 ], [ 1336324.696742428233847, -1758121.613534363685176 ], [ 1329095.901513801189139, -1760423.796216412680224 ], [ 1321365.832404512679204, -1758511.974945292109624 ], [ 1321491.932066859444603, -1757016.472910507814959 ], [ 1324360.152716887649149, -1758431.600906426087022 ], [ 1321519.822907806374133, -1754863.130594532703981 ], [ 1318412.23437139345333, -1756959.332995695527643 ], [ 1319414.809317546663806, -1753729.829212884884328 ], [ 1317883.57999380864203, -1753732.279381981585175 ], [ 1317558.133529834216461, -1756323.702442800160497 ], [ 1316075.320981807308272, -1755885.737276433967054 ], [ 1316770.43889681645669, -1754354.143166003748775 ], [ 1314156.694286781363189, -1756903.388809524010867 ], [ 1314021.351565972901881, -1755384.947951465612277 ], [ 1316118.480194720206782, -1754593.698618613183498 ], [ 1314131.267312147654593, -1754062.761317821452394 ], [ 1318317.122128910617903, -1753167.555874018231407 ], [ 1317450.825863542035222, -1751798.170279286336154 ], [ 1315580.223503142828122, -1753100.264000498922542 ], [ 1314440.964381224941462, -1753120.211214111186564 ], [ 1317675.673917300999165, -1750825.922627260442823 ], [ 1316543.968829790595919, -1749210.33438629633747 ], [ 1313773.821378311375156, -1750067.932815158274025 ], [ 1314580.859748917398974, -1747984.221842237748206 ], [ 1312625.139151317067444, -1748069.511731523554772 ], [ 1312973.692570975515991, -1749790.229448433499783 ], [ 1311074.186713965144008, -1749516.498444902710617 ], [ 1314220.852789330529049, -1751501.245897217420861 ], [ 1313409.506371138850227, -1753050.032354215160012 ], [ 1313080.395607996964827, -1752914.660905234515667 ], [ 1312779.849360156338662, -1751829.066335335141048 ], [ 1312503.410282920347527, -1751748.923890492180362 ], [ 1312489.497779400087893, -1753944.428332218900323 ], [ 1307865.845585134811699, -1750615.978955872589722 ], [ 1308152.006593698635697, -1748689.243585212854668 ], [ 1306692.490105177043006, -1749110.195719844661653 ], [ 1306077.211587696103379, -1748599.52902486664243 ], [ 1307628.442014989443123, -1748068.651997585082427 ], [ 1304777.56374339084141, -1748217.671919738641009 ], [ 1306123.516267767176032, -1747261.738858710043132 ], [ 1305145.38679582788609, -1746616.692155241733417 ], [ 1306446.373510664096102, -1740826.254485376179218 ], [ 1306216.083379951771349, -1742089.817346898140386 ], [ 1308083.013534211320803, -1741997.436701445607468 ], [ 1306161.89762130798772, -1743992.483819762943313 ], [ 1306526.56384701305069, -1746874.529215988935903 ], [ 1308694.253221567720175, -1747847.10932062426582 ], [ 1307831.366733826231211, -1744384.621183527866378 ], [ 1310683.010107143782079, -1746655.159101255470887 ], [ 1309449.162988316500559, -1744609.369459227891639 ], [ 1310595.971681867493317, -1745054.590872786706313 ], [ 1309748.783186613349244, -1743852.277803150936961 ], [ 1311326.81750568957068, -1739890.469411605969071 ], [ 1308266.265519819920883, -1740803.667317021405324 ], [ 1306415.803972929250449, -1739363.031459444435313 ], [ 1306419.743857613764703, -1738135.859244039980695 ], [ 1307110.158181872218847, -1737614.700997397769243 ], [ 1307346.541715077823028, -1739687.109926285687834 ], [ 1307650.823059515794739, -1737600.642566526308656 ], [ 1308462.505867407657206, -1739677.280390310334042 ], [ 1309891.56596401380375, -1738317.12569041387178 ], [ 1307509.742161803646013, -1736185.445099709089845 ], [ 1308320.098482018336654, -1735211.949720710981637 ], [ 1306419.265555638354272, -1735177.364036079263315 ], [ 1308002.851203944534063, -1734922.73105990793556 ], [ 1308132.868690256262198, -1734179.331750571727753 ], [ 1305728.729730288498104, -1734792.627059863414615 ], [ 1306683.276349531719461, -1733973.147137600462884 ], [ 1305581.783755968092009, -1733006.429542744299397 ], [ 1306988.747298473492265, -1733731.236078864429146 ], [ 1306550.09040239173919, -1732636.378602566896006 ], [ 1307920.495819631032646, -1733184.96045313286595 ], [ 1308700.936402630759403, -1733193.999363306444138 ], [ 1308842.457924654940143, -1732920.277297985740006 ], [ 1308142.883530945051461, -1731659.201699174707755 ], [ 1305731.717496696393937, -1732271.733726664911956 ], [ 1306879.337737021734938, -1730690.367749803466722 ], [ 1305683.972318897023797, -1730966.808347892481834 ], [ 1306656.792438972974196, -1728989.02033005352132 ], [ 1305612.291466205148026, -1728393.653329628752545 ], [ 1306824.081157237989828, -1728415.063822831958532 ], [ 1307356.252115549519658, -1727694.567709662718698 ], [ 1304633.086460471851751, -1726975.174615704687312 ], [ 1303976.953496258473024, -1721966.734680900350213 ], [ 1301378.443039642414078, -1720900.011225558351725 ], [ 1302920.777038175379857, -1720583.216610952280462 ], [ 1302622.502953992923722, -1716725.789503293810412 ], [ 1303733.68001293274574, -1717965.682357829296961 ], [ 1305244.099629249889404, -1717046.197685753693804 ], [ 1305048.800133754033595, -1714532.809580707456917 ], [ 1306416.711171945324168, -1716527.041227403562516 ], [ 1306447.471502678701654, -1714266.219787436304614 ], [ 1308944.082825651392341, -1716546.885171383852139 ], [ 1307796.608011903008446, -1717421.778009210247546 ], [ 1309819.35521479207091, -1717429.533468720735982 ], [ 1309327.6713066783268, -1719267.562512550503016 ], [ 1310858.032648505875841, -1718163.442179915728047 ], [ 1310256.003510158509016, -1722675.782320731086656 ], [ 1311793.273304410045967, -1720257.543847888009623 ], [ 1312458.806524069979787, -1721325.776168699609116 ], [ 1311335.036906934110448, -1730244.782729053404182 ], [ 1313478.881186868296936, -1732655.892173508414999 ], [ 1313212.070461240597069, -1737698.956765585578978 ], [ 1314821.629265947965905, -1737621.566827049013227 ], [ 1314374.273338846396655, -1735702.973698667716235 ], [ 1316053.780946915270761, -1739686.597144592087716 ], [ 1317892.271832805359736, -1738261.826342053012922 ], [ 1319348.885897140018642, -1739020.614983230596408 ], [ 1321640.432449218584225, -1736127.016407452290878 ], [ 1324403.877202898263931, -1737275.379488408798352 ], [ 1323259.369960317388177, -1735572.892679550219327 ], [ 1325254.302274682093412, -1735246.19069563713856 ], [ 1325076.605238081887364, -1733959.176182412076741 ], [ 1326428.539116942789406, -1735496.801463483832777 ], [ 1328863.221019121352583, -1732847.768302445532754 ], [ 1330066.663001900305972, -1734785.349708300782368 ], [ 1336089.830782924080268, -1731711.371169706340879 ], [ 1336645.938374160556123, -1733579.575965916272253 ], [ 1337090.939972786232829, -1729844.212822275934741 ], [ 1337601.718409284949303, -1731167.070672813104466 ], [ 1337886.704241273226216, -1728329.29451574315317 ], [ 1339399.527064796769992, -1728180.153166860574856 ], [ 1338023.645824256818742, -1727450.271193915279582 ], [ 1338784.909068080596626, -1726451.348510999232531 ], [ 1340029.144204103155062, -1728206.297398104332387 ], [ 1341071.142497181193903, -1727341.462041515856981 ], [ 1343040.84630072186701, -1731357.253939130110666 ], [ 1344470.803912551142275, -1727291.617048485670239 ], [ 1344397.474719927413389, -1728946.554399143205956 ], [ 1347746.940412766300142, -1728378.19977739173919 ], [ 1346033.676209003664553, -1725904.431359840091318 ], [ 1348703.973710652207956, -1724214.221042489632964 ], [ 1348604.496601507766172, -1722208.3286750074476 ], [ 1351615.038412121124566, -1724008.405891473637894 ], [ 1351116.066808653064072, -1722188.010341889224946 ], [ 1352286.122489904053509, -1721898.516591473482549 ], [ 1353195.817074074642733, -1723430.677989778574556 ], [ 1356185.082225337391719, -1724647.030534086050466 ], [ 1354727.989497408270836, -1723886.964167432393879 ], [ 1354352.0000729362946, -1720541.854157055262476 ], [ 1355895.941862197825685, -1722059.360356206772849 ], [ 1356118.091102625243366, -1717864.554908226476982 ], [ 1357711.938381215790287, -1719117.220351879717782 ], [ 1358331.33974842610769, -1717292.989379722159356 ], [ 1355673.886005163192749, -1712808.882729763863608 ], [ 1358114.514599415706471, -1712282.596050678053871 ], [ 1358086.091358925914392, -1710596.591952851740643 ], [ 1361134.729832869255915, -1710302.342564494581893 ], [ 1358842.832486639497802, -1709452.457046771422029 ], [ 1358719.799703668104485, -1707860.246691344771534 ], [ 1357379.328901882749051, -1707964.958410181803629 ], [ 1356148.20945588266477, -1706668.875342073384672 ], [ 1359385.972430910449475, -1707163.476408574264497 ], [ 1357121.837164244614542, -1705859.810652413638309 ], [ 1357801.79195982334204, -1704645.175061193527654 ], [ 1359465.461974183795974, -1706818.867856349330395 ], [ 1358741.181082517839968, -1704933.431772906333208 ], [ 1362958.839081629179418, -1705928.734497124329209 ], [ 1362341.994697929825634, -1704221.008743826067075 ], [ 1359228.907914700219408, -1704716.009366865968332 ], [ 1360350.17764460388571, -1702738.933126070769504 ], [ 1362539.70016885525547, -1703369.894896005047485 ], [ 1360511.397395619656891, -1702029.32924078241922 ], [ 1361316.076214687200263, -1698689.024975066771731 ], [ 1358154.200926280813292, -1699241.186399407219142 ], [ 1359696.147419261746109, -1698057.402172004804015 ], [ 1358131.071781798964366, -1696600.275180753087625 ], [ 1354871.697333036223426, -1697786.836986301001161 ], [ 1354322.21040908829309, -1697208.501834980212152 ], [ 1355690.466798711335286, -1696068.227797264698893 ], [ 1359791.676064582774416, -1696198.564843031112105 ], [ 1360302.031087798066437, -1697333.531897633802146 ], [ 1360947.063319986220449, -1696053.164973488310352 ], [ 1362981.126271668123081, -1697539.426399662625045 ], [ 1362684.745593521045521, -1701640.705354811158031 ], [ 1363505.524651083163917, -1698738.340365672949702 ], [ 1364842.506926425732672, -1698280.350549037801102 ], [ 1364143.084404604276642, -1699866.439389220904559 ], [ 1366388.41792627167888, -1698426.523730415152386 ], [ 1365367.255166462389752, -1702310.044155671959743 ], [ 1371026.18101706285961, -1696726.159447963349521 ], [ 1370767.34459548862651, -1694247.487590139964595 ], [ 1372293.015002525411546, -1693415.601237466093153 ], [ 1370792.14888140745461, -1689930.742862414103001 ], [ 1372841.803354338044301, -1690692.199535355903208 ], [ 1372819.430463674012572, -1692454.934143330669031 ], [ 1375662.603279401781037, -1691350.387556717265397 ], [ 1380831.951454697875306, -1694485.524863734608516 ], [ 1377808.875653267139569, -1698021.144382406957448 ], [ 1381833.891106229275465, -1699246.865897769806907 ], [ 1383418.451103580649942, -1694579.098645788384601 ], [ 1382196.034356170799583, -1692037.350884980056435 ], [ 1384439.650195594877005, -1688746.965522564481944 ], [ 1382492.590560011798516, -1690129.5375533150509 ], [ 1381419.723212512908503, -1689274.258509885519743 ], [ 1381819.516775586642325, -1687344.87022531311959 ], [ 1379459.729851019568741, -1684576.828008106676862 ], [ 1383469.821049954509363, -1684595.997723103268072 ], [ 1382458.925293089123443, -1683988.127375516109169 ], [ 1383653.452221661573276, -1682518.859723494155332 ], [ 1388204.947147179860622, -1681060.835306020686403 ], [ 1384486.511218961793929, -1678353.205059000989422 ], [ 1385415.237941429950297, -1677581.968822329770774 ], [ 1383909.929494310868904, -1673163.578561536734924 ], [ 1386089.761282192077488, -1667878.986681604292244 ], [ 1381154.627683499129489, -1666826.018848188919947 ], [ 1383016.165296245831996, -1665637.059485865291208 ], [ 1381346.900907373987138, -1665248.981763436226174 ], [ 1381561.340678409207612, -1660935.579104318050668 ], [ 1379711.39688717876561, -1660317.520844554761425 ], [ 1381019.126909582642838, -1658515.717590115265921 ], [ 1376256.140329780755565, -1657400.961252302862704 ], [ 1379186.134291338501498, -1657247.166022052057087 ], [ 1376779.354441462317482, -1655193.291625875514001 ], [ 1380053.754197921371087, -1653954.662840195000172 ], [ 1378645.753310907166451, -1653477.195465279743075 ], [ 1379906.840505939442664, -1651283.763213938102126 ], [ 1377308.346702644601464, -1653339.067451964132488 ], [ 1377223.12872733687982, -1651297.0517446778249 ], [ 1374239.644295853096992, -1648479.014615579508245 ], [ 1374997.173290104139596, -1647685.883260987699032 ], [ 1371251.642821127781644, -1647548.73417357262224 ], [ 1369125.472993982490152, -1645836.321991645265371 ], [ 1370062.732032971922308, -1644937.20684406789951 ], [ 1366257.492238277336583, -1643529.398727713152766 ], [ 1370346.126178032252938, -1641357.568092105677351 ], [ 1368972.986998768523335, -1640946.663402616977692 ], [ 1369767.310716174077243, -1638560.563935995101929 ], [ 1367957.47659647045657, -1640344.482241584453732 ], [ 1366827.187975334236398, -1639419.489504883997142 ], [ 1366984.991624222369865, -1638087.803033990552649 ], [ 1368657.240368405124173, -1638467.122516298433766 ], [ 1368522.873235485050827, -1636483.345683885505423 ], [ 1365414.576714153867215, -1635479.641275049187243 ], [ 1367151.400815294589847, -1633377.3249364385847 ], [ 1364654.030563011066988, -1631151.257630148436874 ], [ 1365999.144611917668954, -1630190.587452181614935 ], [ 1364728.30176673270762, -1629189.430370759917423 ], [ 1368332.380666590062901, -1630927.82694300939329 ], [ 1367565.958246793830767, -1629335.692062907153741 ], [ 1368756.176504006609321, -1628856.780049885855988 ], [ 1366502.442781965015456, -1627754.61537791066803 ], [ 1368028.020869446918368, -1626066.376772084273398 ], [ 1365501.441658019786701, -1626387.386552856536582 ], [ 1366144.500156182562932, -1624442.758092327276245 ], [ 1363773.648455988382921, -1622417.068218186730519 ], [ 1364964.251179309329018, -1625855.501562595833093 ], [ 1362318.321472462965176, -1626724.154116670135409 ], [ 1360836.816434964537621, -1623442.503768707159907 ], [ 1359100.966292524244636, -1623264.705538808833808 ], [ 1360674.217818170087412, -1621726.366043124813586 ], [ 1357188.029608931392431, -1619856.627742143347859 ], [ 1356111.287411340046674, -1616120.201278600841761 ], [ 1355027.709060265682638, -1616589.610590782249346 ], [ 1351753.770913109881803, -1611179.218631684081629 ], [ 1351717.151308175176382, -1605106.126911545870826 ], [ 1349816.994881246006116, -1604042.512724723434076 ], [ 1352656.35231478093192, -1603772.781222299905494 ], [ 1353335.918269187444821, -1601460.337281980086118 ], [ 1351774.823543249862269, -1601425.413398670731112 ], [ 1352858.671804316341877, -1600748.904484396101907 ], [ 1351979.247732628369704, -1599209.651342669501901 ], [ 1349279.770341184455901, -1599555.863112941617146 ], [ 1348556.682765498757362, -1596893.805674057453871 ], [ 1349680.873020648490638, -1597152.782932887086645 ], [ 1346259.535250439075753, -1590780.119871024042368 ], [ 1340945.471983035793528, -1588542.961754201212898 ], [ 1340341.820571110118181, -1590117.022916935849935 ], [ 1341273.368077192688361, -1587603.355105596361682 ], [ 1339924.922673827270046, -1587135.394575208891183 ], [ 1335729.337550457101315, -1588469.540690449764952 ], [ 1335453.51981502189301, -1593492.532992484746501 ], [ 1333363.438639909494668, -1594088.17912619560957 ], [ 1331628.834177514771, -1603499.029919770080596 ], [ 1330287.906200167257339, -1603590.987225977703929 ], [ 1326659.683827423723415, -1600801.059146466199309 ], [ 1328159.464338522870094, -1596418.471676772693172 ], [ 1330016.751043752068654, -1595612.616347981849685 ], [ 1330142.05529151391238, -1593327.36790122766979 ], [ 1327752.45265823462978, -1591657.399388683959842 ], [ 1330215.08363588899374, -1589256.870031454833224 ], [ 1329642.594561503501609, -1582990.108565234811977 ], [ 1331236.685340704396367, -1578722.908817780436948 ], [ 1329062.02640784252435, -1578091.458802429493517 ], [ 1324690.820031143724918, -1586872.105566442944109 ], [ 1315612.914920672075823, -1593335.529191095149145 ], [ 1308456.080271159531549, -1596404.819863192504272 ], [ 1300824.773092435207218, -1596096.494723031995818 ], [ 1299031.704907317878678, -1597354.688317860476673 ], [ 1298021.879007284296677, -1595720.368094438454136 ], [ 1292755.766930200625211, -1595008.127603354630992 ], [ 1288770.667010481003672, -1592483.86045868974179 ], [ 1283742.200270193861797, -1587302.680128804175183 ], [ 1280227.175260549876839, -1580583.368739760713652 ], [ 1275600.73798243002966, -1562007.648611795390025 ], [ 1276646.344808431109414, -1554480.298354726051912 ], [ 1275323.146647198358551, -1541943.265876068267971 ], [ 1270310.329588046995923, -1537694.533257188741118 ], [ 1267172.09891395852901, -1524062.213832957204431 ], [ 1263030.470722703961655, -1517705.777195618953556 ], [ 1261722.949785140808672, -1512238.847950926749036 ], [ 1266189.823689428390935, -1494917.071616977220401 ], [ 1269873.284599682781845, -1489878.658956146799028 ], [ 1269571.285736911231652, -1484484.60856470419094 ], [ 1272259.591632291674614, -1476835.487606882350519 ], [ 1271019.413542613154277, -1471599.37083436222747 ], [ 1266522.314675375120714, -1468674.926763182273135 ], [ 1265359.831190983764827, -1465728.426737172761932 ], [ 1264837.943697044625878, -1457996.469845551066101 ], [ 1266378.780528957722709, -1449567.804015150060877 ], [ 1264726.291020585456863, -1443870.206723890732974 ], [ 1267147.987119719851762, -1431103.78083004290238 ], [ 1266250.316168087534606, -1422967.897381386719644 ], [ 1272087.041520880302414, -1413400.53574723075144 ], [ 1264313.03458981635049, -1415027.13177417893894 ], [ 1261589.920842546503991, -1413060.913725590566173 ], [ 1256675.367209321586415, -1414577.361680614296347 ], [ 1255154.355254282709211, -1417392.085781285073608 ], [ 1250723.115832376759499, -1417240.219168948475271 ], [ 1252001.74056208296679, -1406684.828216600231826 ], [ 1256335.180253544356674, -1397914.443951790221035 ], [ 1259744.658909342484549, -1394750.986046568956226 ], [ 1258080.35517168417573, -1394286.334889461519197 ], [ 1258211.216137927491218, -1392427.421094781719148 ], [ 1262617.531001087743789, -1387299.599650859599933 ], [ 1260298.744409513194114, -1387366.761605470674112 ], [ 1260221.480497154407203, -1385107.573828481836244 ], [ 1257905.002868136856705, -1385145.870013512903824 ], [ 1254001.145644216332585, -1381365.345073473872617 ], [ 1248371.331997498171404, -1379506.967259763507172 ], [ 1245366.558444613125175, -1374695.372410335578024 ], [ 1246494.441057303687558, -1363466.081752773141488 ], [ 1243864.42706804513, -1360235.271390220616013 ], [ 1241946.682039487874135, -1360388.958793278317899 ], [ 1236654.037251859204844, -1355593.013744278112426 ], [ 1225788.571227157954127, -1354745.440078525105491 ], [ 1228827.927223505917937, -1341471.830698754871264 ], [ 1227734.95059757004492, -1333654.095722701400518 ], [ 1228583.596108677797019, -1334867.595755581744015 ], [ 1229947.603121545398608, -1333588.460440513910726 ], [ 1240681.999631374608725, -1317659.393939924426377 ], [ 1244275.251451262738556, -1316153.52044832194224 ], [ 1245475.801243141293526, -1317790.249555803369731 ], [ 1247406.134037605952471, -1315815.329055340960622 ], [ 1244034.039408068172634, -1313851.214354619849473 ], [ 1239086.772396463435143, -1316652.704802238149568 ], [ 1237113.854498512111604, -1309432.657185666263103 ], [ 1231959.23319830535911, -1306129.815456019481644 ], [ 1227774.284399416996166, -1309460.229087363462895 ], [ 1217940.830484289908782, -1309304.455967082874849 ], [ 1205628.270717364037409, -1298716.663423902355134 ], [ 1207866.955622266512364, -1276161.98764471639879 ], [ 1205777.50370570179075, -1267753.968384317588061 ], [ 1206955.157729973783717, -1260613.010679233819246 ], [ 1205609.824031380238011, -1258787.569006535224617 ], [ 1206866.623406447004527, -1253822.579673694912344 ], [ 1211199.891819180455059, -1248913.220066922018304 ], [ 1208678.204640781041235, -1241920.777200499083847 ], [ 1203659.16192291257903, -1236787.887883962830529 ], [ 1203129.469940600683913, -1230968.119451553327963 ], [ 1205560.116211696062237, -1223901.981237369589508 ], [ 1204822.326070379232988, -1215004.623906812863424 ], [ 1198316.420789151452482, -1202148.776785152032971 ], [ 1196384.189459712710232, -1203609.111273954389617 ], [ 1193369.805358382640406, -1203071.244766971562058 ], [ 1190576.282693037530407, -1205386.047046976163983 ], [ 1193654.234498174395412, -1200935.902436411706731 ], [ 1186617.304295723559335, -1198879.709549691062421 ], [ 1187830.817691892851144, -1194251.65456436923705 ], [ 1184938.756057214690372, -1190918.753092220285907 ], [ 1184422.705089581664652, -1192408.959900378715247 ], [ 1183296.198876065202057, -1190937.298935685306787 ], [ 1180110.733161239651963, -1192827.224961953936145 ], [ 1180356.585903574014083, -1197458.23289930052124 ], [ 1177965.395311129977927, -1196173.534920532722026 ], [ 1173816.259236379759386, -1200908.470661509549245 ], [ 1171939.9825940921437, -1201737.084416919155046 ], [ 1169952.921094567980617, -1200895.338556872680783 ], [ 1174199.018476728349924, -1199302.404614251805469 ], [ 1177200.325120087713003, -1188073.342362561263144 ], [ 1180781.65362372319214, -1186717.39011864294298 ], [ 1188230.887357878033072, -1178389.742519722785801 ], [ 1185387.09198951954022, -1175501.50701092579402 ], [ 1182664.702903006458655, -1175535.585605673259124 ], [ 1180308.685584073420614, -1171426.270842987345532 ] ], [ [ 1057736.975076021393761, -2193580.556297635659575 ], [ 1057669.097052267752588, -2192623.574771958868951 ], [ 1058084.418944202363491, -2192316.573320456314832 ], [ 1060301.940209202701226, -2192894.273546761833131 ], [ 1060362.872018924215809, -2194485.455819371622056 ], [ 1063581.670859595062211, -2194263.369307886343449 ], [ 1066304.066919916309416, -2199499.644890062510967 ], [ 1069235.391830716049299, -2199713.106197150889784 ], [ 1070474.477404163917527, -2201846.511916874907911 ], [ 1073967.738087434554473, -2201223.388902279082686 ], [ 1077906.532562976703048, -2203971.148228406906128 ], [ 1077908.126748517155647, -2202905.348360331729054 ], [ 1081090.851015625055879, -2202978.058258321136236 ], [ 1085198.574673680355772, -2206328.778811114840209 ], [ 1089410.815326844574884, -2215740.983783952426165 ], [ 1088538.953433227725327, -2219339.567844175267965 ], [ 1088842.326439638622105, -2222902.94868567539379 ], [ 1089951.831930809654295, -2218377.35960794845596 ], [ 1093513.712063361890614, -2219895.389900275040418 ], [ 1095352.253187781898305, -2224305.636922052130103 ], [ 1097502.140977113042027, -2226955.580075653735548 ], [ 1093990.63755487347953, -2219832.121372072957456 ], [ 1096919.856255111517385, -2218856.46564350835979 ], [ 1095851.983968445565552, -2218305.56393222277984 ], [ 1095799.507440774235874, -2217853.499948231969029 ], [ 1102386.950658228714019, -2217212.332726637367159 ], [ 1102461.892649513902143, -2221445.684033881407231 ], [ 1109899.420985550386831, -2235880.321865534875542 ], [ 1114402.105338489403948, -2238960.292630080599338 ], [ 1127261.696876146830618, -2242401.960970248095691 ], [ 1126429.026451549027115, -2244482.925378483254462 ], [ 1129157.976912840735167, -2248484.541886892635375 ], [ 1127877.726244108285755, -2251135.342815598472953 ], [ 1130016.48440905706957, -2257188.411456464324147 ], [ 1122807.155234861653298, -2262105.077150085475296 ], [ 1119081.979562498163432, -2261132.491732357535511 ], [ 1115647.217402322683483, -2265487.374981129541993 ], [ 1115506.917591032572091, -2262318.995642298366874 ], [ 1114654.303944867569953, -2263496.766017764341086 ], [ 1112936.484873412409797, -2261605.700071801897138 ], [ 1114370.203116041840985, -2260582.456333075184375 ], [ 1114220.346925489837304, -2259833.792685471475124 ], [ 1112596.739478382281959, -2261415.515204330906272 ], [ 1113028.728155031567439, -2260244.300129279959947 ], [ 1110531.92322631762363, -2259530.919742198195308 ], [ 1096232.829587775981054, -2258253.651789370458573 ], [ 1092530.993224140256643, -2254386.603589032310992 ], [ 1093059.919905614107847, -2252368.587102132849395 ], [ 1085924.931358153698966, -2249518.337258497718722 ], [ 1083192.751702567562461, -2246083.218274659942836 ], [ 1070753.736063113668934, -2241425.100893277674913 ], [ 1066347.35875913198106, -2231306.191154979169369 ], [ 1067863.898631201358512, -2229103.632424785289913 ], [ 1072559.070277385879308, -2227814.568521461915225 ], [ 1072024.030853170901537, -2226267.372334472835064 ], [ 1074249.435399662004784, -2226526.379096020944417 ], [ 1074635.060583760496229, -2224796.190716034267098 ], [ 1076405.496251393342391, -2225157.83964130282402 ], [ 1077430.52359645976685, -2224835.708538794890046 ], [ 1083726.915161736309528, -2220832.048585854005069 ], [ 1084251.221151210833341, -2218982.23330258205533 ], [ 1077567.919254742562771, -2224567.903536652680486 ], [ 1073790.048155893338844, -2224133.758493246044964 ], [ 1078909.266804595477879, -2216966.853303599637002 ], [ 1082573.639593479689211, -2214964.718349293339998 ], [ 1081326.901342154014856, -2215073.41175082931295 ], [ 1078805.19485693005845, -2216825.924450917169452 ], [ 1075523.954098080983385, -2220291.476824874058366 ], [ 1073294.463390587829053, -2224105.085307368077338 ], [ 1064523.532492402475327, -2224372.108282142318785 ], [ 1064206.959150902694091, -2221709.797747694887221 ], [ 1061032.261506164213642, -2221617.952798931393772 ], [ 1064311.593225780408829, -2221082.405963184777647 ], [ 1064796.429069793084636, -2220344.318934253882617 ], [ 1061503.715272188652307, -2221076.735970583744347 ], [ 1058979.971740517299622, -2219325.739732758142054 ], [ 1060769.710499336244538, -2216781.530619141180068 ], [ 1057759.808986272895709, -2217471.098132598213851 ], [ 1057309.063527160789818, -2218807.543587882071733 ], [ 1058204.557277313200757, -2218376.484862086828798 ], [ 1059418.669505580328405, -2218424.977278891485184 ], [ 1057332.637216791277751, -2219563.306494920514524 ], [ 1055320.365413181018084, -2218067.893641077447683 ], [ 1060734.560032362816855, -2216620.112190535757691 ], [ 1060090.628408068325371, -2214200.332181370817125 ], [ 1055954.832993400050327, -2217054.897040785290301 ], [ 1053299.127478500362486, -2215493.051657775882632 ], [ 1057172.949057772755623, -2215159.080906664952636 ], [ 1063899.325948318699375, -2210449.522449336014688 ], [ 1065080.8769798532594, -2208532.857985392212868 ], [ 1071099.287273564143106, -2209291.455044256523252 ], [ 1069443.750900994753465, -2207796.071306163910776 ], [ 1065267.864414489595219, -2208180.638085232581943 ], [ 1060901.234536259435117, -2211699.722630165051669 ], [ 1061529.452177996281534, -2209007.453596841078252 ], [ 1060458.552133973687887, -2207798.762790442910045 ], [ 1060848.953090142225847, -2211338.80382406199351 ], [ 1056551.949941072613001, -2212356.007671271916479 ], [ 1056132.498079753248021, -2213704.76513735903427 ], [ 1053554.305741049582139, -2212793.207849402911961 ], [ 1053451.484112339559942, -2210424.651760197710246 ], [ 1050180.610596605576575, -2213540.623905932996422 ], [ 1047116.594213956734166, -2212187.60119875986129 ], [ 1048385.458666983293369, -2210672.376084545627236 ], [ 1047342.702564907143824, -2210696.036532231606543 ], [ 1047748.700365573982708, -2207808.888988031540066 ], [ 1048847.262983771273866, -2207828.97405797149986 ], [ 1047002.808827851316892, -2204282.920767272822559 ], [ 1050009.921702863648534, -2201287.070425397250801 ], [ 1054064.356945612002164, -2201184.453829830512404 ], [ 1048284.438238558126613, -2201241.329554601106793 ], [ 1049369.774572985945269, -2196855.793428909499198 ], [ 1048366.198878803174011, -2194442.406582606956363 ], [ 1057736.975076021393761, -2193580.556297635659575 ] ] ] } }
]
}
