{
"type": "FeatureCollection",
"name": "north_aus_tropical_savanna_buffer10km",
"crs": { "type": "name", "properties": { "name": "urn:ogc:def:crs:EPSG::3577" } },
"features": [
{ "type": "Feature", "properties": { "OBJECTID": 12, "CMZ_ID": 12, "CM_ZONE": "North Australian Tropical Savanna Woodlands", "CMZ_AREA_SQ_KM": 1315554.05192874, "SHAPEAREA": 111.38838373954, "SHAPELEN": 375.66967707918002, "area_km2": 1145789 }, "geometry": { "type": "Polygon", "coordinates": [ [ [ -1137707.00537029793486, -2154128.895778964273632 ], [ -1122360.508956921286881, -2141351.362778991926461 ], [ -1120981.355694752885029, -2139951.900382422376424 ], [ -1108881.624570487532765, -2124979.711000596173108 ], [ -1107975.290646622655913, -2123652.814063761848956 ], [ -1091437.839228754397482, -2094690.792422204744071 ], [ -1090178.40625674254261, -2090794.163339476333931 ], [ -1089657.606253831880167, -2085917.873710287967697 ], [ -1086422.88276400975883, -2079962.000375687843189 ], [ -1085473.747417793376371, -2077468.869108982384205 ], [ -1085444.927277641836554, -2077170.184334370540455 ], [ -1085358.479605857981369, -2077056.045413593994454 ], [ -1084343.354418487753719, -2074322.574778321199119 ], [ -1082936.680913909571245, -2067699.104781657224521 ], [ -1081143.008324812864885, -2066772.637905405834317 ], [ -1078894.857219755649567, -2064451.731651952955872 ], [ -1077504.152458162046969, -2061535.101834069238976 ], [ -1077116.094592980574816, -2058327.267623615451157 ], [ -1077340.884019265882671, -2052963.626107568852603 ], [ -1074691.836029292549938, -2051305.219250657362863 ], [ -1067576.492517262464389, -2044882.642803141148761 ], [ -1065390.56894691567868, -2042045.535828684223816 ], [ -1064344.540386188775301, -2038620.150873667560518 ], [ -1064572.585498496657237, -2035045.877063973806798 ], [ -1065841.793030707165599, -2029942.704463305417448 ], [ -1066821.023315709782764, -2027470.370774511480704 ], [ -1067220.499886303441599, -2026938.097795820562169 ], [ -1067112.440126999048516, -2026676.443903561681509 ], [ -1064446.53032711148262, -2026407.071038747439161 ], [ -1061834.13628655555658, -2025353.567313652252778 ], [ -1054758.883859612978995, -2021258.895193309988827 ], [ -1053285.82467435952276, -2020218.504303972236812 ], [ -1046165.828882393892854, -2014157.58416589605622 ], [ -1043922.742891243076883, -2011428.848823472857475 ], [ -1041469.301738677313551, -2007047.600965306628495 ], [ -1037404.327151297940873, -2005432.177378760417923 ], [ -1034603.656202365411445, -2003743.792519526788965 ], [ -1032497.452328251441941, -2001242.131783585296944 ], [ -1030373.233122748672031, -1997662.261799175525084 ], [ -1030098.776808972936124, -1997593.883056306745857 ], [ -1027292.387935131671838, -1995748.647451492957771 ], [ -1025255.242886645486578, -1993078.300470308633521 ], [ -1024800.976528404047713, -1991680.52265956113115 ], [ -1019552.986239947727881, -1989566.59389782557264 ], [ -1017407.873320943326689, -1988378.383334074169397 ], [ -1015616.433213417767547, -1986703.839778283843771 ], [ -1009916.481480640359223, -1979884.083207864547148 ], [ -1008405.599335864069872, -1977428.121173686813563 ], [ -1007658.303829289507121, -1974643.150115564465523 ], [ -1006871.687649988103658, -1967978.085877176374197 ], [ -1007117.222141653532162, -1964317.978901623981073 ], [ -1008903.253567263600416, -1957365.227623019833118 ], [ -1010202.312093976070173, -1954406.525965978624299 ], [ -1012377.042464978992939, -1952016.543462979607284 ], [ -1014253.738467974937521, -1950528.98590564657934 ], [ -1016356.454273326671682, -1949248.915494194952771 ], [ -1018708.177382657886483, -1948521.321903385221958 ], [ -1027438.139351217192598, -1946962.94369105505757 ], [ -1027965.261282479739748, -1943105.371314681367949 ], [ -1027048.86205384589266, -1942103.274900208925828 ], [ -1025345.851206936407834, -1939538.905315823620185 ], [ -1024503.526931416941807, -1936578.039374095853418 ], [ -1024601.709874555468559, -1933501.255758095532656 ], [ -1025631.095987662207335, -1930600.117784789996222 ], [ -1027494.138199822977185, -1928149.544173220871016 ], [ -1029581.204254015232436, -1926685.549783653346822 ], [ -1029602.772989314398728, -1926343.492654346628115 ], [ -1030716.410791332833469, -1922348.469844003906474 ], [ -1036423.949494033120573, -1911405.025133244460449 ], [ -1037627.096985881449655, -1891883.828808062477037 ], [ -1036692.963880663621239, -1886322.957681407220662 ], [ -1034666.080253273947164, -1884369.579412851249799 ], [ -1033143.433172661578283, -1881274.58278757869266 ], [ -1032921.771670841262676, -1880514.824477382935584 ], [ -1031610.790669303154573, -1879426.930997619638219 ], [ -1030463.297453041072004, -1877631.800544050056487 ], [ -1029276.533654134836979, -1877618.20948180439882 ], [ -1026384.771799204172567, -1876669.604875 ], [ -1023912.263464243500493, -1874895.107802803860977 ], [ -1022088.015766625874676, -1872459.074620882980525 ], [ -1021080.993033265112899, -1869587.134067845996469 ], [ -1020984.467092626146041, -1866545.289221627404913 ], [ -1021407.339824792114086, -1865039.633436643518507 ], [ -1021303.295487146475352, -1864207.403692629886791 ], [ -1021846.731565323192626, -1861599.394062789622694 ], [ -1020876.687211759039201, -1860690.178545391885564 ], [ -1019663.228690712363459, -1858232.240222956752405 ], [ -1018105.874230280518532, -1858311.164936179295182 ], [ -1016997.028060789918527, -1857967.69040246726945 ], [ -1014897.777195838280022, -1857880.35584556683898 ], [ -1011947.624601235613227, -1856777.095030388794839 ], [ -1010579.270261863712221, -1856000.863926628371701 ], [ -1008295.754922850406729, -1854224.303860349114984 ], [ -1008086.506222362164408, -1853930.754410361638293 ], [ -1003596.165313769481145, -1853765.342986368341371 ], [ -1000722.807640223647468, -1853232.184915083926171 ], [ -998126.286649589892477, -1851891.09558386914432 ], [ -996028.356707172817551, -1849856.609947200631723 ], [ -994608.190299739595503, -1847302.482067806413397 ], [ -993987.075913477339782, -1844446.845751977991313 ], [ -994218.059461361262947, -1841533.584958690218627 ], [ -995281.41392780339811, -1838811.505031906766817 ], [ -997058.215138966450468, -1835701.459816113812849 ], [ -995874.902406681212597, -1835273.687190392520279 ], [ -993150.969509510905482, -1833859.452943809097633 ], [ -992072.781975070829503, -1834013.113783353241161 ], [ -989246.420063187833875, -1833600.246315847849473 ], [ -986652.077324348501861, -1832405.18692146637477 ], [ -985681.014995171572082, -1831556.444590413244441 ], [ -985622.845953512936831, -1831599.61955565190874 ], [ -982652.825139997527003, -1833112.316476681735367 ], [ -979350.638360156212002, -1833564.906886047450826 ], [ -976083.134644439676777, -1832907.111267798580229 ], [ -973213.309986115666106, -1831212.005950101884082 ], [ -971059.981115932692774, -1828667.904854538850486 ], [ -970390.528970244107768, -1827538.234138360014185 ], [ -969204.087274240329862, -1824482.081116494024172 ], [ -969069.771456282935105, -1821206.462937871227041 ], [ -970002.017397942603566, -1818063.433715077349916 ], [ -971900.629960529273376, -1815390.797277350677177 ], [ -975661.882495329598896, -1811606.365749350516126 ], [ -976706.011757277068682, -1810831.836283864686266 ], [ -977665.245008870144375, -1808594.122968033421785 ], [ -978487.286958864424378, -1807623.950850496767089 ], [ -978427.066276616882533, -1807398.893111892510206 ], [ -976079.207064585061744, -1805986.688174577895552 ], [ -975151.085646776016802, -1807363.534959560958669 ], [ -972932.928425093297847, -1809191.443599986145273 ], [ -972695.666276297182776, -1809291.985211962135509 ], [ -972654.101243329001591, -1809478.63694335706532 ], [ -971084.996077640214935, -1812153.641563827171922 ], [ -968771.795907934894785, -1814219.276022148085758 ], [ -966680.473948427126743, -1815147.039450160926208 ], [ -966475.068508064607158, -1815499.279302542563528 ], [ -964873.216434950940311, -1817420.786818198859692 ], [ -961882.834847104852088, -1819849.16861903690733 ], [ -960815.013390196952969, -1820172.957516817841679 ], [ -959768.295269930269569, -1824378.447720578406006 ], [ -958641.956636043381877, -1827103.691019778139889 ], [ -956769.744388474151492, -1829381.938385204179212 ], [ -954489.859671619487926, -1830898.413851565448567 ], [ -955031.663954826653935, -1834422.812956119189039 ], [ -954972.558836134383455, -1837806.018463603453711 ], [ -953788.55779409664683, -1840975.831463353242725 ], [ -951615.22389140620362, -1843569.321904504671693 ], [ -948701.394578066654503, -1845289.546207801206037 ], [ -943484.0895160761429, -1847273.043979894369841 ], [ -940739.014368695090525, -1850148.936931123258546 ], [ -937821.299776713363826, -1858591.741107814013958 ], [ -936637.376051948056556, -1860950.984396943356842 ], [ -934877.390761009068228, -1862918.255618468858302 ], [ -930666.633514326997101, -1866527.183579198317602 ], [ -926897.969441087218001, -1872864.903275499120355 ], [ -925819.22219615674112, -1879171.786333848722279 ], [ -924728.610059905564412, -1882297.59671740536578 ], [ -922677.206711722537875, -1884896.032725613331422 ], [ -919889.848530734423548, -1886682.30251390603371 ], [ -915797.828045345144346, -1888429.858950925292447 ], [ -913833.664885913138278, -1891440.003824678016827 ], [ -911111.731402373989113, -1894224.26998933032155 ], [ -909598.143852486158721, -1895261.506796808214858 ], [ -907637.127063770545647, -1900082.25544200418517 ], [ -905964.041650830884464, -1902825.303838396677747 ], [ -905027.668818803154863, -1903614.643012378597632 ], [ -904960.647979171830229, -1904628.019770358223468 ], [ -904087.159838074585423, -1907148.553640031721443 ], [ -901968.671191828791052, -1911346.335309237008914 ], [ -900163.51228523964528, -1913860.26844413834624 ], [ -897676.139246708713472, -1915701.853047674987465 ], [ -894744.804070093901828, -1916694.693703135009855 ], [ -891650.283478337340057, -1916743.69158051465638 ], [ -888688.984841623692773, -1915844.153438470792025 ], [ -886144.554920481517911, -1914082.241164494305849 ], [ -884260.710878581856377, -1911626.718794286018237 ], [ -883217.895935396547429, -1908712.787518661702052 ], [ -883115.995687331538647, -1905619.557035131845623 ], [ -883138.503184457309544, -1905436.649879155913368 ], [ -882575.151851636590436, -1904227.03771606949158 ], [ -882205.131874752347358, -1901070.533033091574907 ], [ -882844.226670075790025, -1897957.336213174043223 ], [ -884907.802023000782356, -1892508.966809903969988 ], [ -885080.507013127673417, -1887728.11518662283197 ], [ -885596.065997182391584, -1885409.48780403775163 ], [ -884943.538177800714038, -1884378.24337178748101 ], [ -884148.258722742903046, -1882455.752393810776994 ], [ -883421.299319019308314, -1879438.4543835115619 ], [ -883258.583286098204553, -1877424.350351169938222 ], [ -880793.511988592799753, -1877047.992353986948729 ], [ -878036.334701250307262, -1875680.181195147335529 ], [ -875825.722083749482408, -1873538.657014702446759 ], [ -874371.084009459707886, -1870826.284984005149454 ], [ -874162.972165497718379, -1869703.37197038368322 ], [ -873531.361222944920883, -1870498.516579291084781 ], [ -871047.370752983144484, -1872190.079775308724493 ], [ -868172.965221334830858, -1873067.22716350061819 ], [ -866361.038099299650639, -1873057.285603637108579 ], [ -865901.813183870282955, -1873410.801608470268548 ], [ -863030.685345755424351, -1874456.547604421386495 ], [ -859977.804262230987661, -1874586.458499673521146 ], [ -857028.216211306978948, -1873788.404566225130111 ], [ -854457.323042113916017, -1872136.899778631981462 ], [ -852505.168015096569434, -1869786.144474195083603 ], [ -851354.023059401777573, -1866955.627729530911893 ], [ -850737.916011346736923, -1864358.006025768816471 ], [ -850523.161608203314245, -1861001.114553994499147 ], [ -851433.647298445925117, -1857762.927466316847131 ], [ -853366.353084758506157, -1855009.840444355038926 ], [ -856102.596403480391018, -1853053.360874390229583 ], [ -859042.1696287302766, -1852199.294271774124354 ], [ -859976.670740990201011, -1851222.267189922742546 ], [ -858411.012233218410984, -1850210.120844169287011 ], [ -856265.396093794843182, -1847275.781770404195413 ], [ -855761.800821921788156, -1846229.509346810402349 ], [ -854870.561558811808936, -1843290.400931543437764 ], [ -854913.32722125784494, -1840219.434178399387747 ], [ -855886.063867286662571, -1837306.283114984631538 ], [ -857683.465666210860945, -1834844.296762428479269 ], [ -852142.68941503437236, -1829695.731315969256684 ], [ -850116.349975363700651, -1827057.514978938736022 ], [ -849067.532936945091933, -1823900.582957867765799 ], [ -849112.302878587157466, -1820574.288831055629998 ], [ -849881.369424761389382, -1816361.456048555904999 ], [ -850922.591279120417312, -1813400.543431687401608 ], [ -852830.339874203200452, -1810908.226884238887578 ], [ -855416.680101538426243, -1809130.028159913374111 ], [ -858426.827796996687539, -1808241.120219655800611 ], [ -861564.248901992803439, -1808329.070686686318368 ], [ -863479.762851214851253, -1808688.74812479596585 ], [ -866615.358738856273703, -1809845.821381154470146 ], [ -869194.532313184812665, -1811971.531560049857944 ], [ -870929.169766042730771, -1814828.420252021634951 ], [ -871293.430939497775398, -1816538.45213481481187 ], [ -871434.653204501373693, -1816608.348326957784593 ], [ -872924.791478938539512, -1814823.991431300295517 ], [ -873475.729311859467998, -1814353.508606211980805 ], [ -873545.681100265588611, -1813759.038529457058758 ], [ -874982.785956021980383, -1810779.736331326887012 ], [ -877313.190668400842696, -1808432.242810410214588 ], [ -877528.446577552356757, -1808326.46583562111482 ], [ -877949.726321624941193, -1807440.133140391437337 ], [ -880192.787558960262686, -1805117.633647568291053 ], [ -883058.983703593839891, -1803630.943609568988904 ], [ -884990.419656196958385, -1803330.749211544636637 ], [ -889460.17669781926088, -1798796.699417599942535 ], [ -889193.523518398986198, -1798432.032735613407567 ], [ -888520.469753926037811, -1796543.247391776880249 ], [ -887719.256064129294828, -1795913.105715681100264 ], [ -885970.026205086731352, -1793285.766989901429042 ], [ -885218.814235255471431, -1790575.928893708856776 ], [ -884187.378077506320551, -1789152.379739930853248 ], [ -883226.233170689200051, -1786285.326589761069044 ], [ -883204.940788354841061, -1785216.173391085118055 ], [ -882251.333688352024183, -1784704.582950326614082 ], [ -880175.4852752876468, -1782593.81025805673562 ], [ -879248.386912264744751, -1784092.047302951803431 ], [ -876841.543959603179246, -1786121.493396413046867 ], [ -873923.021695250994526, -1787302.074709801701829 ], [ -870782.090750577743165, -1787516.777401530882344 ], [ -867730.065892152837478, -1786744.321118885651231 ], [ -865069.449920292827301, -1785061.268209638539702 ], [ -865053.765737901907414, -1785042.288946961518377 ], [ -864834.26238453539554, -1784997.230441921856254 ], [ -862224.945285408641212, -1783568.107620628783479 ], [ -860151.54361922852695, -1781434.581597160315141 ], [ -859383.635832080966793, -1779932.142665934050456 ], [ -856851.066966879414394, -1779722.77847295650281 ], [ -853881.273951546754688, -1778441.345230772858486 ], [ -851475.845562415895984, -1776279.018712215824053 ], [ -849886.431504530948587, -1773462.015932542271912 ], [ -849279.312171299825422, -1770285.044446471147239 ], [ -849604.811012547463179, -1767907.321073703235015 ], [ -848290.703950595809147, -1768052.315444897860289 ], [ -848187.352699240553193, -1768291.494121426716447 ], [ -845875.599143272382207, -1770777.82707631867379 ], [ -845286.552399491425604, -1771226.731106748571619 ], [ -842680.851261172094382, -1776942.975974506698549 ], [ -840993.852606515982188, -1779507.777158231474459 ], [ -838608.313901528483257, -1781439.971418613800779 ], [ -838290.964237358071841, -1781564.002173985587433 ], [ -838280.649689164594747, -1781595.668613611953333 ], [ -836532.609701926354319, -1784055.553380369441584 ], [ -835513.782864028238691, -1785107.760412078350782 ], [ -832906.246513242600486, -1787042.854679240612313 ], [ -829816.164421710651368, -1788040.465981835732237 ], [ -826569.349766411818564, -1787995.40782375773415 ], [ -818281.514538874733262, -1786513.332151522859931 ], [ -817325.231698504532687, -1786131.46889790520072 ], [ -814965.704647743026726, -1786702.582541794748977 ], [ -811839.519596259808168, -1786460.203304869588464 ], [ -808942.074182562180795, -1785261.624669463373721 ], [ -806558.238884775550105, -1783224.688258174108341 ], [ -804922.387160926824436, -1780549.661191359627992 ], [ -804706.974829684477299, -1779645.946031407918781 ], [ -803140.514648293610662, -1779243.961304802447557 ], [ -794673.193140236428007, -1779972.631664549233392 ], [ -791699.285043679061346, -1779782.909329439280555 ], [ -778454.197788553894497, -1776914.593439717311412 ], [ -771270.691258614766411, -1779895.255666580516845 ], [ -768323.757525129243731, -1780619.518231420777738 ], [ -765295.272892136941664, -1780426.50134067540057 ], [ -757186.764215893810615, -1778647.583065135637298 ], [ -754375.631552294129506, -1777566.504346571397036 ], [ -752013.891332815168425, -1775697.445443330099806 ], [ -750644.046934731537476, -1773690.815047660609707 ], [ -749846.155515694175847, -1773259.011316427960992 ], [ -747560.552036196459085, -1770707.656448964029551 ], [ -746270.066913773887791, -1767534.638473277678713 ], [ -746126.117864291300066, -1764112.26011950429529 ], [ -746306.551248676842079, -1762733.023364166263491 ], [ -747256.938086273148656, -1759599.998344305902719 ], [ -749168.303945713094436, -1756941.848335838643834 ], [ -751835.767973919631913, -1755043.502589044626802 ], [ -754973.402543300297111, -1754108.44632059102878 ], [ -758244.882065510028042, -1754236.90896850451827 ], [ -760609.048514324007556, -1754725.231937383767217 ], [ -763081.617347396444529, -1755585.897106039803475 ], [ -765246.056975101586431, -1757058.833718674024567 ], [ -766596.119167980155908, -1758627.295598263386637 ], [ -769050.845296256244183, -1756787.485566347371787 ], [ -772146.911392669426277, -1755775.249690512660891 ], [ -776278.675417061545886, -1755140.680854672798887 ], [ -778100.375207990407944, -1753785.149088314268738 ], [ -780597.022784863365814, -1752430.271754275774583 ], [ -783373.907117410912178, -1751832.061827035387978 ], [ -794981.551960413926281, -1751022.035661968868226 ], [ -794223.190745674539357, -1749924.982044947333634 ], [ -793459.672609755536541, -1748352.339686347870156 ], [ -793162.358694372931495, -1748344.909526346018538 ], [ -789613.757019674405456, -1746780.237756966846064 ], [ -784776.969767768168822, -1743396.611237187637016 ], [ -782589.559964677551761, -1741308.308645533863455 ], [ -781126.460104808444157, -1738661.592158825136721 ], [ -780521.481926864944398, -1735698.524362574564293 ], [ -780829.955339685897343, -1732690.100603436352685 ], [ -782023.668076394707896, -1729911.464379821671173 ], [ -783993.445923259714618, -1727616.743352122604847 ], [ -784581.594909429433756, -1727249.751137304585427 ], [ -783613.17563953041099, -1724800.833893074421212 ], [ -783436.605752913863398, -1721605.844846729189157 ], [ -784143.369361974997446, -1719013.42900679516606 ], [ -783366.345304120099172, -1718695.837287381989881 ], [ -781044.342415246996097, -1716778.212378686759621 ], [ -779398.534457753761671, -1714256.249081286136061 ], [ -779307.253790779155679, -1713933.835589195135981 ], [ -777963.459484778111801, -1712970.556361991912127 ], [ -777341.884442245354876, -1712144.385311736259609 ], [ -776573.347999669029377, -1711665.435437635751441 ], [ -774544.18919389648363, -1709234.05718329292722 ], [ -773900.786854896578006, -1708152.021008230745792 ], [ -772781.80811971751973, -1705414.623781904578209 ], [ -772512.383605880546384, -1702469.65053655509837 ], [ -773116.075718349195085, -1699574.652640558546409 ], [ -774540.08882310858462, -1696982.810889611253515 ], [ -776659.886466628871858, -1694920.79368914780207 ], [ -778236.061937984544784, -1694110.676063560182229 ], [ -779953.88768768357113, -1691921.207499972544611 ], [ -780757.054692216450348, -1691374.633770415559411 ], [ -781239.934473706409335, -1690646.19233082048595 ], [ -783566.478264873148873, -1688749.07909703347832 ], [ -786351.246209302684292, -1687627.958171484759077 ], [ -789343.279346424969845, -1687383.863230144139379 ], [ -792272.940298523870297, -1688038.791729884920642 ], [ -794876.212572292541154, -1689533.722531846258789 ], [ -802094.605389861273579, -1695275.341250811470672 ], [ -804559.142106072278693, -1698275.272261359263211 ], [ -804579.881189746316522, -1698240.805200695758685 ], [ -806898.168565689469688, -1696209.039574049646035 ], [ -807658.923236457048915, -1695878.272972499020398 ], [ -806715.017969301668927, -1694924.906065078917891 ], [ -805338.387096028309315, -1692298.521850601304322 ], [ -804792.474088088376448, -1689383.905994083033875 ], [ -805125.281112318509258, -1686437.340860248543322 ], [ -806537.059115967946127, -1681157.640730187064037 ], [ -806167.325118817505427, -1680690.477716545341536 ], [ -803080.189832429401577, -1681823.689992256695405 ], [ -799784.650828940444626, -1681891.819020085735247 ], [ -799263.653096730005927, -1681724.661976572591811 ], [ -796134.029794569010846, -1682286.222254574066028 ], [ -792923.753535425756127, -1681805.968045544112101 ], [ -790036.426588693866506, -1680322.775250258855522 ], [ -787981.464997241739184, -1678204.440966623835266 ], [ -785698.832769856206141, -1677150.797644983977079 ], [ -783356.790499068098143, -1674944.161585091846064 ], [ -781836.807071966468357, -1672107.957241199910641 ], [ -780703.482879593851976, -1668803.282633408671245 ], [ -780184.452540891594253, -1666218.739745532628149 ], [ -780358.834970441530459, -1663588.369961637537926 ], [ -780812.890176689252257, -1662265.272698305780068 ], [ -779881.568797386600636, -1661462.262633453356102 ], [ -778893.610010209959, -1660308.40670700231567 ], [ -777373.913657103781588, -1661201.856552698649466 ], [ -774227.511743747279979, -1662496.4026277824305 ], [ -771679.973666380043142, -1663118.561493234941736 ], [ -771558.911529087112285, -1663277.138508988311514 ], [ -770173.034518006606959, -1664195.118867958663031 ], [ -770185.759788887575269, -1665576.935923208016902 ], [ -769369.214498198940419, -1668378.261923447716981 ], [ -767778.775897725950927, -1670824.622205476975068 ], [ -766896.652463873615488, -1671824.56117875315249 ], [ -764232.740659837727435, -1673962.462712347041816 ], [ -761622.499905002070591, -1674865.39832299714908 ], [ -761208.33022441866342, -1675483.56795271858573 ], [ -758516.036436290713027, -1677498.929919607238844 ], [ -755307.867463000467978, -1678507.781513248337433 ], [ -751946.671376395737752, -1678396.020309928804636 ], [ -748812.603813315159641, -1677176.28664669720456 ], [ -745980.971960939350538, -1675478.521232402650639 ], [ -734043.495954404585063, -1683048.658113340847194 ], [ -731319.272044370998628, -1684251.209960273699835 ], [ -728361.724743216182105, -1684598.255804496118799 ], [ -725433.115352165536024, -1684059.021262567024678 ], [ -722793.139095494057983, -1682681.323102311696857 ], [ -720675.896576768951491, -1680587.32907809317112 ], [ -719269.13484495668672, -1677962.724672383861616 ], [ -718697.59887443354819, -1675040.247385738417506 ], [ -719011.969770880532451, -1672079.048676426988095 ], [ -720184.370610626065172, -1669341.713635273976251 ], [ -722110.838434339151718, -1667070.976182207698002 ], [ -729223.1962584691355, -1660860.700740829342976 ], [ -730516.019792850711383, -1659903.599102101521567 ], [ -735753.62174439127557, -1656643.466024330351502 ], [ -733891.883389424066991, -1654886.925114113138989 ], [ -732418.885096519486979, -1652274.644833107013255 ], [ -731786.679407308576629, -1649343.084121819818392 ], [ -732052.125208668760024, -1646355.899701002519578 ], [ -732437.179660162772052, -1644776.576723619364202 ], [ -733397.693671357003041, -1642312.920486351009458 ], [ -734970.366611025761813, -1640187.152614271501079 ], [ -736684.231004818109795, -1638833.120123453903943 ], [ -736763.203262819559313, -1638637.24030840373598 ], [ -737595.771659472608007, -1637623.981315909186378 ], [ -735502.602151319617406, -1636753.974957702448592 ], [ -733223.265193489030935, -1634869.9944831894245 ], [ -733151.34599236107897, -1634761.002175531582907 ], [ -732865.379749945946969, -1634991.545042985584587 ], [ -730142.678032060619444, -1636091.058195787249133 ], [ -728007.355671523720957, -1636281.835379921132699 ], [ -727101.29992456769105, -1636874.577457472449169 ], [ -724289.664561305078678, -1638145.159484510077164 ], [ -721224.526513498858549, -1638498.147942211246118 ], [ -718197.676872816053219, -1637899.939486839808524 ], [ -716409.163138659438118, -1636911.468695090152323 ], [ -716083.265749004669487, -1636798.475823996588588 ], [ -712164.139483471866697, -1637283.084637549938634 ], [ -703286.243716848199256, -1636486.288854722864926 ], [ -700093.483924423693679, -1635653.157683297991753 ], [ -697345.673724368796684, -1633826.312931986059994 ], [ -695341.989817774505354, -1631204.658217234769836 ], [ -694300.589754675514996, -1628073.634654643712565 ], [ -694334.859326924663037, -1624774.142536553554237 ], [ -695441.067324275500141, -1621665.42471283278428 ], [ -697498.771781936869957, -1619085.95286653493531 ], [ -699659.397773042088374, -1617145.730544166173786 ], [ -700762.419973315903917, -1616470.553355525946245 ], [ -700165.554291139123961, -1615516.899942220421508 ], [ -699424.240965635282919, -1612265.142180935479701 ], [ -699309.023589617572725, -1610231.687810006318614 ], [ -699591.453887271112762, -1607241.153689972124994 ], [ -700749.261515881167725, -1604469.413678489392623 ], [ -702677.976784584927373, -1602166.563572991872206 ], [ -705203.570534388301894, -1600540.390947753330693 ], [ -708098.156895681167953, -1599737.626353903673589 ], [ -711100.555569709511474, -1599830.703732006484643 ], [ -713939.858286764123477, -1600811.224653276382014 ], [ -714328.355094407568686, -1601015.102059216238558 ], [ -715164.678707968094386, -1600438.7516451603733 ], [ -714970.77685710019432, -1599512.203338341787457 ], [ -714817.691404704237357, -1596379.614649601979181 ], [ -715642.461875655222684, -1593353.676659688120708 ], [ -717363.959334535291418, -1590732.037182638421655 ], [ -719812.847873862017877, -1588772.575019056443125 ], [ -721891.777462968719192, -1587990.30721404729411 ], [ -722993.737691561458632, -1586978.928790655219927 ], [ -725746.829997171531431, -1585691.387891130521894 ], [ -726953.734964681672864, -1585530.726589438039809 ], [ -727001.149692441802472, -1585514.877399498829618 ], [ -725668.35453431867063, -1584626.781729088630527 ], [ -723755.552001073607244, -1582242.729523873189464 ], [ -723498.6212210978847, -1581578.932656009681523 ], [ -721394.613249414600432, -1580170.662009675521404 ], [ -720260.361281485413201, -1578742.491583098657429 ], [ -719965.961759133613668, -1579007.590992130571976 ], [ -717198.464370060246438, -1580269.262912834296003 ], [ -714179.698644881951623, -1580640.62706095399335 ], [ -711188.926309177069925, -1580087.329067100537941 ], [ -708502.819459860678762, -1578660.553742083953694 ], [ -706154.522824947023764, -1576908.714681884506717 ], [ -704120.915359063306823, -1574875.87460417416878 ], [ -702749.830008242977783, -1572348.400950976181775 ], [ -702696.589656748226844, -1572096.76813507755287 ], [ -702623.667005872703157, -1572019.113952128216624 ], [ -702041.100935052032582, -1570807.333817526698112 ], [ -699964.422359408228658, -1570851.108645004685968 ], [ -699597.016374018974602, -1572300.660646134288982 ], [ -698018.242216686019674, -1574870.143722192384303 ], [ -695745.228159655933268, -1576852.106944493250921 ], [ -692984.699628895730712, -1578066.295294326031581 ], [ -689987.720375925535336, -1578402.281120331725106 ], [ -687026.858804257237352, -1577829.507280646124855 ], [ -684371.398496955167502, -1576400.066245012450963 ], [ -682262.847491097985767, -1574243.962403888581321 ], [ -680892.973674574983306, -1571557.288466691272333 ], [ -679627.832562142401002, -1567741.557660921243951 ], [ -679485.414281649980694, -1568040.440482933539897 ], [ -677665.923137376899831, -1569907.421016155974939 ], [ -677619.924386315047741, -1570037.438411843962967 ], [ -675589.695852039498277, -1572605.769700332544744 ], [ -672838.775090331793763, -1574380.759410619037226 ], [ -671290.502022542874329, -1574766.46826464869082 ], [ -670541.279749718843959, -1575906.329796634148806 ], [ -668335.562035701354034, -1578298.353854336077347 ], [ -665478.664833570597693, -1579855.629713974427432 ], [ -662273.046985234832391, -1580413.289051730185747 ], [ -660816.372882848838344, -1580426.144500759895891 ], [ -657764.666682542767376, -1579977.341152655659243 ], [ -654994.913768960745074, -1578619.841990239685401 ], [ -652770.637717910460196, -1576482.804033866384998 ], [ -651916.582196820294484, -1574903.395249765133485 ], [ -650707.82965035457164, -1573307.172613457776606 ], [ -649688.658711096621118, -1570505.244582522427663 ], [ -649540.855095027713105, -1567527.382230927702039 ], [ -649560.548037710366771, -1567331.190143056912348 ], [ -648190.144350197631866, -1566736.585210505174473 ], [ -647033.61495575227309, -1565763.768985464470461 ], [ -644778.771697086514905, -1565217.647376769222319 ], [ -642151.076159534044564, -1563619.593516079941764 ], [ -641184.040686867083423, -1562803.775834377855062 ], [ -639060.021190966363065, -1560309.933338101720437 ], [ -637855.857593480730429, -1557263.509328596526757 ], [ -637700.76518853160087, -1553991.406707784393802 ], [ -638336.2427987921983, -1548592.565124237677082 ], [ -639408.821340181631967, -1545122.526314325863495 ], [ -639877.892717725480907, -1544524.346784187713638 ], [ -639678.918662613257766, -1544454.162144124973565 ], [ -637193.065321558620781, -1542550.663448109757155 ], [ -635417.678912843111902, -1539971.753364622592926 ], [ -634526.796555851935409, -1536970.236623878590763 ], [ -634606.724314425024204, -1533879.979526632698253 ], [ -634483.890616111690179, -1533428.10989849944599 ], [ -634647.666046915692277, -1530475.538857179461047 ], [ -633739.782194153754972, -1530949.128982997266576 ], [ -631351.528844661545008, -1531313.819345094729215 ], [ -629013.057961160549894, -1532192.249939612811431 ], [ -625823.261527224443853, -1532315.897521850187331 ], [ -625358.634120892500505, -1532181.362646840047091 ], [ -622206.953611936420202, -1531821.801123982528225 ], [ -619746.882542104227468, -1530680.983506507240236 ], [ -619586.717008878709748, -1530672.35866238293238 ], [ -616467.68560718651861, -1529379.032591746421531 ], [ -613956.884094633976929, -1527121.395558409625664 ], [ -613435.267686403589323, -1526164.675555523019284 ], [ -612812.321316039422527, -1525973.166906346799806 ], [ -609871.254014829872176, -1524503.568812136072665 ], [ -607565.745812402921729, -1522159.59198688948527 ], [ -606145.012818017276004, -1519194.610842359950766 ], [ -606050.449216807377525, -1518387.05297701456584 ], [ -605140.306099421926774, -1519288.242564819287509 ], [ -602782.996842066175304, -1521009.731327025685459 ], [ -602647.569022882496938, -1521839.585323781473562 ], [ -600974.792538009001873, -1524846.920394629240036 ], [ -598381.596641100361012, -1527109.127378296572715 ], [ -593042.199132201611064, -1530341.819716767640784 ], [ -590088.578173947753385, -1531536.702262992039323 ], [ -586909.030679773190059, -1531741.882175745209679 ], [ -583826.332262846524827, -1530936.530367784202099 ], [ -581153.426785009447485, -1529202.403102887794375 ], [ -579161.657481779111549, -1526715.542409761110321 ], [ -578053.221225294633768, -1523728.404962367843837 ], [ -577977.451209122198634, -1521585.333909760694951 ], [ -576719.915380566264503, -1520246.832754884846509 ], [ -575088.832442679442465, -1517869.400927673792467 ], [ -572734.919295332976617, -1516699.364190641092137 ], [ -570982.64403845241759, -1515450.172397187445313 ], [ -568809.519822572008707, -1513336.693374497583136 ], [ -567369.516445127665065, -1510669.175293969688937 ], [ -566919.209592510713264, -1508336.407557257451117 ], [ -566228.428481017355807, -1506995.615763486828655 ], [ -565862.01441900676582, -1505791.235962025588378 ], [ -565655.398250605096109, -1505618.686185766244307 ], [ -564047.255004041478969, -1503168.977133280830458 ], [ -563609.947773295803927, -1501686.272992852609605 ], [ -562374.384063127101399, -1502335.830551258521155 ], [ -558879.170902220415883, -1502791.639913466293365 ], [ -555442.935992722981609, -1502006.422197413397953 ], [ -552007.728621978661977, -1500546.666099028429016 ], [ -549411.277297077816911, -1498936.173957110382617 ], [ -547422.306538513395935, -1496616.855146913090721 ], [ -546226.491628074436449, -1493805.22374828858301 ], [ -545935.464810482459143, -1490763.752424537437037 ], [ -545961.857136100414209, -1490640.737349571892992 ], [ -544767.075097198598087, -1491506.937932479893789 ], [ -543434.776806558365934, -1491906.13234431296587 ], [ -542860.137794393929653, -1493711.288168777478859 ], [ -540914.966477615525946, -1496341.418884130194783 ], [ -538225.071726938476786, -1498203.070103273727 ], [ -536304.407999385613948, -1498748.70337477279827 ], [ -535932.823299257783219, -1499031.198853675974533 ], [ -533122.61574912047945, -1500056.262000700924546 ], [ -530134.956609560991637, -1500204.295091746374965 ], [ -527237.18224571144674, -1499462.052094842074439 ], [ -525174.738046458922327, -1498194.68765772995539 ], [ -522585.115092449588701, -1498239.543763897381723 ], [ -519436.842211587761994, -1497212.384417373221368 ], [ -517340.622728539630771, -1495625.222821698756889 ], [ -514739.471344531513751, -1496821.127515134401619 ], [ -511561.072115768620279, -1497171.514574549626559 ], [ -508434.568067103333306, -1496500.720133244292811 ], [ -507296.272006217099261, -1495829.959239478223026 ], [ -507267.142459794064052, -1496105.735309162642807 ], [ -506789.026715927931946, -1497252.85757374856621 ], [ -506847.803143112163525, -1498861.746693520108238 ], [ -505831.386082883691415, -1502097.856519674183801 ], [ -503791.661791150982026, -1504808.029071555007249 ], [ -500974.521579194464721, -1506673.023543135030195 ], [ -499753.379302969784476, -1508001.173984884517267 ], [ -497019.701041109161451, -1509538.903875612420961 ], [ -496986.406812654924579, -1509545.564595617819577 ], [ -495414.695445490360726, -1511367.61232034326531 ], [ -492823.702650379855186, -1512967.956013100687414 ], [ -489871.176193251332734, -1513714.234191275434569 ], [ -488226.57819478365127, -1513618.487106170272455 ], [ -486932.627767277066596, -1514722.179091438651085 ], [ -484081.804437496408354, -1515913.992026372812688 ], [ -482493.602926517021842, -1516050.502864033216611 ], [ -482108.717850761720911, -1517378.05751716857776 ], [ -480192.302779033780098, -1520087.576315413461998 ], [ -479386.208206847135443, -1520665.219487234484404 ], [ -478781.422481412126217, -1522139.73947591567412 ], [ -476367.516629112418741, -1524748.760144358733669 ], [ -471368.586565696576145, -1528514.010851813014597 ], [ -471368.301575169083662, -1529870.018052530940622 ], [ -470299.760069587326143, -1532982.028961930423975 ], [ -468425.018959585111588, -1535391.207164307590574 ], [ -468280.920397178619169, -1535966.548661875305697 ], [ -466716.123890262504574, -1538534.505488114897162 ], [ -464913.144951026828494, -1540121.163765311939642 ], [ -464876.085957003466319, -1540776.428173814434558 ], [ -463928.097451366134919, -1543448.240524032851681 ], [ -462268.393003524630331, -1545746.640965082217008 ], [ -460881.246321720886044, -1546825.268466918496415 ], [ -460704.579481950087938, -1547305.574689215514809 ], [ -458808.26013481314294, -1549738.189085800433531 ], [ -456260.80164640059229, -1551477.181644327705726 ], [ -453304.560043107077945, -1552357.110875433543697 ], [ -452568.789491223578807, -1552342.115874484879896 ], [ -451911.355322674964555, -1554447.563564145006239 ], [ -450206.721474013640545, -1556918.168572318507358 ], [ -449422.790583598252852, -1557533.56621884717606 ], [ -448948.589927995228209, -1558587.373248109593987 ], [ -446940.146272037934978, -1560847.970439802855253 ], [ -444347.800333310675342, -1562404.854544742032886 ], [ -441408.599998446181417, -1563115.661813823971897 ], [ -438391.310025018348824, -1562915.394995555048808 ], [ -437234.859215563279577, -1562659.151632135733962 ], [ -435971.410068715689704, -1565392.768245082115754 ], [ -433911.379845669609495, -1567650.03857547394 ], [ -431265.826407533953898, -1569179.7577883687336 ], [ -428674.051114643283654, -1569752.402736428193748 ], [ -427178.923771412286442, -1571387.479096207069233 ], [ -426407.119829235889483, -1571846.544518790906295 ], [ -425852.871553725271951, -1573420.671319795073941 ], [ -427758.575061877083499, -1574003.397813258459792 ], [ -430564.607245507882908, -1575370.886912151006982 ], [ -432812.299418348819017, -1577536.925449968781322 ], [ -434282.639982804947067, -1580290.458031159127131 ], [ -434832.361261958081741, -1583363.184762648073956 ], [ -434407.899277148768306, -1586455.703974328702316 ], [ -433050.612937988596968, -1589266.685447887517512 ], [ -432152.586968000279739, -1590205.365469607291743 ], [ -432257.35257468407508, -1590636.660970179596916 ], [ -432253.511508692230564, -1593029.897282629273832 ], [ -431832.742761209199671, -1596474.400106335058808 ], [ -433048.430444719968364, -1600615.515712538501248 ], [ -433451.708127811609302, -1603251.544075306504965 ], [ -433428.500576980412006, -1603451.307763222372159 ], [ -433507.968208608624991, -1603565.075572110945359 ], [ -434715.941011143731885, -1605896.418404006864876 ], [ -435275.427951586665586, -1608461.829103090101853 ], [ -435147.855999026040081, -1611084.439079510048032 ], [ -434149.023761309916154, -1616565.031560101313516 ], [ -433401.785867790109478, -1618643.474640409462154 ], [ -433804.024303366197273, -1620237.877875075675547 ], [ -436395.724984585365746, -1621444.891294558066875 ], [ -438608.697091594629455, -1623446.890674667898566 ], [ -440132.391779620433226, -1626012.743663839995861 ], [ -440831.120272187457886, -1628913.954714080318809 ], [ -440642.65907072351547, -1631892.163813506253064 ], [ -439583.7911108394037, -1634682.154083720874041 ], [ -437748.811200448253658, -1637035.46999808982946 ], [ -435301.128834151721094, -1638742.542960233753547 ], [ -433796.539054900815245, -1639486.543242050800472 ], [ -433374.537550771492533, -1640745.904546784935519 ], [ -434632.074563751113601, -1644272.9529087273404 ], [ -436057.080942431464791, -1645349.087181725073606 ], [ -438172.341186360456049, -1647522.907606068067253 ], [ -439538.581817134458106, -1650230.897206428227946 ], [ -440030.111140423454344, -1653223.925783168524504 ], [ -439601.709337649750523, -1656226.640060654375702 ], [ -438292.788608415517956, -1658962.795696106739342 ], [ -436223.767318633326795, -1661180.671265038661659 ], [ -433584.991726246080361, -1662676.226182070560753 ], [ -430619.224465956096537, -1663311.872069832636043 ], [ -427599.310821044724435, -1663029.13064358686097 ], [ -421950.703029546479229, -1661613.267077461117879 ], [ -418482.317703815875575, -1659987.566150580067188 ], [ -415879.577626139274798, -1657177.166826736414805 ], [ -411356.292320660257246, -1649870.853318129433319 ], [ -410525.663451870204881, -1648060.962837933795527 ], [ -410432.745891692757141, -1648776.439330562949181 ], [ -409008.042165040213149, -1652769.255553500028327 ], [ -404826.491301438014489, -1659493.73005371238105 ], [ -402650.406912597245537, -1661966.044981309445575 ], [ -399789.189806951093487, -1663597.339265898568556 ], [ -396553.215785219799727, -1664210.655252365162596 ], [ -393293.513095529808197, -1663739.462358315009624 ], [ -391080.526821429666597, -1663033.047605673782527 ], [ -388186.621577384823468, -1661555.073524726554751 ], [ -385919.38424197002314, -1659227.256991929607466 ], [ -385073.468945023254491, -1657457.230511162197217 ], [ -384630.598113186191767, -1657032.673172306036577 ], [ -383171.965953852050006, -1654378.131105457432568 ], [ -382575.001551460882183, -1651408.647166590206325 ], [ -382894.47162234102143, -1648396.647791635943577 ], [ -384101.067338902037591, -1645618.459868242498487 ], [ -386084.093180494499393, -1643328.959950686432421 ], [ -388661.622363371774554, -1641738.191371562425047 ], [ -389642.090582844044548, -1641488.997647440060973 ], [ -390465.121452138293535, -1631267.15633487328887 ], [ -391079.777755929157138, -1628531.396444408223033 ], [ -392429.790911525138654, -1626073.826703834114596 ], [ -397729.281936054700054, -1619000.292771686101332 ], [ -397374.097201430296991, -1617485.924556504236534 ], [ -397628.952026334183756, -1614385.199921193299815 ], [ -398079.760709262860473, -1613302.048851595493034 ], [ -396696.92306897934759, -1614103.30157032655552 ], [ -393883.75659741112031, -1615205.767645872430876 ], [ -390869.717267720960081, -1615417.67319928179495 ], [ -387929.966888969531283, -1614719.672658368013799 ], [ -385332.885181499645114, -1613175.488845083396882 ], [ -383315.568487706885207, -1610926.095504329074174 ], [ -382062.184447822161019, -1608176.847335638711229 ], [ -382050.355607370729558, -1608082.282564958091825 ], [ -381319.340637470653746, -1607453.918339313473552 ], [ -381072.295964617223945, -1607061.10574649181217 ], [ -378233.889680872962344, -1606461.224618061445653 ], [ -375496.546564925287385, -1604871.427914086496457 ], [ -374824.714550720877014, -1604115.765270485542715 ], [ -374536.624599891656544, -1604045.323011258151382 ], [ -371833.614848561352119, -1602349.682275413535535 ], [ -369802.32956986973295, -1599888.92236485471949 ], [ -368649.58324612560682, -1596913.584546398371458 ], [ -368492.742274200893007, -1593726.601626712828875 ], [ -369347.775353693636134, -1590652.45497214095667 ], [ -371127.627640290535055, -1588004.137570706894621 ], [ -372686.446458922466263, -1586337.422997086308897 ], [ -372766.200805418659002, -1585255.418857494369149 ], [ -370213.277991938753985, -1585483.738860754994676 ], [ -364922.668195962382015, -1585210.722449086373672 ], [ -363129.268048489000648, -1584823.775223652366549 ], [ -361855.277230124454945, -1586613.231741830240935 ], [ -359085.624411642958876, -1588557.527898431988433 ], [ -355826.093667673703749, -1589466.771324923262 ], [ -354208.302402730449103, -1589356.593378488440067 ], [ -353321.152165225998033, -1589726.237748590763658 ], [ -347781.505666619108524, -1591013.962313335156068 ], [ -344873.547636177565437, -1591252.919534883927554 ], [ -342020.395475810277276, -1590642.310649973573163 ], [ -340783.690423086402006, -1589960.818468841724098 ], [ -338916.262855018954724, -1589918.607219006633386 ], [ -338614.215665544907097, -1590110.586447896203026 ], [ -336449.375955116061959, -1591145.444699417566881 ], [ -334100.33842497842852, -1591634.817006149794906 ], [ -330229.005255655851215, -1591965.173644787399098 ], [ -329627.853314466658048, -1593081.990493434248492 ], [ -327343.49429602996679, -1595254.921651801792905 ], [ -324496.158515849674586, -1596608.659033653559163 ], [ -323088.779884331685025, -1596788.664015482645482 ], [ -322394.311866819101851, -1598466.246407677419484 ], [ -320190.453777818765957, -1600948.800717496778816 ], [ -317295.339841597015038, -1602573.110316664446145 ], [ -316570.130290146626066, -1602703.414127028314397 ], [ -316113.213193220493849, -1604549.280971126165241 ], [ -314801.4396237161709, -1607485.024558851961046 ], [ -316366.209124461805914, -1609871.570927737513557 ], [ -317494.592211960931309, -1612205.297390912193805 ], [ -317731.489537475572433, -1612919.216312285745516 ], [ -318220.641761741309892, -1613250.296155758202076 ], [ -320166.83106690767454, -1615784.727237285580486 ], [ -321214.193046655214857, -1618803.671854521147907 ], [ -321255.781635021441616, -1621998.865762232104316 ], [ -320287.350223860586993, -1625044.047911206493154 ], [ -318407.785283734789118, -1627628.274943494237959 ], [ -315809.009072616579942, -1629487.671599154826254 ], [ -312756.382466182403732, -1630432.375002475688234 ], [ -309561.60897546634078, -1630365.921548285055906 ], [ -304547.240085430152249, -1629446.93762200535275 ], [ -301255.651576159754768, -1628215.903177578002214 ], [ -298593.204894985712599, -1625922.133706241846085 ], [ -298353.265926065738313, -1625489.520413266727701 ], [ -295592.432434290472884, -1624306.759598969249055 ], [ -294206.448519770579878, -1623412.691297622397542 ], [ -291848.583406603662297, -1621293.731557470280677 ], [ -290272.434346005728003, -1618543.227528923423961 ], [ -289711.532673956244253, -1615804.464410923887044 ], [ -288928.643055917404126, -1615401.010628689546138 ], [ -286441.131417986296583, -1613585.682727402774617 ], [ -284623.924984794051852, -1611099.543085870565847 ], [ -283649.351796373841353, -1608178.355546795763075 ], [ -283609.831890626461245, -1605099.14010855788365 ], [ -283968.048087978677358, -1603925.945517441956326 ], [ -282727.555067796492949, -1604861.729951039655134 ], [ -280451.374874678091146, -1606051.646397263975814 ], [ -277370.031675262725912, -1607068.454698127694428 ], [ -274125.338757316756528, -1607045.154450919944793 ], [ -273161.017302296764683, -1606711.507606961298734 ], [ -273133.218846743868198, -1606738.76962731895037 ], [ -273873.747129749681335, -1608087.142492960905656 ], [ -274465.027200601296499, -1611105.140611362876371 ], [ -274111.237163526297081, -1614160.096809826325625 ], [ -272962.469138602726161, -1618316.133255750173703 ], [ -271486.793787115253508, -1621428.367611206602305 ], [ -269042.70333106990438, -1623855.30853939964436 ], [ -265920.155385046557058, -1625309.032980638556182 ], [ -262489.597184989717789, -1625617.076585171278566 ], [ -260878.91517688886961, -1625482.227301184320822 ], [ -257876.622347323282156, -1624751.83817857503891 ], [ -257038.939019201963674, -1624239.551927465945482 ], [ -256310.84065291393199, -1624811.011409218423069 ], [ -253394.76063255610643, -1625886.605083238799125 ], [ -250289.287409161275718, -1626014.903545817825943 ], [ -248006.811805954872398, -1625381.275719803990796 ], [ -246547.244276974495733, -1625755.7301867287606 ], [ -243362.364346000453224, -1626044.902185503393412 ], [ -240249.057749146420974, -1625313.873695236630738 ], [ -237525.724862007889897, -1623637.407588980160654 ], [ -235470.883134492527461, -1621186.957406981149688 ], [ -234294.682886678463547, -1618213.132664895849302 ], [ -234117.415066157496767, -1615020.068816582905129 ], [ -234957.208995846885955, -1611934.323076043976471 ], [ -236714.89342269138433, -1608064.109943012008443 ], [ -238791.525335915881442, -1605085.693464355543256 ], [ -243546.751065508840838, -1600387.388476551044732 ], [ -243528.141635258449242, -1600348.202436595456675 ], [ -243108.652637808554573, -1597341.816563315922394 ], [ -243610.509534551471006, -1594348.078650066396222 ], [ -244987.469589758373331, -1591642.841498835245147 ], [ -245496.675254231027793, -1591123.504993057576939 ], [ -243694.131516425026348, -1589499.04136549658142 ], [ -242423.454183720343281, -1587240.27791771502234 ], [ -239836.377536968328059, -1587973.474439693149179 ], [ -236709.634451961319428, -1587854.520503079053015 ], [ -233772.718356588069582, -1586775.077958330744877 ], [ -232071.843872023629956, -1585825.213519513374195 ], [ -231372.158597849134821, -1586313.90326741640456 ], [ -228361.755185034096939, -1587224.872704623732716 ], [ -225217.297678954084404, -1587155.727814201964065 ], [ -222249.848206009424757, -1586113.308681158581749 ], [ -219752.958560509490781, -1584200.735513509949669 ], [ -218321.298878424218856, -1582113.964503614697605 ], [ -218294.75639594628592, -1582111.358166659716517 ], [ -215323.990179799002362, -1581346.887808736413717 ], [ -212724.726944953028578, -1579717.870474536437541 ], [ -210741.553900606231764, -1577377.594525994965807 ], [ -209561.084989421477076, -1574546.276813538046554 ], [ -209294.400764018762857, -1571490.340563701232895 ], [ -209571.534154932800448, -1570256.384922863217071 ], [ -209202.642258034175029, -1569602.418837360106409 ], [ -208616.736878341820557, -1566279.000877548474818 ], [ -208603.975325273728231, -1563705.267805468756706 ], [ -209053.021608012408251, -1560692.302875026827678 ], [ -210388.34680745244259, -1557954.327921187039465 ], [ -212486.038083233666839, -1555745.416074230335653 ], [ -215151.438070775795495, -1554270.545523122651502 ], [ -218137.208306541462662, -1553666.578359007136896 ], [ -221166.28124868273153, -1553989.560320270713419 ], [ -223957.571037308574887, -1555209.519972073612735 ], [ -226252.057138603064232, -1557213.249935686588287 ], [ -227326.415140933910152, -1558488.685451262630522 ], [ -230396.243777255265741, -1558429.750994481844828 ], [ -233413.368281638657209, -1558910.863624891731888 ], [ -235114.380814191768877, -1557762.221634822664782 ], [ -237424.263858095771866, -1557140.263035960495472 ], [ -235997.061942493251991, -1555772.063025352312252 ], [ -234466.577009433996864, -1552683.69575217901729 ], [ -234118.020588245854015, -1549630.901753951795399 ], [ -232517.835510672914097, -1547066.047980853356421 ], [ -231778.735987066931557, -1543837.109130408149213 ], [ -232134.982381117995828, -1540543.873227464966476 ], [ -233547.486219124344643, -1537547.684462829958647 ], [ -235861.263141812174581, -1535177.294081954751164 ], [ -238822.438275205087848, -1533692.788765331031755 ], [ -242106.102179485809756, -1533257.053100699093193 ], [ -245351.960933617316186, -1533917.897374288877472 ], [ -251490.678138707095059, -1536279.40932098403573 ], [ -253431.441127404861618, -1535103.406811484834179 ], [ -256601.704395009292057, -1534399.186522236326709 ], [ -259830.454865274659824, -1534747.99277572450228 ], [ -262777.17251832166221, -1536113.038736464455724 ], [ -262808.237766530597582, -1536134.151036519790068 ], [ -264047.320272672921419, -1535912.284604619955644 ], [ -267041.976678745413665, -1532307.159127721562982 ], [ -269590.148469403909985, -1530121.456638327566907 ], [ -272718.087115699134301, -1528902.245962577173486 ], [ -273036.174523696186952, -1528891.314173493301496 ], [ -273851.123594146512914, -1528440.929836658062413 ], [ -274766.625766856537666, -1526754.629018785664812 ], [ -276282.268426259222906, -1524844.705966868903488 ], [ -274680.813934860518202, -1523139.18068444984965 ], [ -272998.081255621800665, -1520708.813364105066285 ], [ -272099.409340148733463, -1517892.670013720169663 ], [ -272063.60765628394438, -1514959.855976782506332 ], [ -270658.480190205504186, -1513839.075743310851976 ], [ -269825.781274791050237, -1512784.114626637427136 ], [ -269423.886139345297124, -1512993.276264024199918 ], [ -266239.956510025600437, -1513494.490504222689196 ], [ -263061.973439092747867, -1512956.859404022572562 ], [ -260220.085625827225158, -1511436.235434774775058 ], [ -258009.526098256057594, -1509090.590497001307085 ], [ -256659.941565131302923, -1506163.604814257472754 ], [ -256311.535283750097733, -1502959.351911920821294 ], [ -256322.391103603644297, -1502756.8447930670809 ], [ -255624.002111089823302, -1501883.574435295537114 ], [ -253858.087320076505421, -1498805.934181416640058 ], [ -252479.106503322313074, -1498399.589318015612662 ], [ -244840.899685517535545, -1494810.571973113808781 ], [ -242385.204172301833751, -1493175.932187165599316 ], [ -240513.30588403926231, -1490895.913660523248836 ], [ -237908.680553434271133, -1486544.586471515707672 ], [ -236851.507589586137328, -1484076.771271671401337 ], [ -236488.976818585739238, -1481416.64007638185285 ], [ -236484.147457887971541, -1475425.607739854604006 ], [ -237074.748426140635274, -1472031.801494417712092 ], [ -237879.249495004623896, -1470621.828086809255183 ], [ -235960.98897580706398, -1469588.711862525669858 ], [ -233554.700760545034427, -1467777.663868682691827 ], [ -231796.746556212427095, -1465332.318325332831591 ], [ -230705.000907183828531, -1463194.405227408278733 ], [ -229677.272659223090159, -1459796.056405870942399 ], [ -229901.687856070289854, -1456252.803961586905643 ], [ -230433.969802263774909, -1454093.751953008119017 ], [ -231667.52353293489432, -1451180.652358803665265 ], [ -232472.591975299146725, -1450259.483440608950332 ], [ -232450.626522159727756, -1450050.847666136920452 ], [ -229205.762807181512471, -1441939.713103558402508 ], [ -228434.138655680639204, -1442289.220529040787369 ], [ -226045.166279575380031, -1443028.074192131636664 ], [ -223547.57695166580379, -1443151.124175345059484 ], [ -217809.560361592681147, -1442713.435499150305986 ], [ -213825.277099154394818, -1441545.031243879115209 ], [ -207612.967952760925982, -1438196.424633773509413 ], [ -204748.267207938304637, -1435881.827399141155183 ], [ -203532.596202411630657, -1434456.014006951358169 ], [ -202077.985661020677071, -1434341.830712130758911 ], [ -198899.525091001851251, -1432884.938924248330295 ], [ -196416.900117969809799, -1430422.883173449430615 ], [ -195243.169565613468876, -1428757.164334419881925 ], [ -194495.967245732521405, -1429398.390947811538354 ], [ -187643.065941007429501, -1433668.278808076865971 ], [ -184843.143548292893684, -1434866.434664730681106 ], [ -181812.425197514618048, -1435166.249841654673219 ], [ -178832.014345453935675, -1434539.916052867192775 ], [ -176178.34835651575122, -1433045.526652071159333 ], [ -174097.558542255923385, -1430821.688391106436029 ], [ -172782.641130606236402, -1428074.665445698425174 ], [ -172355.556590015243273, -1425059.248118486953899 ], [ -172855.917621764529031, -1422055.12067445856519 ], [ -174237.315025333315134, -1419340.920225804904476 ], [ -175193.495501531899208, -1418367.616864697542042 ], [ -174694.272652112063952, -1417282.55193526414223 ], [ -174287.805319828272332, -1414419.719778278842568 ], [ -174717.433504180953605, -1411560.27170662372373 ], [ -176342.39026284017018, -1406197.608842251356691 ], [ -177514.411858028703136, -1403668.987500866409391 ], [ -179338.774025851773331, -1401562.031595226610079 ], [ -181673.768331044237129, -1400040.40020017256029 ], [ -186405.391513317910722, -1397825.909433599328622 ], [ -194125.238976039981935, -1387707.073454899247736 ], [ -195460.741485641920008, -1386453.995250507490709 ], [ -195444.50863707344979, -1386355.54916157736443 ], [ -195713.746498760767281, -1383723.488634817069396 ], [ -196429.030470578552922, -1381864.419747074134648 ], [ -195636.872230827168096, -1378677.187388094142079 ], [ -194147.866906723764259, -1378778.098513003904372 ], [ -190986.553931307949824, -1378487.263159491820261 ], [ -188075.706995110900607, -1377220.197634186362848 ], [ -177948.23015007012873, -1370729.342946715885773 ], [ -175189.174418485054048, -1368097.617987524950877 ], [ -173615.730816224531736, -1364624.486832309979945 ], [ -171416.955183274869341, -1355381.837814528262243 ], [ -171162.120360726607032, -1352490.43001314997673 ], [ -171253.232989299838664, -1350914.123981376411393 ], [ -168742.873826822265983, -1352470.862193474546075 ], [ -165684.644004733971087, -1353216.027733761817217 ], [ -162546.286659175064415, -1352973.634460921399295 ], [ -162163.265725334029412, -1352814.77185644255951 ], [ -159530.161603067012038, -1354082.865711445687339 ], [ -159266.945031507260865, -1354114.547404597513378 ], [ -158978.76896425781888, -1354602.434121371945366 ], [ -156532.813045102811884, -1356715.85995027422905 ], [ -153540.459885180200217, -1357938.599357924656942 ], [ -150314.388518374762498, -1358142.885013315128163 ], [ -147191.699822927213972, -1357307.370558596216142 ], [ -145127.577353828761261, -1355936.906539989635348 ], [ -142853.810503768210765, -1355608.339998744893819 ], [ -140068.588102458656067, -1354246.384464475791901 ], [ -135839.143101006367942, -1351287.507915365509689 ], [ -133481.578451986744767, -1348971.789894889108837 ], [ -132007.487857633910608, -1346014.135766308987513 ], [ -131577.851754953619093, -1342737.540911289630458 ], [ -131611.678562359098578, -1341788.136304342187941 ], [ -131952.784192133985925, -1340163.60805163346231 ], [ -131755.212539071741048, -1340110.653594760922715 ], [ -130236.629432850124431, -1342227.94976712577045 ], [ -127957.479362168276566, -1343994.096444437745959 ], [ -125269.146540156536503, -1345036.529065072536469 ], [ -123315.961689825940994, -1345484.057090507587418 ], [ -120253.85786619236751, -1345702.253535120282322 ], [ -117269.852092557324795, -1344981.282621653052047 ], [ -117176.448192320152884, -1344924.621860329527408 ], [ -115153.761018027827959, -1345229.33850694517605 ], [ -111956.39375044265762, -1344658.360660864738747 ], [ -109110.663304775458528, -1343092.796425471547991 ], [ -106916.770712966506835, -1340697.799882646184415 ], [ -105606.153503130975878, -1337726.023364496883005 ], [ -105317.07095399654645, -1334490.964721392374486 ], [ -106080.018884202043409, -1331333.895890920888633 ], [ -106387.830454111142899, -1330606.3339610141702 ], [ -106205.615490734286141, -1330461.793279126984999 ], [ -104541.516630082056508, -1328069.149689166573808 ], [ -103637.9702098340058, -1325298.306454146048054 ], [ -103571.723177103573107, -1322384.618121935985982 ], [ -103737.287621190436766, -1321050.949536376167089 ], [ -104747.953005301096709, -1317749.083273359807208 ], [ -106821.40239210400614, -1314987.820341683225706 ], [ -108498.849562428484205, -1313889.604568949900568 ], [ -105802.974660606734687, -1314091.277271819999442 ], [ -103028.501992936464376, -1313500.010342750232667 ], [ -100531.697700904303929, -1312153.435616880655289 ], [ -98513.486995584025863, -1310159.915937019977719 ], [ -97136.281249485618901, -1307679.875715980306268 ], [ -96584.498820425462327, -1306234.131749504711479 ], [ -95933.962553412333364, -1303036.774518120568246 ], [ -96131.629560991816106, -1301489.09648354863748 ], [ -96118.231411621483858, -1298504.124151861760765 ], [ -96995.327856127958512, -1295634.939342277124524 ], [ -97831.627228785931948, -1294406.829055747017264 ], [ -96111.504484544493607, -1294295.21250697504729 ], [ -94431.963504156141425, -1296373.330848878482357 ], [ -91871.017524006427266, -1298619.138092898298055 ], [ -88704.845400166057516, -1299875.103288575541228 ], [ -85300.789414176033461, -1299995.508167139720172 ], [ -81452.702571170477313, -1299469.751852781046182 ], [ -78690.810404508156353, -1298675.629875137936324 ], [ -77413.912637414425262, -1297860.142026596935466 ], [ -76902.833038901735563, -1298385.053499616682529 ], [ -73575.873977788462071, -1300643.22865701536648 ], [ -65193.105381635898084, -1304127.233963282778859 ], [ -61555.566915257142682, -1304891.013996064662933 ], [ -37596.887028768593154, -1305371.098504829453304 ], [ -36098.198444352354272, -1305288.461829697480425 ], [ -26322.651696183533204, -1304008.420343762496486 ], [ -23685.989618549196166, -1303286.30561765213497 ], [ -15059.844548587925601, -1299594.030959363328293 ], [ -14169.620220542601601, -1300588.772233456140384 ], [ -11854.383874804656443, -1302500.044448402011767 ], [ -9076.184004554599596, -1303637.975156834116206 ], [ 4789.363441018416779, -1307002.733305966714397 ], [ 7572.806723437355686, -1307275.737126470776275 ], [ 10322.991773118115816, -1306767.23955030599609 ], [ 12824.796706520130101, -1305517.015703285811469 ], [ 21763.515144091175898, -1299352.632227094843984 ], [ 23757.20483993900416, -1301338.793957273941487 ], [ 26421.136000301972672, -1302731.615653644548729 ], [ 29378.640459624770301, -1303269.806027136044577 ], [ 31260.029179195254983, -1303039.615829641930759 ], [ 31176.75691699138406, -1305784.428199225338176 ], [ 32010.110461011798179, -1308723.103350769961253 ], [ 34342.17695530691708, -1313812.699341809842736 ], [ 36170.981609858805314, -1316521.658894651569426 ], [ 38775.616223836077552, -1318496.213743500877172 ], [ 41877.827985559226363, -1319525.422424415359274 ], [ 45146.207974754877796, -1319499.334694188786671 ], [ 48231.59553881152533, -1318420.737501995405182 ], [ 50804.379084528030944, -1316404.857259934069589 ], [ 52589.708446128039213, -1313667.05021887877956 ], [ 53396.857096376828849, -1310499.79598534386605 ], [ 53213.283595142791455, -1308174.730222249869257 ], [ 56422.452369924438244, -1305013.288349422859028 ], [ 58313.94035154888843, -1302430.687058070674539 ], [ 59292.434167187391722, -1299382.719527489040047 ], [ 59257.662113024773134, -1296181.727943780366331 ], [ 58213.187474858306814, -1293155.735718914307654 ], [ 56257.337229347926041, -1289516.230287689715624 ], [ 56211.683328914950835, -1288719.726693827426061 ], [ 58127.398436676827259, -1288220.145909855375066 ], [ 61769.762065967508534, -1286416.705264081247151 ], [ 62107.535277314193081, -1286152.174798277206719 ], [ 64418.4571688865326, -1287294.532121668336913 ], [ 75196.343395872638212, -1290334.508561908034608 ], [ 79025.665464983758284, -1290647.707009830279276 ], [ 80232.475197232735809, -1290512.343869406497106 ], [ 80598.194090098215383, -1290846.756241052877158 ], [ 83118.274753523495747, -1292529.080508114770055 ], [ 86026.534505042087403, -1293379.402039896929637 ], [ 89055.965391890378669, -1293319.652633834630251 ], [ 91928.434713330760133, -1292355.317895738407969 ], [ 94380.220443676313153, -1290574.933605145663023 ], [ 96186.22360814223066, -1288141.957226375350729 ], [ 97180.634668093975051, -1285279.760843602009118 ], [ 97272.156530421256321, -1282251.123321805847809 ], [ 96452.386553276039194, -1279334.104522708570585 ], [ 94796.587994426183286, -1276796.516569114523008 ], [ 91187.04290973355819, -1272764.94728622562252 ], [ 89112.000578112143558, -1271002.805996881565079 ], [ 86638.604443937845645, -1269865.592663736082613 ], [ 83950.156475025360123, -1269437.585514166858047 ], [ 82982.076265199561021, -1269416.925182927167043 ], [ 80499.61306091552251, -1267442.839589755283669 ], [ 78841.991691135757719, -1266621.403788350988179 ], [ 80207.911109668712015, -1259996.497702021384612 ], [ 80752.293924142373726, -1259669.85134104732424 ], [ 83160.620877629160532, -1257648.279591798782349 ], [ 84822.151283235856681, -1254978.802533741574734 ], [ 85572.61310149046767, -1251925.345785792917013 ], [ 85337.809740495256847, -1248789.798236493719742 ], [ 84140.955717935488792, -1245882.164920387323946 ], [ 82100.381490222076536, -1243489.917468002298847 ], [ 80364.335534878904582, -1242428.346388723934069 ], [ 79659.334391674143262, -1240933.551840185187757 ], [ 80736.805857640021713, -1239634.270571252331138 ], [ 81096.426144833705621, -1238759.096747081726789 ], [ 81270.655034764000447, -1238747.332189983455464 ], [ 84386.781663559027947, -1238024.08874762407504 ], [ 87115.082803171986598, -1236353.84950272901915 ], [ 89176.362497078385786, -1233907.53548627672717 ], [ 90359.683269407672924, -1230935.485992514062673 ], [ 90543.952045019104844, -1227741.840542258927599 ], [ 89710.311998939272598, -1224653.415293499594554 ], [ 87944.072236780833919, -1221986.258877731859684 ], [ 86605.65038215459208, -1220937.59376637567766 ], [ 87600.413186336576473, -1220453.188043432543054 ], [ 89901.461221296267468, -1218188.507624142570421 ], [ 93427.913315668847645, -1213364.320054250536487 ], [ 94915.649310018576216, -1212841.913846426876262 ], [ 96191.255471917946124, -1211839.157084807520732 ], [ 96660.966169723760686, -1212000.566085335798562 ], [ 99757.644559307140298, -1212542.192824264755473 ], [ 102869.458025884683593, -1212095.657806531293318 ], [ 104901.837476268658065, -1211093.265733244596049 ], [ 105301.274763041074038, -1211253.946658589178696 ], [ 107847.931379079978797, -1215877.996761773247272 ], [ 109480.371533650424681, -1218032.16661363770254 ], [ 109485.321775022326619, -1218357.38378375954926 ], [ 110549.524832255614456, -1221387.39094838895835 ], [ 119531.905528865914675, -1237867.363784795626998 ], [ 121117.853170243950444, -1240027.026850022608414 ], [ 123220.321430759198847, -1241688.051139436895028 ], [ 125688.36624073976418, -1242731.185499155661091 ], [ 136391.183881513250526, -1245641.580794745823368 ], [ 138583.098037673800718, -1245925.406569588696584 ], [ 138756.730293817468919, -1246231.338897556997836 ], [ 141412.42691044183448, -1248487.804770472692326 ], [ 144681.186089491908206, -1249695.933979025809094 ], [ 150574.234408553136745, -1250761.527390627190471 ], [ 153550.266342273360351, -1250849.24902601656504 ], [ 153692.077382902847603, -1250810.096958310576156 ], [ 154019.575213659496512, -1250953.65190514549613 ], [ 155385.343688678054605, -1251126.932723075384274 ], [ 156770.207367201364832, -1252326.992355949711055 ], [ 158800.634442927432247, -1253130.884431904181838 ], [ 158798.771870769240195, -1253342.132616434479132 ], [ 159649.475371589913266, -1256193.982286576880142 ], [ 161301.776326622493798, -1258669.188245966564864 ], [ 163609.334686901449459, -1260548.527864371659234 ], [ 166367.775939172570361, -1261665.552861929638311 ], [ 169332.792031263757963, -1261921.331205501686782 ], [ 172241.779108363465639, -1261293.209264580160379 ], [ 174837.095661516301334, -1259836.818185119889677 ], [ 176832.532434494787594, -1257740.348567588953301 ], [ 179086.500348156288965, -1257957.79111513402313 ], [ 182036.0229440635012, -1257744.693440553732216 ], [ 185827.306427325063851, -1256694.976366315968335 ], [ 189549.296837038040394, -1254813.234639820642769 ], [ 191904.51710546106915, -1253158.256779498886317 ], [ 192824.578378333360888, -1251995.534560294589028 ], [ 193405.429494558571605, -1251968.724478393327445 ], [ 193563.506910043099197, -1252539.608115014387295 ], [ 195276.680240149900783, -1256431.788488664897159 ], [ 197282.080538380745566, -1259397.281636853003874 ], [ 200203.452534356940305, -1261466.427747986745089 ], [ 200458.297724693082273, -1261533.221452942816541 ], [ 200517.876048199424986, -1261628.483207379002124 ], [ 202386.940441971644759, -1263830.401366348611191 ], [ 204807.344849396526115, -1265406.309926952701062 ], [ 207577.182879490224877, -1266224.749035203130916 ], [ 208634.783398161351215, -1266222.074740694370121 ], [ 209382.321156868158141, -1266658.840583467390388 ], [ 212710.04195975017501, -1267293.201838797423989 ], [ 216058.609700748958858, -1266780.138462458970025 ], [ 222300.023560327565065, -1264696.277809381484985 ], [ 224077.106465705408482, -1266815.189962964970618 ], [ 226754.194600713119144, -1268479.976410841569304 ], [ 229816.518626487377333, -1269228.632781146559864 ], [ 230119.414642494200962, -1269205.324255913496017 ], [ 230328.036228704295354, -1269746.061475385678932 ], [ 231692.683235886419425, -1271334.391160516766831 ], [ 230916.671887113829143, -1272959.027634950587526 ], [ 230016.825806473061675, -1276033.140202035661787 ], [ 230135.10201949859038, -1279234.062222545966506 ], [ 231259.365515603101812, -1282233.382584775099531 ], [ 233420.068188908539014, -1286011.70173251000233 ], [ 235290.247290555969812, -1288369.702783776214346 ], [ 237777.313278893940151, -1290064.471676476532593 ], [ 240655.994212168792728, -1290942.500670537585393 ], [ 243665.546689695096575, -1290924.260192825458944 ], [ 246533.373308106354671, -1290011.40241817291826 ], [ 248999.71382220936357, -1288286.611619697418064 ], [ 250841.173549577855738, -1285906.114843288902193 ], [ 251890.957877446984639, -1283085.531269811093807 ], [ 252572.043413132021669, -1279813.905076436232775 ], [ 254157.374936406296911, -1279423.633925015339628 ], [ 254886.942722540756222, -1278957.698673741426319 ], [ 257081.444497807417065, -1280319.876208683475852 ], [ 264999.531619177374523, -1283322.799012582749128 ], [ 267494.847880470566452, -1283917.278165174880996 ], [ 275921.629106816544663, -1284807.625928668072447 ], [ 278714.316047688480467, -1284710.088725276989862 ], [ 280840.103078284359071, -1284334.034261348890141 ], [ 282651.394648026092909, -1286072.527446913300082 ], [ 285250.884951944928616, -1287399.488183787791058 ], [ 288122.800389069248922, -1287919.369284984422848 ], [ 291022.506187027145643, -1287587.886370396474376 ], [ 293703.000341978506185, -1286433.275733581511304 ], [ 295935.953680659877136, -1284553.889124965295196 ], [ 297097.10465371189639, -1283242.504329496296123 ], [ 298810.705644381348975, -1280531.302329833386466 ], [ 299421.728295402834192, -1278050.824157005641609 ], [ 299965.114156722731423, -1277742.896885375957936 ], [ 301346.991944596578833, -1276720.01973107131198 ], [ 301364.476967245689593, -1276763.61021302267909 ], [ 302912.391539001837373, -1279380.824846963630989 ], [ 305175.312153088219929, -1281411.844850782537833 ], [ 305567.816996918467339, -1281590.049181296024472 ], [ 305737.430578459810931, -1282994.55915848328732 ], [ 307240.817276645451784, -1286026.876871851505712 ], [ 308718.269658116740175, -1288051.889801937621087 ], [ 311214.428221363457851, -1290454.775229156948626 ], [ 314380.716567192983348, -1291861.645536000141874 ], [ 323768.712649343302473, -1294198.98294551554136 ], [ 330842.902545638615265, -1303041.024685859913006 ], [ 332922.133290572499391, -1304989.875180958071724 ], [ 335466.646329986630008, -1306273.102415384491906 ], [ 338269.796194008085877, -1306786.492698462912813 ], [ 341103.932950487651397, -1306488.35248229955323 ], [ 344938.922114174405579, -1305518.158045339630917 ], [ 345218.936846619646531, -1305792.067572454921901 ], [ 353361.892733194457833, -1311042.389847840648144 ], [ 356079.824596832389943, -1312266.241220869356766 ], [ 359037.73994267208036, -1312634.619566444540396 ], [ 361972.829003882943653, -1312114.794594551902264 ], [ 364624.310121216636617, -1310752.952576156938449 ], [ 366756.600104240584187, -1308670.092708825832233 ], [ 367737.965042014315259, -1306864.857964515220374 ], [ 368645.290493271546438, -1306084.643933122511953 ], [ 368670.120119539322332, -1306044.9479465468321 ], [ 371194.898555445019156, -1305864.607622648123652 ], [ 373843.219245788408443, -1305308.359307900071144 ], [ 376245.428990170708857, -1304062.404649593867362 ], [ 378225.613616689341143, -1302217.985090095549822 ], [ 380559.612467590719461, -1299361.999347100267187 ], [ 381792.919613655889407, -1299377.69247428025119 ], [ 385185.852797114348505, -1298137.130282919155434 ], [ 387916.584799350763205, -1295771.946808004518971 ], [ 387937.174227720941417, -1295746.243786363163963 ], [ 388482.457783703517634, -1295567.69342525023967 ], [ 390545.845929914154112, -1295910.812263540690765 ], [ 393401.722305825096555, -1295972.121370555832982 ], [ 395572.609327157319058, -1295382.585996221052483 ], [ 397218.434363404347096, -1298373.125526411226019 ], [ 401160.297873115516268, -1303077.715257465606555 ], [ 401098.550320865411777, -1303345.190807848470286 ], [ 401383.870971461874433, -1306491.998870653798804 ], [ 402636.763784927723464, -1309392.700243728933856 ], [ 404732.142337573459372, -1311757.69444645056501 ], [ 407460.808039855677634, -1313350.864978120895103 ], [ 410550.336123690358363, -1314013.152738079195842 ], [ 413692.27401057962561, -1313678.436182283097878 ], [ 416572.936627465765923, -1312380.132771878270432 ], [ 418904.724124841042794, -1310247.862637753831223 ], [ 419378.676143752236385, -1309651.362797553883865 ], [ 422039.10687654040521, -1308845.711967678042129 ], [ 424515.271738672745414, -1307173.536796767963096 ], [ 426386.883415450749453, -1304844.45286568813026 ], [ 427486.8526097885333, -1302066.390591696603224 ], [ 427619.392547408700921, -1301492.714250756893307 ], [ 431506.215089228760917, -1306503.649236938683316 ], [ 430652.143552866531536, -1308443.110071170842275 ], [ 429539.345211584120989, -1312202.093480658251792 ], [ 429128.959983224514872, -1314902.3613146613352 ], [ 429464.489619471831247, -1317612.948386534815654 ], [ 429735.257117033179384, -1318630.173900672467425 ], [ 430958.491194778704084, -1321420.908884012140334 ], [ 432965.36330401460873, -1323713.716702684527263 ], [ 433488.294904326146934, -1324031.39047120208852 ], [ 433758.47612162824953, -1324672.159782528877258 ], [ 434426.730871000385378, -1325426.851278780726716 ], [ 434587.690678898070473, -1327275.02615006105043 ], [ 435817.386753468599636, -1330165.222970084287226 ], [ 437882.949410823057406, -1332531.409987804712728 ], [ 440580.602837171696592, -1334140.15362356393598 ], [ 443644.212998613191303, -1334832.74504207726568 ], [ 446771.542801753268577, -1334540.85739814885892 ], [ 449227.789585994498339, -1333477.78226121282205 ], [ 451180.910434743622318, -1332819.052285636775196 ], [ 453589.59458991169231, -1331088.652154346229509 ], [ 453599.77458064223174, -1331075.265152228763327 ], [ 455545.321395776991267, -1330794.100710631115362 ], [ 455716.810865919105709, -1330743.24972204817459 ], [ 457023.864628068811726, -1331440.64553410676308 ], [ 460056.138562575622927, -1331994.491170894820243 ], [ 461078.203393124858849, -1332020.989142447477207 ], [ 461793.622621170477942, -1332609.378914256347343 ], [ 464673.709445477928966, -1333750.488839509431273 ], [ 467764.833664076169953, -1333955.386477993335575 ], [ 470770.339097255724482, -1333204.407737822039053 ], [ 473401.786427521961741, -1331569.624288830673322 ], [ 482967.180454602814279, -1323324.266997095197439 ], [ 484767.400283632101491, -1321283.671666231239215 ], [ 485950.849582085502334, -1318833.310775430640206 ], [ 486429.896050897194073, -1316154.629156071459875 ], [ 486454.325935294968076, -1315551.506757726892829 ], [ 487974.317662482499145, -1313552.216115839313716 ], [ 489341.387933724385221, -1311104.832268671132624 ], [ 489542.005539324774873, -1310240.828780687879771 ], [ 490068.177765264001209, -1309750.269275334198028 ], [ 491471.153040634468198, -1307178.6309965767432 ], [ 491593.228038978471886, -1307107.367762730456889 ], [ 493736.221644248347729, -1304631.615787906805053 ], [ 494964.607281263568439, -1301596.350040093995631 ], [ 495146.680274274433032, -1298327.004714453592896 ], [ 494262.919176770490594, -1295174.111478771548718 ], [ 492408.078815965214744, -1292475.716276248684153 ], [ 491355.329195055237506, -1291692.447393049951643 ], [ 490186.657873794145416, -1289464.257313873386011 ], [ 487450.478055391577072, -1287058.007064658682793 ], [ 487325.010387987829745, -1286983.118590767728165 ], [ 489211.297293132229242, -1285466.357732372824103 ], [ 490028.894429386535194, -1284242.179403758142143 ], [ 490926.883446745574474, -1283616.09331154031679 ], [ 491430.16429727972718, -1284295.842631980543956 ], [ 494129.792787907412276, -1286158.620724262204021 ], [ 497286.915090731694363, -1287047.729814026970416 ], [ 497866.587546800088603, -1287015.832592501305044 ], [ 498159.402638275991194, -1287558.115531887393445 ], [ 498102.540876499318983, -1287803.375260271364823 ], [ 497877.826998550328426, -1290881.833632607245818 ], [ 498602.645360457652714, -1293882.173716562800109 ], [ 500982.473223687207792, -1299639.145863148383796 ], [ 502406.378895547182765, -1302054.661324534798041 ], [ 504444.92203550064005, -1303979.905250145122409 ], [ 505341.384270588227082, -1304614.715946782147512 ], [ 505649.512599003850482, -1306261.74689283920452 ], [ 507055.415145299222786, -1308918.709116128040478 ], [ 509187.407997309055645, -1311037.816641630837694 ], [ 511852.844062915362883, -1312427.58669665036723 ], [ 518264.074975442315917, -1314621.820836565224454 ], [ 521414.40093488630373, -1315160.210965668782592 ], [ 524573.691473853075877, -1314677.198675703024492 ], [ 527412.031625728588551, -1313225.808644653530791 ], [ 529074.148718978976831, -1312868.862376081757247 ], [ 530054.969397150445729, -1312273.27807776723057 ], [ 529686.426229123142548, -1313352.829361022915691 ], [ 526781.445921860518865, -1313969.837309563765302 ], [ 519135.155546043242794, -1316942.06645687087439 ], [ 516390.137242599215824, -1318552.431255237199366 ], [ 514290.103014476771932, -1320943.718881344422698 ], [ 513047.752734108362347, -1323873.730152812320739 ], [ 512788.916610646061599, -1327045.701800108654425 ], [ 513190.574848164862487, -1328699.987487082136795 ], [ 512800.234482293657493, -1330005.75193188036792 ], [ 512871.859583915094845, -1333126.402171353111044 ], [ 512931.772581734869163, -1333297.746070266701281 ], [ 511136.968465614540037, -1335278.551677855663002 ], [ 509287.9956300148624, -1338216.427562326192856 ], [ 508533.613753229670692, -1340065.958970100618899 ], [ 507937.381799313472584, -1340205.447411371860653 ], [ 505364.651890053413808, -1341709.137597854947671 ], [ 502911.928069271147251, -1343686.393080970272422 ], [ 499971.490354636858683, -1343921.326448038686067 ], [ 496956.046814728761092, -1345232.024382261093706 ], [ 495018.511473739577923, -1346488.115571794332936 ], [ 492461.653070308733732, -1346768.486370665254071 ], [ 489841.612787879013922, -1347857.46900684107095 ], [ 487743.284671957371756, -1349104.624318118672818 ], [ 485383.502184937242419, -1351051.546130801551044 ], [ 483722.751595774432644, -1353620.784424798795953 ], [ 482916.463846344151534, -1356571.882185949012637 ], [ 483040.100035461655352, -1359628.643874973524362 ], [ 484082.088955836719833, -1362504.984783239196986 ], [ 484645.608290048025083, -1363239.088709731120616 ], [ 484632.14240865490865, -1366248.649102990282699 ], [ 485800.802348355064169, -1369511.857260116375983 ], [ 486523.436033507576212, -1370383.371159660629928 ], [ 484847.463267553190235, -1371243.074009861098602 ], [ 482555.353471110633109, -1373635.556934449356049 ], [ 481623.334830101230182, -1375661.816843785345554 ], [ 479365.344787356443703, -1374801.069792675087228 ], [ 476288.861752485856414, -1374632.149075727909803 ], [ 473306.983197437366471, -1375407.830940542276949 ], [ 470702.787264499755111, -1377054.477719706250355 ], [ 468723.497619306494016, -1379415.768589737126604 ], [ 465694.309204720542766, -1384435.629913863260299 ], [ 463787.880618911818601, -1385024.618945443769917 ], [ 462656.548907418211456, -1385851.758984591113403 ], [ 462592.332311063772067, -1385858.974979087011889 ], [ 461823.365976460743695, -1385157.465513284085318 ], [ 458989.733189770660829, -1383868.268129832111299 ], [ 455896.960678421135526, -1383512.933278818614781 ], [ 452844.784634575014934, -1384125.898253899533302 ], [ 450129.006841853901278, -1385647.757525930646807 ], [ 444726.978661258995999, -1389901.804595136316493 ], [ 442546.590882259362843, -1392281.937766334740445 ], [ 442072.579537185898516, -1393350.771273561054841 ], [ 439530.58251456375001, -1392997.010701918974519 ], [ 436256.672351204964798, -1393650.957631680183113 ], [ 433380.481641048623715, -1395346.145333233987913 ], [ 430878.858509232813958, -1397454.487186456564814 ], [ 430417.433818653225899, -1397994.496534386416897 ], [ 429292.756711085443385, -1398422.586951286764815 ], [ 426014.632871816633269, -1400252.057473668362945 ], [ 424084.298938596679363, -1401655.485595047241077 ], [ 422541.486131652374752, -1403476.344795629614964 ], [ 419161.794494621455669, -1408597.794870814774185 ], [ 417803.21313018881483, -1411694.774486485635862 ], [ 416610.287506794207729, -1416496.841828367207199 ], [ 416323.106704572041053, -1419302.522766628535464 ], [ 416657.485325548739638, -1421129.952379321912304 ], [ 416053.170718554407358, -1421616.163620275910944 ], [ 414296.101365102396812, -1424405.870836514048278 ], [ 413541.691185078991111, -1427615.32941163959913 ], [ 413021.153252787713427, -1435579.782202958595008 ], [ 413033.146351829112973, -1435669.133316533872858 ], [ 411973.013767584692687, -1437393.515816061291844 ], [ 410978.677186226297636, -1439912.142013284843415 ], [ 410322.464372128306422, -1442664.21582813328132 ], [ 410463.30906301405048, -1445489.934907024726272 ], [ 411389.937309630273376, -1448163.113844607258216 ], [ 413028.176917317963671, -1450469.77735009836033 ], [ 414941.969587295141537, -1452485.397045469610021 ], [ 415531.35447420203127, -1454539.922205872135237 ], [ 415344.167631630902179, -1455587.146806214703247 ], [ 415295.876312858541496, -1458810.611193471821025 ], [ 416275.69404161471175, -1461881.932069869711995 ], [ 418181.787825317238458, -1464481.905376485548913 ], [ 421694.403956000867765, -1467931.098424781113863 ], [ 423802.213871329789981, -1469513.948200477520004 ], [ 426250.388473755330779, -1470491.044494411442429 ], [ 427419.676805760071147, -1470626.553865037159994 ], [ 426956.563659839972388, -1472469.873236080864444 ], [ 426882.814834432676435, -1473291.330988115398213 ], [ 420028.065670771116856, -1480974.805939622223377 ], [ 418533.304841856355779, -1483184.978795120026916 ], [ 417676.193388742743991, -1485711.742326552513987 ], [ 417517.750567038543522, -1488375.211841881740838 ], [ 417734.12836225295905, -1491278.520228693028912 ], [ 414499.189780933025759, -1502340.204963713884354 ], [ 412516.166300926066469, -1503800.220751530257985 ], [ 412162.515512273530476, -1503835.223223270149902 ], [ 408607.548397690581623, -1504876.533168086316437 ], [ 405675.551893798285164, -1507140.492992840707302 ], [ 403845.080266479693819, -1509198.403984623961151 ], [ 403821.409630336507689, -1509202.53723371704109 ], [ 400991.264339060231578, -1510148.70819321507588 ], [ 398566.318762929819059, -1511887.846142641967162 ], [ 396762.513380487915128, -1514265.081511006690562 ], [ 395740.476372967415955, -1517068.722395569086075 ], [ 395620.036608389695175, -1519473.685339391231537 ], [ 392536.404061481414828, -1524182.902590087382123 ], [ 391781.686562386224978, -1524266.502455450128764 ], [ 388962.680332296469714, -1525526.542538214242086 ], [ 386662.473065192229114, -1527586.528864338528365 ], [ 385100.377957065182272, -1530250.052096567349508 ], [ 383010.517464532400481, -1535552.967263791942969 ], [ 382884.099829364509787, -1535616.147035349858925 ], [ 380817.664869074011222, -1537524.674589026952162 ], [ 379364.505459121835884, -1539933.192514540860429 ], [ 379189.568322543054819, -1540589.099016627063975 ], [ 379084.040966177708469, -1540664.17603380093351 ], [ 376830.150894630467519, -1542880.968093938194215 ], [ 375380.886880355305038, -1545690.56260372675024 ], [ 373345.356615895929281, -1551884.896681398851797 ], [ 371841.922622431826312, -1552501.991728324443102 ], [ 369518.176472165272571, -1554430.01094731525518 ], [ 368955.742046410276089, -1555062.736628556391224 ], [ 367961.53628691699123, -1554876.052249295404181 ], [ 365577.842937798297498, -1555193.272964257048443 ], [ 362770.116608760901727, -1554462.715242491336539 ], [ 359529.006812716135755, -1554695.974349364172667 ], [ 356533.804924909374677, -1555956.120440988335758 ], [ 354100.780378585739527, -1558110.092139489250258 ], [ 352486.841162976052146, -1560930.447210978250951 ], [ 351862.406388421775773, -1564119.378651646664366 ], [ 352293.411387379281223, -1567340.160732419928536 ], [ 353734.345469133229926, -1570252.704550630645826 ], [ 356033.057485797791742, -1572549.468706001993269 ], [ 358906.24334825691767, -1574608.376136047998443 ], [ 360372.616413431998808, -1583356.215048630256206 ], [ 361424.438701641396619, -1586433.09984282660298 ], [ 367537.464834353362676, -1597819.629116676049307 ], [ 370354.954958589980379, -1601094.721190742915496 ], [ 382185.504846785392147, -1609951.675151953473687 ], [ 384396.54415390372742, -1611203.714634165167809 ], [ 386851.763707158155739, -1611858.080455366522074 ], [ 389295.752362089755479, -1612185.248341978061944 ], [ 389954.730697226827033, -1613927.705857223598287 ], [ 392003.151292971102521, -1616385.749190239934251 ], [ 392257.085908775159623, -1617167.107521419646218 ], [ 394145.742580171732698, -1619734.234538024989888 ], [ 396746.179126950388309, -1621576.758597019594163 ], [ 399794.264914647210389, -1622507.531486953841522 ], [ 402980.400836142129265, -1622432.013068302534521 ], [ 405389.091843134490773, -1621569.752310427371413 ], [ 412719.293091988016386, -1626254.787665236275643 ], [ 417410.429068441153504, -1631919.156533735571429 ], [ 419246.807096407399513, -1633640.021099566249177 ], [ 425071.327295677154325, -1637858.004742908291519 ], [ 425612.377845992916264, -1638223.502433116314933 ], [ 445505.512016561406199, -1650736.085978905903175 ], [ 448080.146528197743464, -1651885.868185804691166 ], [ 450092.855023342010099, -1652163.539538082433864 ], [ 453727.372817724302877, -1664908.713476089993492 ], [ 454818.780669192667119, -1667393.275260492693633 ], [ 456538.004166986909695, -1669492.915449523599818 ], [ 461724.477998705988284, -1674310.882326912833378 ], [ 463716.11088189505972, -1675749.136706280522048 ], [ 465998.299001248844434, -1676658.419164623599499 ], [ 472239.225151829887182, -1678291.968055909965187 ], [ 479634.932000586588401, -1685633.691386608174071 ], [ 481642.347748801345006, -1687070.645639972295612 ], [ 483129.293982175702695, -1688964.422523820772767 ], [ 485476.972269392048474, -1690627.844027397222817 ], [ 491675.114877142594196, -1693792.450340592069551 ], [ 492466.729651525791269, -1695728.758475437294692 ], [ 494320.237881872337312, -1698007.35338116530329 ], [ 495303.229809739743359, -1698669.971768680727109 ], [ 495313.914836069277953, -1701693.676042838254943 ], [ 496248.622144436929375, -1704605.797626628773287 ], [ 497836.890985041332897, -1707778.676804440328851 ], [ 499840.67652059829561, -1710503.686507405946031 ], [ 502638.275567212200258, -1712404.81089264457114 ], [ 505909.619452077487949, -1713264.545468382071704 ], [ 508315.782432748877909, -1713474.551930684130639 ], [ 511135.510184367187321, -1713320.406670528929681 ], [ 513799.713009892904665, -1712384.111493282252923 ], [ 515747.433507817215286, -1710989.808956087101251 ], [ 515965.091097020427696, -1710987.933648742735386 ], [ 518380.405392651387956, -1710574.491246650228277 ], [ 528091.358708401094191, -1714365.020306191639975 ], [ 531618.061484419042245, -1715048.933757828781381 ], [ 535158.890729142120108, -1714442.387519346550107 ], [ 538256.889324648422189, -1712623.658627525670454 ], [ 538952.838841579272412, -1712023.707004168303683 ], [ 540458.252635787939653, -1713465.316592483548447 ], [ 543254.059003660921007, -1715354.440007614670321 ], [ 558121.209671944379807, -1722077.8358559620101 ], [ 562296.480494815972634, -1728567.000109696760774 ], [ 565498.309356397599913, -1731692.976177829317749 ], [ 576224.201721472782083, -1738236.119743451708928 ], [ 578653.435720075620338, -1739305.43441771552898 ], [ 581278.408523201360367, -1739698.027687416179106 ], [ 582652.716240254696459, -1739535.462435900466517 ], [ 585902.054685627110302, -1740706.151043210178614 ], [ 585909.226620593224652, -1740729.020854179281741 ], [ 587869.710574358468875, -1743386.329096987145022 ], [ 590588.764096013270319, -1745260.237412951886654 ], [ 593769.880260477541015, -1746146.400139796780422 ], [ 597066.165207540034316, -1745948.183142458321527 ], [ 599162.62284985370934, -1745081.999116251943633 ], [ 604702.93131599703338, -1748110.876064396696165 ], [ 606935.21625316562131, -1748979.424049493158236 ], [ 607010.056575564434752, -1749233.549212454585359 ], [ 608407.464184599346481, -1752138.92977655841969 ], [ 610656.684706301544793, -1754448.689784181304276 ], [ 612105.721738806692883, -1755193.644894437631592 ], [ 620715.582126129418612, -1768686.860552775440738 ], [ 622178.056132588302717, -1770480.854419303359464 ], [ 651765.561534486711025, -1799220.542420686688274 ], [ 654203.518298634095117, -1800962.762377279112116 ], [ 671735.133265007287264, -1809870.031769546214491 ], [ 674771.039735549828038, -1810842.535655809333548 ], [ 677958.742001191014424, -1810810.191068856976926 ], [ 678531.357014309498481, -1810613.865191069897264 ], [ 681595.404572982457466, -1812698.546312022488564 ], [ 683784.636226151371375, -1813821.876658614724874 ], [ 686181.901194001897238, -1814376.608100601471961 ], [ 697730.024488533264957, -1815582.618989668088034 ], [ 699951.518682083580643, -1815566.510595171246678 ], [ 706736.616929484065622, -1814758.290181814925745 ], [ 730524.316907347179949, -1827576.188423638697714 ], [ 733994.818032007897273, -1828691.516703616362065 ], [ 737634.495367610943504, -1828488.824520523659885 ], [ 738596.743850227328949, -1828254.444823327939957 ], [ 742060.208517974126153, -1829083.193194376770407 ], [ 742131.192662147339433, -1829553.253453824669123 ], [ 743634.481444971752353, -1832454.309041341999546 ], [ 747882.045532471965998, -1838133.137612006161362 ], [ 751191.408988859388046, -1840971.06095980736427 ], [ 751576.853992312331684, -1841176.21501905284822 ], [ 751556.540842096204869, -1842657.243713330943137 ], [ 752675.228388733579777, -1852610.755693563260138 ], [ 753187.33768221444916, -1854835.023229734273627 ], [ 757873.497099126456305, -1868054.602462521055713 ], [ 759358.083623529179022, -1870791.668891185196117 ], [ 762769.157388936844654, -1875247.984367734286934 ], [ 765425.898910628282465, -1877659.728042054688558 ], [ 775704.343555845669471, -1884056.845466892933473 ], [ 778106.141955078346655, -1885142.530349706998095 ], [ 780708.176617627497762, -1885562.962068563094363 ], [ 786010.217726876609959, -1885711.56385391857475 ], [ 789400.285165962297469, -1887522.271408705273643 ], [ 805713.790881531080231, -1902771.840863797347993 ], [ 807950.3874529839959, -1904349.774172780336812 ], [ 810531.045514446916059, -1905262.156614982988685 ], [ 815367.914258678792976, -1906255.435918697388843 ], [ 816847.231467870180495, -1907689.016816436545923 ], [ 819057.675913922488689, -1909308.346780639607459 ], [ 821624.669772264081985, -1910266.90648837084882 ], [ 824224.394662558683194, -1910481.88500827900134 ], [ 825820.114237387431785, -1912126.643195301759988 ], [ 828663.756660208688118, -1913602.587670729495585 ], [ 831828.218238360830583, -1914103.484110937453806 ], [ 832667.996888362336904, -1913963.833424569573253 ], [ 833612.073819911922328, -1914411.452327353646979 ], [ 834017.431186888832599, -1915866.411365859210491 ], [ 835833.027980152866803, -1918540.914126528194174 ], [ 840479.051931845839135, -1923441.571741393301636 ], [ 842888.006172948749736, -1925307.728977690916508 ], [ 845747.139048506855033, -1926361.751067694975063 ], [ 856359.21614030119963, -1928515.529051162768155 ], [ 859252.892530626151711, -1928674.325876704417169 ], [ 890203.016009527491406, -1925862.820639418205246 ], [ 893738.51139499200508, -1924864.010482984129339 ], [ 897134.962756776600145, -1923180.917987637221813 ], [ 899463.184691724134609, -1923057.802889972459525 ], [ 902886.23343526001554, -1922339.838158103637397 ], [ 904234.879601090564393, -1921956.540515157859772 ], [ 916077.151404541102238, -1917673.079944096738473 ], [ 918339.104998905793764, -1916511.074003458023071 ], [ 925056.661179458838888, -1911895.050939500564709 ], [ 927373.625734936096705, -1912433.030487015144899 ], [ 930428.409560231259093, -1912189.632590730208904 ], [ 933266.049157097237185, -1911032.589690272463486 ], [ 935620.063301887712441, -1909070.559068358503282 ], [ 937269.387779655517079, -1906487.793976013315842 ], [ 937277.010976977995597, -1906459.212778967106715 ], [ 937676.714726239675656, -1906592.255358848720789 ], [ 940774.087575942161493, -1906624.198186895810068 ], [ 943732.64302938815672, -1905706.762334521161392 ], [ 946268.515415183617733, -1903927.973376466426998 ], [ 948138.394398710806854, -1901458.5014690940734 ], [ 949162.869973485940136, -1898535.285994479199871 ], [ 949194.82130200159736, -1897310.463264060439542 ], [ 952645.499289473053068, -1893438.997062146896496 ], [ 954048.046134555363096, -1891407.458376173861325 ], [ 954910.172491053817794, -1889094.230062607210129 ], [ 958498.623367432504892, -1873972.790004317415878 ], [ 962467.139300557784736, -1866436.468084292951971 ], [ 963609.481830731732771, -1862211.961277899099514 ], [ 964077.722426096443087, -1851453.648658222286031 ], [ 964652.800754136755131, -1849903.402517509646714 ], [ 974803.110062979743816, -1839509.419051119126379 ], [ 977060.900790496729314, -1835900.585162570234388 ], [ 978120.584511622320861, -1832947.845128473592922 ], [ 979508.581374129396863, -1831954.193226054077968 ], [ 991492.009883181774057, -1820402.027341526700184 ], [ 992984.871825331239961, -1818576.723319099051878 ], [ 994008.816762027214281, -1816452.598012243630365 ], [ 996815.841753738932312, -1808284.463536561233923 ], [ 997078.984591492568143, -1808193.535829603904858 ], [ 999539.829925508587621, -1806357.749223987106234 ], [ 1001327.76193546212744, -1803861.918431025696918 ], [ 1005961.969514768454246, -1794682.297284740721807 ], [ 1006954.64605266135186, -1791441.080292033031583 ], [ 1006807.470483643934131, -1788054.454588683787733 ], [ 1006005.941350873908959, -1784361.784537923755124 ], [ 1007676.883411577087827, -1781730.274251467781141 ], [ 1008748.356281175510958, -1779451.315318810986355 ], [ 1012930.566006754292175, -1766539.519089812180027 ], [ 1022123.555335641023703, -1752492.541029390646145 ], [ 1023323.675890804966912, -1749925.590129586867988 ], [ 1023755.570168702979572, -1747125.05560888373293 ], [ 1023384.559104837011546, -1744315.807122291531414 ], [ 1020271.238109188503586, -1733216.451911456184462 ], [ 1020941.706536157871597, -1731921.363100129878148 ], [ 1022777.707771255867556, -1726332.084912920603529 ], [ 1023143.629358299891464, -1724839.960554904304445 ], [ 1025574.997284091310576, -1710110.815876542124897 ], [ 1031751.124105938943103, -1690543.205426764674485 ], [ 1043339.061957005411386, -1667969.185382566181943 ], [ 1043911.658870027749799, -1666369.261420289520174 ], [ 1044549.245912601705641, -1666338.891765978885815 ], [ 1047031.696583426906727, -1665839.784465331584215 ], [ 1050059.519105204613879, -1664696.84721514605917 ], [ 1052563.75388433272019, -1662646.768447817536071 ], [ 1054282.106999888084829, -1659904.273716463008896 ], [ 1055034.597892553545535, -1656756.612324619665742 ], [ 1054742.410555003909394, -1653533.470791732659563 ], [ 1053436.148732163012028, -1650572.441438376903534 ], [ 1052649.641828399617225, -1649711.999444189248607 ], [ 1052750.435437740059569, -1649240.616817156318575 ], [ 1052819.567931402707472, -1648331.992091747233644 ], [ 1053872.338484414853156, -1647381.756158950505778 ], [ 1055420.435279836179689, -1644727.971093261381611 ], [ 1056089.816808067029342, -1641729.453587470808998 ], [ 1055887.274650077801198, -1639455.02484057052061 ], [ 1056907.009763403097168, -1636826.149981019087136 ], [ 1057583.824229864170775, -1633230.384545573964715 ], [ 1056921.880867549451068, -1629631.851806547958404 ], [ 1050493.31657274835743, -1612853.63106235046871 ], [ 1048828.88325374154374, -1585125.735275588231161 ], [ 1048672.897960184141994, -1583867.83503926708363 ], [ 1046990.443325753207318, -1574965.828098453581333 ], [ 1055931.276909191859886, -1552578.105760876554996 ], [ 1056643.275078793754801, -1549024.033160095335916 ], [ 1056665.092019114876166, -1547614.254865167429671 ], [ 1056676.744015386793762, -1547603.210386656457558 ], [ 1058205.578363144071773, -1544657.503455511759967 ], [ 1058686.144627498928457, -1541373.667306639254093 ], [ 1058065.510722951730713, -1538113.400853785453364 ], [ 1057244.466665851185098, -1536684.511675450950861 ], [ 1057627.236130252014846, -1534174.050651091150939 ], [ 1057656.449298138497397, -1531365.446786822285503 ], [ 1056903.45997568895109, -1528659.505886536091566 ], [ 1055629.963417584309354, -1525747.858490151586011 ], [ 1054673.069725671550259, -1524038.778585622319952 ], [ 1045695.517363660386764, -1511152.651146871270612 ], [ 1045455.757638161536306, -1506553.637388061732054 ], [ 1051388.285114564932883, -1483239.267783830873668 ], [ 1055841.565095680067316, -1473209.584205760853365 ], [ 1059306.923463504994288, -1470013.622191210044548 ], [ 1061202.965455983532593, -1467524.189424602780491 ], [ 1062869.593091307207942, -1468523.166831822134554 ], [ 1065945.045802887994796, -1469221.505834311246872 ], [ 1069085.03763100807555, -1468927.332309150369838 ], [ 1071977.262264702003449, -1467669.905010328860953 ], [ 1074334.056533083552495, -1465574.288747724611312 ], [ 1075792.070806800853461, -1463791.956478205742314 ], [ 1077443.636850575916469, -1460894.809893359430134 ], [ 1077485.829780786065385, -1460666.916313719935715 ], [ 1078109.536212874343619, -1459631.999299496877939 ], [ 1078822.843682040227577, -1456660.942719966638833 ], [ 1078605.708895012037829, -1453613.183341570897028 ], [ 1078439.551196274347603, -1453194.596489167539403 ], [ 1078590.626362638548017, -1452956.056951234582812 ], [ 1079374.302660190034658, -1450257.817050378769636 ], [ 1079701.778277826262638, -1447962.416330366861075 ], [ 1079647.421357745770365, -1444798.473957119276747 ], [ 1078607.19640773627907, -1441809.926137630827725 ], [ 1076685.266207701526582, -1439296.030689887003973 ], [ 1074645.696296022040769, -1437899.820438712835312 ], [ 1073583.748490415513515, -1434282.180226453114301 ], [ 1072007.833256166428328, -1431124.517570826923475 ], [ 1068841.366841863840818, -1426874.204126148251817 ], [ 1068605.55492144683376, -1417059.383624766254798 ], [ 1068074.780338050564751, -1414076.4713562624529 ], [ 1067596.009063011733815, -1413157.382873253198341 ], [ 1068631.149682394927368, -1412701.540943046566099 ], [ 1079242.535148420138285, -1406090.425200528232381 ], [ 1081483.202997741987929, -1404184.73918187385425 ], [ 1082198.121459102258086, -1403071.316225062822923 ], [ 1082706.681817126926035, -1403873.17595381103456 ], [ 1083109.115122078917921, -1405874.420848300447688 ], [ 1084812.674011111957952, -1408752.409656367730349 ], [ 1086248.384408623212948, -1410448.422192196594551 ], [ 1088309.160812205635011, -1412291.348215259844437 ], [ 1090795.792348603019491, -1413499.58631854923442 ], [ 1093518.221400177339092, -1413980.788740810006857 ], [ 1096268.367930881213397, -1413698.176335378549993 ], [ 1098834.425306857563555, -1413067.284592953044921 ], [ 1101716.007366050034761, -1411855.694770774338394 ], [ 1104082.722615643171594, -1409813.606626641005278 ], [ 1105703.308301928220317, -1407140.562090073246509 ], [ 1106419.409460785100237, -1404097.756774028297514 ], [ 1106161.052517673932016, -1400982.517336840042844 ], [ 1104828.649202381726354, -1395530.380882965866476 ], [ 1106071.640985760837793, -1395005.90362091595307 ], [ 1108373.487356961239129, -1393059.727735780412331 ], [ 1109990.822029096074402, -1390516.044215606991202 ], [ 1110776.692400310188532, -1387605.974619851913303 ], [ 1110659.693524081725627, -1384593.930703264195472 ], [ 1109650.456032136455178, -1381753.589706597849727 ], [ 1107840.68022490455769, -1379343.02777624852024 ], [ 1106811.210223728558049, -1378333.71660765632987 ], [ 1107224.390016505727544, -1378059.630374046275392 ], [ 1109233.838415382197127, -1375431.048522528260946 ], [ 1110275.568113110028207, -1372290.64653317257762 ], [ 1110235.537569704232737, -1368982.214431183412671 ], [ 1109118.129059018101543, -1365867.937044995371252 ], [ 1107045.668926963349804, -1363288.744454489322379 ], [ 1103731.514866725308821, -1360336.498332218267024 ], [ 1101377.810767309274524, -1358774.214818665524945 ], [ 1098681.106250848155469, -1357932.527516145259142 ], [ 1095856.615940880263224, -1357878.608565632952377 ], [ 1093129.752601406536996, -1358616.761051343288273 ], [ 1090787.826615507015958, -1360045.558733675861731 ], [ 1089163.382625141181052, -1360118.202403388218954 ], [ 1088004.178902409039438, -1360362.749309976352379 ], [ 1087985.020141252782196, -1360348.56609661411494 ], [ 1087457.158304535550997, -1360080.495937477098778 ], [ 1087036.67364913248457, -1359017.344703147886321 ], [ 1086985.564447494689375, -1358955.627792608225718 ], [ 1087055.093700860859826, -1358654.949275016319007 ], [ 1086696.60710639692843, -1355340.159161344636232 ], [ 1086216.230552772060037, -1353639.004763061879203 ], [ 1085063.816570368595421, -1351042.622383001027629 ], [ 1083227.835523203248158, -1348875.035465533146635 ], [ 1080856.437485430855304, -1347311.152222839649767 ], [ 1080108.020261934259906, -1347081.294615276157856 ], [ 1084023.054981663823128, -1337351.706613735063002 ], [ 1086954.977742416784167, -1334245.450731655349955 ], [ 1092046.743724315892905, -1325762.180986102670431 ], [ 1093609.076757134404033, -1328329.682284703245386 ], [ 1095783.204705371055752, -1330841.216962931444868 ], [ 1098660.083257937105373, -1332502.002490636194125 ], [ 1101922.259258554084226, -1333128.777184003265575 ], [ 1105209.763369341380894, -1332652.378719685366377 ], [ 1108159.831386951962486, -1331125.375947350403294 ], [ 1108516.792415668955073, -1330857.094044254161417 ], [ 1110760.314042032696307, -1328512.177691173506901 ], [ 1112022.009372762637213, -1325813.508861896116287 ], [ 1114484.197644541040063, -1325293.117302769329399 ], [ 1117285.971042091492563, -1323630.608904700260609 ], [ 1119404.662948993733153, -1321155.732554557034746 ], [ 1121728.707085628528148, -1317316.951304672518745 ], [ 1122985.670032205292955, -1314070.978828612016514 ], [ 1123809.462442333111539, -1309889.594877583906054 ], [ 1123932.46290924330242, -1306813.065141369123012 ], [ 1123113.665909839561209, -1303844.945230307290331 ], [ 1121430.69474521628581, -1301266.617789558134973 ], [ 1119043.097847451455891, -1299322.5124975387007 ], [ 1116177.223326054867357, -1298196.933730733115226 ], [ 1114675.111124907387421, -1298098.985764163779095 ], [ 1116619.605017801048234, -1290622.79858380695805 ], [ 1118974.707377734361216, -1289056.94913698383607 ], [ 1120925.606767849531025, -1286582.297603743849322 ], [ 1122009.578786972910166, -1283623.427328946767375 ], [ 1122874.898815301712602, -1279194.406727288383991 ], [ 1123872.747085319599137, -1278520.631810162914917 ], [ 1125889.957798378774896, -1275784.571922480361536 ], [ 1128749.582366017857566, -1270077.624242990277708 ], [ 1129687.163621065439656, -1267155.087810565950349 ], [ 1129687.905324925202876, -1266832.03027868992649 ], [ 1131775.118428436573595, -1265511.708281985251233 ], [ 1133720.86604176228866, -1263227.628940968075767 ], [ 1134901.446567201986909, -1260469.154392639640719 ], [ 1135210.572904240339994, -1257484.628782333806157 ], [ 1134669.153402884956449, -1254785.70587506191805 ], [ 1135715.986724136164412, -1252475.19447576161474 ], [ 1136089.060306900413707, -1249505.44773893407546 ], [ 1135908.987023954745382, -1248489.752935686614364 ], [ 1137641.423986436799169, -1244385.184268767479807 ], [ 1138423.530749687924981, -1240810.025387408677489 ], [ 1138762.908754059113562, -1229986.867802598746493 ], [ 1139557.951167513383552, -1229223.630081225419417 ], [ 1141117.56029229820706, -1225793.319040384609252 ], [ 1141575.883973377756774, -1223897.26226190617308 ], [ 1142810.295594633091241, -1222252.352945902384818 ], [ 1143876.890517160762101, -1220280.288710992084816 ], [ 1144895.570406770566478, -1217439.675717164529487 ], [ 1145020.455315671861172, -1214424.514915859559551 ], [ 1144253.255231406306848, -1211558.268541944678873 ], [ 1144697.866858237655833, -1210433.754109334200621 ], [ 1145390.412100041517988, -1207155.570028350688517 ], [ 1145083.856594535987824, -1204782.01808905787766 ], [ 1147502.164891810156405, -1203782.474734798772261 ], [ 1148824.857164002023637, -1202663.176172971958295 ], [ 1155734.877278630388901, -1202014.676445702556521 ], [ 1158809.910474247531965, -1201219.460775800747797 ], [ 1159994.460990705527365, -1200456.804771478753537 ], [ 1159955.104150937404484, -1200686.397508596070111 ], [ 1160333.718673688592389, -1203628.641464738408104 ], [ 1161558.837289595976472, -1206330.350707283010706 ], [ 1163522.647741718916222, -1208553.770812082570046 ], [ 1166052.331794909434393, -1210103.237509152153507 ], [ 1168039.393294433597475, -1210944.98336919862777 ], [ 1170658.442259308882058, -1211654.627175603061914 ], [ 1173371.85119041451253, -1211634.041137187508866 ], [ 1175979.831467635231093, -1210884.74100639228709 ], [ 1177856.108109922846779, -1210056.127250982681289 ], [ 1180979.672665156191215, -1207761.638887171400711 ], [ 1181185.474675185279921, -1208823.01151752891019 ], [ 1182734.967467111069709, -1211591.993834345135838 ], [ 1185073.938851567916572, -1213736.149576301220804 ], [ 1187966.89672252908349, -1215039.601048322627321 ], [ 1191122.572556486353278, -1215371.114266834687442 ], [ 1193534.905858219601214, -1214846.89409968489781 ], [ 1195017.928547192364931, -1217777.387573421699926 ], [ 1195420.755390306236222, -1222635.265396414091811 ], [ 1193673.287609292194247, -1227715.333612145856023 ], [ 1193170.633919081417844, -1231874.532765935640782 ], [ 1193700.325901393312961, -1237694.301198345143348 ], [ 1194579.850358896423131, -1240979.081213257042691 ], [ 1196509.246756193228066, -1243779.219166967319325 ], [ 1199601.724433819297701, -1246941.843301765620708 ], [ 1199369.366643643472344, -1247205.092157076811418 ], [ 1198022.377465683268383, -1249155.748442625626922 ], [ 1197172.385363234439865, -1251368.654499300289899 ], [ 1195915.585988167673349, -1256333.643832140602171 ], [ 1195620.59833728056401, -1259251.64877590467222 ], [ 1196184.860961920581758, -1262129.734642664436251 ], [ 1196478.663558772066608, -1262683.289729757700115 ], [ 1195910.776779538253322, -1266126.792989801848307 ], [ 1196072.679115064209327, -1270165.685545378131792 ], [ 1197745.033096426865086, -1276895.289789451751858 ], [ 1195677.168397173518315, -1297728.957691864809021 ], [ 1195871.270573652582243, -1300907.77003829088062 ], [ 1197054.978791257599369, -1303864.348879498895258 ], [ 1199108.23516479646787, -1306298.822509100660682 ], [ 1211420.794931722339243, -1316886.615052281180397 ], [ 1214389.729306426597759, -1318652.700744824716821 ], [ 1217782.438956434605643, -1319303.201494592940435 ], [ 1227412.746487038210034, -1319455.756544553209096 ], [ 1224122.900340419262648, -1324337.649811511859298 ], [ 1224076.004179276525974, -1324347.532924973173067 ], [ 1221228.973224084125832, -1326059.870389220071957 ], [ 1219100.051547873299569, -1328610.434512672945857 ], [ 1217924.222815994406119, -1331717.702065455494449 ], [ 1217831.27129826368764, -1335038.702647605212405 ], [ 1218669.426924629369751, -1341033.779212032910436 ], [ 1216040.846410816069692, -1352513.431811319896951 ], [ 1215858.71457696473226, -1355927.788126525934786 ], [ 1216837.482388558331877, -1359203.91611900087446 ], [ 1218862.722090446157381, -1361958.803630676586181 ], [ 1221697.66288777301088, -1363870.376733579207212 ], [ 1225010.871822097571567, -1364715.153396137058735 ], [ 1232470.61976390471682, -1365297.059951664181426 ], [ 1235231.883157201111317, -1367799.186588052194566 ], [ 1235958.925738734193146, -1368296.770274237263948 ], [ 1235416.622064640978351, -1373695.989583532558754 ], [ 1235627.760585967218503, -1376966.014669352676719 ], [ 1236884.616506151622161, -1379992.226283397292718 ], [ 1239889.39005903666839, -1384803.821132825221866 ], [ 1242195.231127256294712, -1387371.811698186676949 ], [ 1245236.737127446569502, -1389002.98300325544551 ], [ 1248612.665804835502058, -1390117.362865257775411 ], [ 1248235.902735715731978, -1391725.194259879877791 ], [ 1248189.389217662159353, -1392385.930786828976125 ], [ 1247369.84735471685417, -1393484.680299720028415 ], [ 1243036.407663255464286, -1402255.064564530039206 ], [ 1242074.311025606235489, -1405482.2714411043562 ], [ 1240795.686295900028199, -1416037.662393452599645 ], [ 1240944.623242998262867, -1419333.322768742451444 ], [ 1242157.808251559268683, -1422401.178967860992998 ], [ 1244303.203609046759084, -1424907.339035282609984 ], [ 1247147.313934714533389, -1426579.043548316229135 ], [ 1250380.598788355709985, -1427234.351551229367033 ], [ 1254811.838210261659697, -1427386.218163565965369 ], [ 1256655.798632784746587, -1427192.921763322083279 ], [ 1257044.039820284349844, -1430711.677768205525354 ], [ 1254901.493042881367728, -1442006.515575309051201 ], [ 1255122.083640608703718, -1446655.740892125293612 ], [ 1256117.802690730663016, -1450088.867779822088778 ], [ 1255000.964709104737267, -1456198.18054990679957 ], [ 1254860.645694551290944, -1458669.912173772929236 ], [ 1255382.533188490429893, -1466401.869065394625068 ], [ 1256057.622901947703212, -1469398.429591039428487 ], [ 1257220.1063863390591, -1472344.92961704893969 ], [ 1258778.109924083109945, -1475001.639398514060304 ], [ 1261070.688600769033656, -1477058.229998940369114 ], [ 1261486.627403633901849, -1477328.713215325260535 ], [ 1260136.984058978734538, -1481168.895692671649158 ], [ 1259586.921932118013501, -1485043.607145683141425 ], [ 1259688.912716048071161, -1486865.280985551886261 ], [ 1258117.091082078171894, -1489015.293219729093835 ], [ 1256506.6094101278577, -1492420.001089108875021 ], [ 1252039.735505840275437, -1509741.777423058403656 ], [ 1251723.337795247556642, -1512150.756795957218856 ], [ 1251997.24609232856892, -1514564.936444432241842 ], [ 1253304.767029891721904, -1520031.865689124446362 ], [ 1254652.029090295778587, -1523164.871975189074874 ], [ 1257825.033187276916578, -1528034.69576455373317 ], [ 1260565.214706761296839, -1539937.909273496363312 ], [ 1261769.378991076024249, -1542895.702635328751057 ], [ 1263844.596665374469012, -1545323.051971373613924 ], [ 1265799.164534745970741, -1546979.692571742692962 ], [ 1266573.327688390156254, -1554314.730425766436383 ], [ 1265695.84062537131831, -1560631.782213436439633 ], [ 1265897.166710225632414, -1564424.403577705612406 ], [ 1270523.603988345479593, -1583000.123705670936033 ], [ 1271366.360104141524062, -1585218.663203326519579 ], [ 1274881.38511378550902, -1591937.97459236998111 ], [ 1276566.167746650520712, -1594267.201449113897979 ], [ 1281594.634486937662587, -1599448.381778999464586 ], [ 1283419.58560707163997, -1600931.696146846050397 ], [ 1287404.685526791261509, -1603455.963291510939598 ], [ 1291415.4722651951015, -1604917.901072559645399 ], [ 1292716.954315944109112, -1605093.926231423160061 ], [ 1295456.133668946335092, -1606693.601012565894052 ], [ 1298633.688614108599722, -1607346.764329898171127 ], [ 1301853.128715322352946, -1606948.413751477142796 ], [ 1303389.468031497206539, -1606208.273779244860634 ], [ 1308052.382989090867341, -1606396.667965743457898 ], [ 1312397.525176646420732, -1605595.304728367598727 ], [ 1317071.899746868992224, -1603590.645550269866362 ], [ 1317085.223931438988075, -1603687.184178438968956 ], [ 1318429.130847806576639, -1606480.671602410264313 ], [ 1320563.965739554492757, -1608728.367705695098266 ], [ 1324192.188112298026681, -1611518.295785206602886 ], [ 1327394.622882600873709, -1613163.286408738931641 ], [ 1330972.0729602384381, -1613567.555566064082086 ], [ 1332313.00093758595176, -1613475.598259856458753 ], [ 1335509.042918088845909, -1612715.535772292176262 ], [ 1338286.318052663002163, -1610960.793012507725507 ], [ 1340345.092273854650557, -1608400.748475337168202 ], [ 1340588.652889337856323, -1607727.835278603713959 ], [ 1340712.192404709057882, -1608178.038309609284624 ], [ 1341744.896396863041446, -1609737.594275193987414 ], [ 1341753.952701352303848, -1611239.515661468729377 ], [ 1342129.798249485902488, -1613895.677755215903744 ], [ 1343198.228846689686179, -1616356.351037728367373 ], [ 1346472.166993845487013, -1621766.742996826535091 ], [ 1348039.301518787629902, -1623674.377969829598442 ], [ 1348644.812825566157699, -1625054.07394123240374 ], [ 1349749.456129013095051, -1626421.369731616927311 ], [ 1350314.919752480927855, -1628040.204067359911278 ], [ 1352289.614214056404307, -1630586.282067340798676 ], [ 1353603.393004879355431, -1631461.184575656196102 ], [ 1354779.528750381432474, -1633294.283818090800196 ], [ 1354938.588183772284538, -1633430.324298970401287 ], [ 1354952.606218742439523, -1633576.616509248968214 ], [ 1355473.209221464348957, -1634827.344923538621515 ], [ 1355422.913809591904283, -1635071.385960817104205 ], [ 1355815.114187180763111, -1638281.48338217055425 ], [ 1356863.219180791638792, -1640471.333196648629382 ], [ 1356304.736572490539402, -1642558.494686549762264 ], [ 1356523.522806682158262, -1645820.651464704191312 ], [ 1357782.825038270791993, -1648837.883996519492939 ], [ 1359948.029723755083978, -1651287.664176757680252 ], [ 1361646.492585021071136, -1652256.896530154161155 ], [ 1362852.923460705205798, -1653624.461843534372747 ], [ 1364979.09328785049729, -1655336.874025461729616 ], [ 1366452.046327252173796, -1656175.675307402154431 ], [ 1366280.710184632567689, -1658101.527751123765483 ], [ 1366998.737472112523392, -1661182.560428687836975 ], [ 1368643.275774672394618, -1663885.118349842727184 ], [ 1371049.734345267293975, -1665938.72071977565065 ], [ 1371233.095030211377889, -1666013.82514625438489 ], [ 1371314.56477993610315, -1668607.356001543812454 ], [ 1372259.249558510957286, -1671394.63439488154836 ], [ 1373974.394185689045116, -1673786.208997669629753 ], [ 1374065.416559797246009, -1673855.875585139496252 ], [ 1374399.435103158699349, -1676089.174903649836779 ], [ 1373431.101597879081964, -1676598.379450558917597 ], [ 1371193.855980095919222, -1678948.744040184421465 ], [ 1370716.372266914695501, -1679976.785443462897092 ], [ 1367732.822697802912444, -1680410.211191214621067 ], [ 1364786.333179486449808, -1681935.107943624956533 ], [ 1362500.91043713549152, -1684340.093073684256524 ], [ 1361695.783738441532478, -1686111.489593567559496 ], [ 1361473.242309839464724, -1686067.017784975701943 ], [ 1360022.048985769506544, -1686200.83751377556473 ], [ 1356008.107934205094352, -1686073.273864952614531 ], [ 1352435.873824039241299, -1686612.667286685900763 ], [ 1349288.422738364897668, -1688386.181725456612185 ], [ 1347920.166348741855472, -1689526.455763172125444 ], [ 1345791.015221267007291, -1691991.346607531653717 ], [ 1344566.936151195550337, -1695009.723957772832364 ], [ 1344377.791336963651702, -1698261.369024117477238 ], [ 1345243.647097813896835, -1701401.315711505478248 ], [ 1346749.557116251671687, -1703620.359578722156584 ], [ 1346294.199659985722974, -1704966.379837713669986 ], [ 1346244.904988494003192, -1708056.160686261020601 ], [ 1346492.45050833444111, -1708872.846036623464897 ], [ 1345720.069617987144738, -1711848.914329040329903 ], [ 1345774.068601798033342, -1712723.862927935551852 ], [ 1344835.039202027721331, -1712945.975253036012873 ], [ 1342200.953456101706252, -1714527.532154794083908 ], [ 1340299.945152492960915, -1716687.984272494446486 ], [ 1338957.193074820563197, -1716452.832710090558976 ], [ 1335877.040000073146075, -1716883.470089775044471 ], [ 1333078.159037851495668, -1718239.588401712011546 ], [ 1330831.280108430655673, -1720390.013148868223652 ], [ 1330070.016864606877789, -1721388.935831784270704 ], [ 1329216.650652593700215, -1722926.548921467969194 ], [ 1326745.796898540575057, -1723074.513210431206971 ], [ 1324252.655165077652782, -1724032.637312849983573 ], [ 1323983.63039890001528, -1724019.085337710799649 ], [ 1322134.189086606027558, -1724529.668049699394032 ], [ 1322380.362846472300589, -1722575.864222158212215 ], [ 1322226.603936968836933, -1719183.316437324043363 ], [ 1320946.32277609477751, -1716037.859010534593835 ], [ 1320280.789556434843689, -1714969.626689722994342 ], [ 1320130.636152963619679, -1714800.266013013664633 ], [ 1319472.780017370358109, -1713085.437870086869225 ], [ 1317342.439863743027672, -1710550.790666350862011 ], [ 1316323.25955183361657, -1709940.946388757089153 ], [ 1315688.632076, -1709163.724912414792925 ], [ 1313192.02075302740559, -1706883.0595284672454 ], [ 1310452.116205553291366, -1705103.096913451794535 ], [ 1307284.702066472033039, -1704301.329171726945788 ], [ 1304027.91068597137928, -1704563.347766521386802 ], [ 1303518.811376088997349, -1704783.700368298217654 ], [ 1301719.723303512437269, -1705103.215344561962411 ], [ 1298865.428373706759885, -1706673.680260162334889 ], [ 1297265.683197107864544, -1708423.755024227779359 ], [ 1296066.741281010909006, -1709174.498958819778636 ], [ 1294070.419427236542106, -1711542.945944842183962 ], [ 1292894.656481502344832, -1714408.678585004992783 ], [ 1292766.81310679926537, -1716037.397286599967629 ], [ 1292215.872686775866896, -1716894.102523556677625 ], [ 1291422.101335979765281, -1719966.598198058782145 ], [ 1291630.963725338224322, -1723133.09138919156976 ], [ 1292821.426780168898404, -1726074.706649939063936 ], [ 1294733.870677424129099, -1728330.397775964112952 ], [ 1295526.116491657448933, -1731105.924909187713638 ], [ 1295758.841390361776575, -1731466.13896219083108 ], [ 1295648.047659480944276, -1731857.130989127093926 ], [ 1295779.562531028874218, -1734729.250951692927629 ], [ 1295734.042465079575777, -1735118.551085781538859 ], [ 1296270.230543844867498, -1738038.669749053893611 ], [ 1296419.085464076139033, -1738324.879153210669756 ], [ 1296415.855510345427319, -1739330.926231425721198 ], [ 1296462.768887957558036, -1739643.719877207418904 ], [ 1295388.617871166439727, -1744424.556176165351644 ], [ 1295349.554517608135939, -1744982.426005312940106 ], [ 1295251.711795968236402, -1745174.951972753042355 ], [ 1294778.390413746004924, -1748346.251559342490509 ], [ 1295333.101459981873631, -1751504.331649200292304 ], [ 1296858.814125712262467, -1754324.504526951350272 ], [ 1299198.667234000749886, -1756516.823306327220052 ], [ 1300451.530491669429466, -1757092.663564291782677 ], [ 1302023.469067408004776, -1758731.805261623347178 ], [ 1304979.589844801928848, -1760859.841269635595381 ], [ 1304989.527642347617075, -1760898.768104807473719 ], [ 1306725.844455417944118, -1763595.359429881442338 ], [ 1309226.528268690221012, -1765603.587832193588838 ], [ 1312234.348721144953743, -1766716.878888302249834 ], [ 1315439.909344199346378, -1766820.715017550857738 ], [ 1315705.869176318403333, -1766741.426301852334291 ], [ 1315756.008087069261819, -1766790.252008028095588 ], [ 1318964.945305917179212, -1768219.484468326205388 ], [ 1326695.014415205689147, -1770131.305739446775988 ], [ 1329425.145825976971537, -1770418.374655891675502 ], [ 1332130.465299506438896, -1769952.249534264672548 ], [ 1339145.190521165728569, -1767718.242564378073439 ], [ 1340441.127463590353727, -1767862.054499113932252 ], [ 1343543.656179012497887, -1767207.564579616533592 ], [ 1344131.152559840818867, -1766866.230485863052309 ], [ 1344215.367974708788097, -1766865.44183461391367 ], [ 1348078.713325640652329, -1766230.699446911923587 ], [ 1349050.59519026405178, -1765913.365518764359877 ], [ 1350431.954791171010584, -1766291.040004487382248 ], [ 1353717.195736137218773, -1766081.111800395185128 ], [ 1356756.263331891270354, -1764815.826826250879094 ], [ 1358058.166345092002302, -1763661.909880881896242 ], [ 1360042.531877780798823, -1763384.966955819400027 ], [ 1362821.969040113501251, -1762048.077386875869706 ], [ 1365061.811967605026439, -1759927.78299244097434 ], [ 1365868.689983166521415, -1758883.784898357000202 ], [ 1367462.157140628900379, -1755873.510481999255717 ], [ 1367952.871688482351601, -1752503.037388171767816 ], [ 1367283.906373564619571, -1749163.370480960002169 ], [ 1366510.216404142556712, -1747161.660371298436075 ], [ 1365311.849206546321511, -1745146.064327685860917 ], [ 1366053.059802687028423, -1745032.406119309365749 ], [ 1367647.666378919733688, -1744248.851204534759745 ], [ 1367964.868113343138248, -1744420.946014578221366 ], [ 1370836.297511983895674, -1745011.635738922050223 ], [ 1371991.083178908796981, -1745076.110453170724213 ], [ 1376098.708213042235002, -1749144.920715174637735 ], [ 1378570.920482778688893, -1750937.492504758760333 ], [ 1381468.845191747648641, -1751900.394113748334348 ], [ 1384522.246597195276991, -1751943.833550412207842 ], [ 1389919.650176987517625, -1751188.397734852042049 ], [ 1389965.302398051368073, -1751392.810572847723961 ], [ 1391570.283660682849586, -1754097.558253346011043 ], [ 1393935.97053534979932, -1756170.032735598273575 ], [ 1393996.878382278606296, -1756196.043552744667977 ], [ 1394400.723187569528818, -1757704.655280248029158 ], [ 1395882.974352296674624, -1760874.331278602126986 ], [ 1396290.528526075882837, -1761278.842610733117908 ], [ 1395923.409668895881623, -1762444.82316829985939 ], [ 1395894.195734214736149, -1765384.943279354367405 ], [ 1396112.107746631139889, -1766958.458906420273706 ], [ 1396022.192488762782887, -1767033.378257532371208 ], [ 1394357.21780558093451, -1769672.70482528116554 ], [ 1394279.602182239061221, -1769977.381358876591548 ], [ 1394074.358603289118037, -1770182.910284565063193 ], [ 1393351.804143287939951, -1771611.250669596949592 ], [ 1392237.55555479764007, -1771478.242176670581102 ], [ 1389179.070692511508241, -1772079.697719088755548 ], [ 1386454.354744472075254, -1773593.633459085598588 ], [ 1384328.143248977139592, -1775872.954212898854166 ], [ 1380771.795017320429906, -1781136.877136216498911 ], [ 1378392.983977380441502, -1782303.897738976869732 ], [ 1376261.306159627158195, -1784281.382318519288674 ], [ 1374788.616260504350066, -1786788.508171373745427 ], [ 1374099.422782455803826, -1789613.310453099897131 ], [ 1373781.890405719168484, -1793002.974997942568734 ], [ 1374231.53379230434075, -1797037.493986065499485 ], [ 1377172.622737241676077, -1806051.589774328982458 ], [ 1378661.098851945018396, -1808925.288564012153074 ], [ 1379889.028465573675931, -1810110.789478164399043 ], [ 1380126.27725573326461, -1810978.738357730209827 ], [ 1381803.202214045682922, -1813561.001361494418234 ], [ 1383190.46472885645926, -1815109.542452558409423 ], [ 1385564.502325312932953, -1817053.944742581574246 ], [ 1388416.369538380298764, -1818186.909072940936312 ], [ 1391477.513026100350544, -1818401.746970960171893 ], [ 1392372.992169573670253, -1818326.372032992774621 ], [ 1392467.687514918623492, -1818408.618280300637707 ], [ 1394821.886089875595644, -1819852.68714238400571 ], [ 1394586.001447742106393, -1822279.319989855168387 ], [ 1394909.601644984213635, -1823716.271680345525965 ], [ 1394769.828863279195502, -1826244.480666631832719 ], [ 1394955.907393862958997, -1828109.433123585302383 ], [ 1395935.834148999070749, -1831535.552967416122556 ], [ 1398054.905615623807535, -1834400.529363315552473 ], [ 1402983.821532912319526, -1839036.889040373498574 ], [ 1405742.446834261761978, -1840799.867233985336497 ], [ 1405909.843225787393749, -1845624.024582115467638 ], [ 1406327.805291414726526, -1848158.171487778192386 ], [ 1407377.458606742089614, -1850502.274886821163818 ], [ 1409206.102754927938804, -1853486.310019905446097 ], [ 1410585.98503281804733, -1855145.172745665069669 ], [ 1411068.576249803882092, -1856629.00335675640963 ], [ 1413149.780749087454751, -1859327.745271889492869 ], [ 1416016.409309827722609, -1861170.85698502114974 ], [ 1418112.272330822655931, -1861659.23077602731064 ], [ 1418231.990467938128859, -1862191.830172932473943 ], [ 1419600.705298105720431, -1865443.386085181031376 ], [ 1422013.370426922803745, -1868017.301995421294123 ], [ 1425169.705645663198084, -1869593.228428900474682 ], [ 1428101.285870018647984, -1870454.520722770597786 ], [ 1430063.89207415166311, -1870637.93319092085585 ], [ 1430849.754102053819224, -1871482.535412178840488 ], [ 1431016.054344365373254, -1872488.85310552502051 ], [ 1432673.901551316026598, -1875474.15225421404466 ], [ 1433641.63403453794308, -1876674.516898305388168 ], [ 1433593.393237811047584, -1877681.228904450545087 ], [ 1434156.974173667142168, -1879699.888271012809128 ], [ 1433678.07130473293364, -1880904.381289389682934 ], [ 1433005.777188627747819, -1883760.019229756202549 ], [ 1433191.113182514673099, -1886687.86792707326822 ], [ 1433964.240544734057039, -1888756.589627738110721 ], [ 1433582.507637208327651, -1889051.091057582292706 ], [ 1431619.700641463743523, -1891064.717882627854124 ], [ 1430422.396835192805156, -1893306.815116596408188 ], [ 1429214.545902717858553, -1893189.433254470815882 ], [ 1426274.346644660457969, -1893799.354179079178721 ], [ 1424066.408128693467006, -1895022.699805705109611 ], [ 1422408.58717132662423, -1895099.008113158866763 ], [ 1419613.332281925249845, -1896100.46028967294842 ], [ 1417235.356652071466669, -1897878.545850715599954 ], [ 1415484.311087412759662, -1900276.502436864888296 ], [ 1414514.574004930676892, -1903082.917650162009522 ], [ 1413984.817177619319409, -1905934.441487924428657 ], [ 1412183.423615833511576, -1907977.906393815064803 ], [ 1409571.158436662517488, -1912133.923688473179936 ], [ 1408284.698171908734366, -1915246.255564232356846 ], [ 1408104.372608113335446, -1918609.151995688211173 ], [ 1408367.553983877180144, -1919508.076044791843742 ], [ 1408052.053776601562276, -1919753.499680303269997 ], [ 1406363.603814148111269, -1922135.214195495005697 ], [ 1405435.001912557519972, -1924903.088075560284778 ], [ 1405345.39677988900803, -1927821.203602365916595 ], [ 1405522.194815072929487, -1929341.111331627005711 ], [ 1405364.943026139866561, -1929988.119823785033077 ], [ 1405631.496289854170755, -1933180.423555586254224 ], [ 1406893.79678859305568, -1936124.646918266778812 ], [ 1407216.625107106519863, -1936487.743047075346112 ], [ 1407580.758831819519401, -1937572.137740419944748 ], [ 1408339.642824431415647, -1938565.891273212386295 ], [ 1408312.955984902335331, -1939826.974457734264433 ], [ 1408363.678439171984792, -1940004.726658040424809 ], [ 1408265.935014322167262, -1940487.455350069329143 ], [ 1408057.200571507448331, -1944836.081194177037105 ], [ 1408368.571344032417983, -1947836.080311217112467 ], [ 1409560.265365271829069, -1950606.786325930152088 ], [ 1410267.031104671536013, -1951430.801244205562398 ], [ 1410270.73172446526587, -1951445.08949544839561 ], [ 1411979.555746279656887, -1954105.498062904458493 ], [ 1412123.331469673197716, -1954222.315590314334258 ], [ 1411316.558944134274498, -1955639.830249437130988 ], [ 1410692.431188131915405, -1958771.69008681899868 ], [ 1411087.437986406031996, -1961940.609638675116003 ], [ 1411490.520789334783331, -1962786.411055077100173 ], [ 1411350.301835235441104, -1962954.531862127361819 ], [ 1410183.777521438198164, -1965903.660393748432398 ], [ 1409999.387756712269038, -1969069.752383152022958 ], [ 1410815.678718182491139, -1972134.357926598517224 ], [ 1412550.546733885072172, -1974789.234767206013203 ], [ 1412638.161801615729928, -1974859.148591965902597 ], [ 1412592.877454702509567, -1974979.181135734077543 ], [ 1412449.030671429587528, -1978111.554677999578416 ], [ 1412669.463282880373299, -1978911.219702701549977 ], [ 1412261.271744237281382, -1979765.001837090123445 ], [ 1411948.565085297683254, -1983312.72316892654635 ], [ 1412899.008385016582906, -1986745.035747485235333 ], [ 1414221.696417932165787, -1989489.019932135241106 ], [ 1414505.687595980707556, -1989906.713167926995084 ], [ 1413213.896054800599813, -1992102.795809660339728 ], [ 1412584.685021763900295, -1995528.12208342179656 ], [ 1412558.308884936384857, -1999497.787666476098821 ], [ 1413080.675243545556441, -2002754.629242520779371 ], [ 1413549.601157762575895, -2003632.93605547118932 ], [ 1413314.32073780731298, -2005369.685675262473524 ], [ 1413823.25909143476747, -2008351.788448670646176 ], [ 1415200.679910470731556, -2011045.237368967151269 ], [ 1417305.510607722448185, -2013188.245266960235313 ], [ 1417775.400991467526183, -2014793.004367565969005 ], [ 1419123.697353846393526, -2017636.044088611844927 ], [ 1419605.027936298632994, -2018143.686128165340051 ], [ 1418624.44205338251777, -2020883.595673739677295 ], [ 1418385.262695374665782, -2022129.303409812506288 ], [ 1418278.81239174772054, -2025220.413725705817342 ], [ 1419122.014821120537817, -2028196.200061325915158 ], [ 1419248.231161346426234, -2028386.077588346321136 ], [ 1418859.818675239337608, -2029968.448387287789956 ], [ 1419238.622143426444381, -2033427.700127315707505 ], [ 1420779.922333541093394, -2036547.685446567833424 ], [ 1422644.245831068605185, -2039084.722105593886226 ], [ 1423001.26008600811474, -2041681.064883721526712 ], [ 1424501.976068229880184, -2044637.40287683554925 ], [ 1426542.143454048316926, -2047399.001678192289546 ], [ 1426489.623215007130057, -2048032.028288119705394 ], [ 1425745.113739761756733, -2048745.358524166280404 ], [ 1423712.031978497747332, -2051508.027333870762959 ], [ 1422732.143025094643235, -2054795.211240970995277 ], [ 1422920.738265996566042, -2058220.148063046392053 ], [ 1424085.265718286158517, -2063253.353791719535366 ], [ 1424834.930017432430759, -2065215.517053148942068 ], [ 1424784.037483309395611, -2065294.460914779920131 ], [ 1423195.21064190287143, -2069020.798417993122712 ], [ 1422426.192007913719863, -2072140.58671994949691 ], [ 1422686.291619640542194, -2075343.213282698299736 ], [ 1423948.655574059812352, -2078298.023928920738399 ], [ 1426082.951499711023644, -2080699.950158053310588 ], [ 1428868.824681604513898, -2082301.005848169326782 ], [ 1430673.924911480629817, -2082664.845383852720261 ], [ 1431152.956468181451783, -2083334.181134670739993 ], [ 1433257.008701220387593, -2085030.514914313796908 ], [ 1433433.975800822954625, -2085137.310883614467457 ], [ 1433344.27583009027876, -2086765.532463198294863 ], [ 1434268.925850968807936, -2089974.814532290445641 ], [ 1435063.185908896848559, -2091096.650321099674329 ], [ 1435037.001605500234291, -2091895.632361914031208 ], [ 1435841.427841878030449, -2094802.33813393372111 ], [ 1437475.895767729729414, -2097337.008647872135043 ], [ 1439791.733526489464566, -2099269.089259536005557 ], [ 1442072.230010734638199, -2100648.288616377394646 ], [ 1442114.770929011516273, -2101314.397661709226668 ], [ 1443354.75042764027603, -2104324.373559804167598 ], [ 1445495.821015542605892, -2106776.580892341211438 ], [ 1448311.082650149939582, -2108411.14688759483397 ], [ 1449419.156411623349413, -2108634.664650302845985 ], [ 1449519.256908336188644, -2108798.091645682230592 ], [ 1451687.146540731424466, -2110735.919118890538812 ], [ 1454320.871395029360428, -2111968.158611043356359 ], [ 1457197.752121389145032, -2112390.625249331817031 ], [ 1460074.550733630079776, -2111967.599814190529287 ], [ 1460628.113483691122383, -2111801.260625557042658 ], [ 1461778.355056020431221, -2112408.696715125348419 ], [ 1463642.873478792374954, -2112594.906343874055892 ], [ 1463761.797739420784637, -2112695.727798942476511 ], [ 1464320.310674820328131, -2114036.846122230868787 ], [ 1464632.811126585816965, -2114414.077691190410405 ], [ 1464771.770720980130136, -2116933.759059916716069 ], [ 1464905.646090006222948, -2117275.021117065567523 ], [ 1464821.069672734942287, -2118953.90391651308164 ], [ 1465087.372343688737601, -2119907.667539891786873 ], [ 1465065.663895411184058, -2119983.166354103945196 ], [ 1464187.908443668158725, -2122507.413720579817891 ], [ 1464111.897678348235786, -2125594.403827026020736 ], [ 1464981.320169150130823, -2128557.407385280355811 ], [ 1466713.273998907534406, -2131113.893545095808804 ], [ 1469142.612424294231459, -2133020.094050992745906 ], [ 1476085.787620192393661, -2136906.551011124160141 ], [ 1479202.144545799819753, -2138023.031457509845495 ], [ 1482512.245893931016326, -2138060.954274446703494 ], [ 1484339.940334446262568, -2137453.031307267956436 ], [ 1484575.899530915310606, -2137909.462296574842185 ], [ 1486440.188333457801491, -2139797.503131659235805 ], [ 1486671.661007594782859, -2140258.768910829443485 ], [ 1488248.542152982205153, -2141941.152975051663816 ], [ 1488768.339185226242989, -2143587.229601239785552 ], [ 1492179.813957657199353, -2150631.530676109716296 ], [ 1493396.705603372538462, -2152450.044406399596483 ], [ 1493397.681658528745174, -2153198.553660660516471 ], [ 1494363.308217362035066, -2156165.769026486203074 ], [ 1495067.446582900127396, -2157135.702192460652441 ], [ 1495062.010370060103014, -2158138.93975126137957 ], [ 1495904.200376639375463, -2160960.255819472949952 ], [ 1497531.524169560754672, -2163414.013272222597152 ], [ 1499802.907285783439875, -2165287.493216942995787 ], [ 1502521.441061602439731, -2166418.281647050287575 ], [ 1505451.452858081553131, -2166708.349288171157241 ], [ 1506086.780486330389977, -2166677.144572934601456 ], [ 1508545.657868278445676, -2168149.286850061733276 ], [ 1511206.148677408928052, -2168766.220076153054833 ], [ 1512421.298859779024497, -2169944.044882831629366 ], [ 1514414.053659555502236, -2171365.547455460298806 ], [ 1513869.097126496722922, -2174527.857044538017362 ], [ 1513797.154521514894441, -2177434.804980298038572 ], [ 1514564.564888847293332, -2180239.55155846523121 ], [ 1516106.439675750210881, -2182704.94081396702677 ], [ 1517008.881973792333156, -2183765.975549194030464 ], [ 1517097.965720451204106, -2184377.446604007855058 ], [ 1518108.070035019190982, -2187523.720736979041249 ], [ 1519349.247490471228957, -2189181.666310980916023 ], [ 1518773.627578121377155, -2189548.297671725042164 ], [ 1517781.045941507443786, -2189616.764714500401169 ], [ 1515004.437368587357923, -2190685.750117348507047 ], [ 1512665.239366672700271, -2192524.346774192061275 ], [ 1510970.524408641969785, -2194969.796869724988937 ], [ 1510070.313491817563772, -2197805.622192968148738 ], [ 1510044.295851786620915, -2200780.787405376322567 ], [ 1510894.774644183926284, -2203631.922404354438186 ], [ 1512546.463062793249264, -2206106.636595235671848 ], [ 1513830.981268527451903, -2207153.115559871774167 ], [ 1514060.668795907869935, -2207780.747306969482452 ], [ 1515138.147344702621922, -2209678.892812552861869 ], [ 1514860.781444092281163, -2210223.713581232354045 ], [ 1513873.002179113449529, -2213345.652406309731305 ], [ 1513946.65663495939225, -2216619.30249832989648 ], [ 1515073.84742627106607, -2219693.656222908291966 ], [ 1517133.71479038707912, -2222239.074920509476215 ], [ 1518153.782969776075333, -2222880.760891943704337 ], [ 1518570.813674431759864, -2223527.010092084761709 ], [ 1518825.666386165656149, -2223750.98648168426007 ], [ 1519681.931388053810224, -2226009.103586688172072 ], [ 1521503.742979475762695, -2228354.085010460112244 ], [ 1523933.855770347639918, -2230060.686069910414517 ], [ 1526757.983985778642818, -2230978.419786891434342 ], [ 1530063.416905692312866, -2231529.402062225155532 ], [ 1530279.05401523062028, -2231529.521115902345628 ], [ 1532647.094269207213074, -2232600.900465963408351 ], [ 1535265.987959301564842, -2232881.162763365544379 ], [ 1538087.959134615259245, -2234546.54654328757897 ], [ 1541386.297531922580674, -2235199.076512632891536 ], [ 1544204.001288475701585, -2234794.765009879134595 ], [ 1544217.593270511133596, -2234811.815795997623354 ], [ 1545355.096114613348618, -2235576.7202203781344 ], [ 1545313.767381803365424, -2235661.743613816332072 ], [ 1544437.656980369007215, -2238425.526091354899108 ], [ 1544391.214541430119425, -2241324.4752317359671 ], [ 1545178.344045671168715, -2244114.903543340507895 ], [ 1546732.878890927648172, -2246562.245863804593682 ], [ 1548908.520781558239833, -2248447.241050092037767 ], [ 1548897.991491494467482, -2248602.61725897109136 ], [ 1549622.310235447948799, -2251572.412684987299144 ], [ 1551209.942714942619205, -2254184.642695014365017 ], [ 1553512.535430738469586, -2256195.212092074565589 ], [ 1556314.926693259039894, -2257416.246787314768881 ], [ 1558469.518493776442483, -2257983.569242788944393 ], [ 1558040.708965321769938, -2259346.812926326878369 ], [ 1557580.671656539198011, -2262469.801657202653587 ], [ 1558117.02896939101629, -2265580.59155232552439 ], [ 1559596.334544597426429, -2268369.201950679998845 ], [ 1561106.178754867753014, -2269821.773622907232493 ], [ 1561574.243598085362464, -2270672.263652296736836 ], [ 1563780.664321422344074, -2272776.175782204139978 ], [ 1565796.334660967346281, -2273763.701677873730659 ], [ 1566159.558556373231113, -2275539.538330426905304 ], [ 1567017.795766503782943, -2277088.006922155618668 ], [ 1566863.135572225786746, -2278160.953391258604825 ], [ 1567460.14685354498215, -2281364.985615634825081 ], [ 1569055.742791134398431, -2284206.872061080764979 ], [ 1569397.972312894649804, -2284514.263991823419929 ], [ 1567815.857017686357722, -2283723.110576172359288 ], [ 1564611.532176420558244, -2283275.709798545576632 ], [ 1561432.073747141519561, -2283874.800142869353294 ], [ 1558610.303150541614741, -2285457.669639807660133 ], [ 1557580.685884292470291, -2286597.551425418816507 ], [ 1556974.1643699798733, -2285362.42177568282932 ], [ 1557261.037466808920726, -2282519.086518385913223 ], [ 1556672.238641862059012, -2279595.831051565241069 ], [ 1555247.6575654190965, -2276976.160206364002079 ], [ 1553113.969505123794079, -2274893.0179063975811 ], [ 1550828.76322701969184, -2273720.400395530276 ], [ 1549999.426131058251485, -2272654.657380296848714 ], [ 1547159.229864137247205, -2270832.443862111307681 ], [ 1543874.654431801754981, -2270058.660190928261727 ], [ 1540519.720250275917351, -2270421.418482522014529 ], [ 1537476.459611047059298, -2271879.410808362998068 ], [ 1536114.326566118048504, -2272844.291245590429753 ], [ 1534492.783592346124351, -2274499.577442031819373 ], [ 1534378.329020066885278, -2273744.676855291239917 ], [ 1532921.174723480595276, -2269373.74346482148394 ], [ 1531605.908767433138564, -2266772.047141619957983 ], [ 1529596.171665912726894, -2264660.245759843382984 ], [ 1527062.76591653493233, -2263217.81600338453427 ], [ 1526650.509378422284499, -2263123.452037305105478 ], [ 1526516.172537659062073, -2262907.437145927920938 ], [ 1524293.991378325037658, -2260965.364037486258894 ], [ 1521601.70787294395268, -2259756.502345609944314 ], [ 1519852.129446916282177, -2259535.190905879251659 ], [ 1519084.193050352158025, -2258546.906823321711272 ], [ 1516114.735342509578913, -2256692.256531071383506 ], [ 1512687.969264236744493, -2255974.843797695823014 ], [ 1511433.485954588046297, -2255936.676346643362194 ], [ 1511244.77807897888124, -2255759.59371503489092 ], [ 1511091.859109033830464, -2255687.035140563733876 ], [ 1509483.031399463303387, -2254243.121729374397546 ], [ 1506705.918099605478346, -2252985.052350202575326 ], [ 1500029.672994922613725, -2251120.653718241024762 ], [ 1496991.147859477670863, -2250758.232401905581355 ], [ 1493985.288840165827423, -2251331.639556802809238 ], [ 1491293.564100908348337, -2252787.181427494157106 ], [ 1489168.026321246521547, -2254988.561303048860282 ], [ 1487807.71052322932519, -2257729.64231953304261 ], [ 1487769.805924174841493, -2257974.722812353633344 ], [ 1487605.777270451188087, -2258077.629431017674506 ], [ 1485946.607193428324535, -2260077.2389673194848 ], [ 1485637.418487269664183, -2260063.509905037004501 ], [ 1482540.725877861725166, -2260951.218083987943828 ], [ 1482194.15627823700197, -2261189.70967696653679 ], [ 1481959.551210963632911, -2261069.267927731852978 ], [ 1481447.338804746046662, -2260137.403729333076626 ], [ 1479375.556199360638857, -2258101.34887710865587 ], [ 1477125.374879693146795, -2256457.446307034231722 ], [ 1475187.359872733941302, -2255421.175424796063453 ], [ 1476204.117143575102091, -2254093.623641432728618 ], [ 1476755.284287637099624, -2252498.358772325795144 ], [ 1477491.337443175492808, -2251706.934490191750228 ], [ 1478758.70993554731831, -2249189.247208006680012 ], [ 1478889.86056784261018, -2248482.743268515914679 ], [ 1479508.399843654362485, -2248144.74990530917421 ], [ 1481599.985225726151839, -2245982.026787270791829 ], [ 1482953.616982490522787, -2243295.061628792900592 ], [ 1483446.763004275271669, -2240327.081221682485193 ], [ 1483275.917805703822523, -2239091.15831835148856 ], [ 1484470.279867529403418, -2236835.61258441535756 ], [ 1485362.148401853628457, -2234218.760856938548386 ], [ 1487320.705687701469287, -2233195.023089421913028 ], [ 1488772.795645960373804, -2233128.586298085283488 ], [ 1491636.491319986293092, -2232076.791566415224224 ], [ 1494049.804114568512887, -2230210.526197688654065 ], [ 1495788.126402874011546, -2227703.483977664727718 ], [ 1496689.672093715518713, -2224788.995954301208258 ], [ 1496670.534103619167581, -2221738.31425862479955 ], [ 1495732.493610122008249, -2218835.366600887384266 ], [ 1492822.403447007061914, -2213044.609219369478524 ], [ 1491254.469868413871154, -2210772.960075976327062 ], [ 1489125.240605321479961, -2209016.489671230316162 ], [ 1484918.329819885548204, -2206429.639138579368591 ], [ 1481958.935449116164818, -2205211.110103443264961 ], [ 1478865.187880969140679, -2204996.780047566164285 ], [ 1477824.22868493408896, -2204395.590676195453852 ], [ 1477676.279541790951043, -2204338.136733251158148 ], [ 1477536.838588857324794, -2204218.906251557637006 ], [ 1474570.708034014096484, -2203013.904769029933959 ], [ 1471375.778089313302189, -2202808.036632296163589 ], [ 1470671.227062410674989, -2202876.182545309420675 ], [ 1470389.652888462878764, -2202736.567643494810909 ], [ 1467571.045076996088028, -2202243.486904902849346 ], [ 1463937.446892529493198, -2202135.821091143880039 ], [ 1463426.912063439842314, -2201864.994975827168673 ], [ 1462271.015236758394167, -2200394.65471106627956 ], [ 1459611.993505952181295, -2197903.367515907622874 ], [ 1457085.017934053204954, -2196177.421404179185629 ], [ 1454154.415964997140691, -2195296.474402067251503 ], [ 1453287.584381726337597, -2195309.661434500943869 ], [ 1451572.148950958391652, -2194958.056331817060709 ], [ 1446377.605656521162018, -2194688.133550771512091 ], [ 1443661.722907335031778, -2194918.97531590750441 ], [ 1441109.058713480830193, -2195874.596863002981991 ], [ 1439118.589720332762226, -2197330.852312236092985 ], [ 1436878.419139467878267, -2197638.11160783469677 ], [ 1432828.654937548097223, -2198921.557979860343039 ], [ 1430330.817199859535322, -2200115.144939851015806 ], [ 1425237.991824864177033, -2203485.634202463552356 ], [ 1425222.264280249364674, -2203479.014844990335405 ], [ 1422029.549730995902792, -2202719.538797101471573 ], [ 1418762.899895753478631, -2203034.545010122470558 ], [ 1415774.140477043110877, -2204390.106590207200497 ], [ 1414589.833827263209969, -2205505.57846469245851 ], [ 1412723.14662931393832, -2205874.599929593969136 ], [ 1409852.669265973148867, -2207553.654992108698934 ], [ 1408761.540334784425795, -2208465.861211258452386 ], [ 1406456.991789418039843, -2211240.287194565404207 ], [ 1404723.062907367711887, -2214326.948338412679732 ], [ 1403622.633953834883869, -2217330.48496551066637 ], [ 1403526.900393791962415, -2220527.829369476996362 ], [ 1404086.126008299412206, -2222392.809141349047422 ], [ 1404015.626791051356122, -2222704.018932164181024 ], [ 1404277.431015076581389, -2225762.339889100752771 ], [ 1404783.023696330143139, -2226979.967679704539478 ], [ 1404760.682930531911552, -2227235.264207851607352 ], [ 1404896.412820345722139, -2229198.061823819298297 ], [ 1405698.625222967239097, -2232487.944743888452649 ], [ 1407552.80449873721227, -2235321.474976652301848 ], [ 1410246.33423957019113, -2237373.735170177649707 ], [ 1410545.198839993448928, -2237469.740300910081714 ], [ 1408503.21022803732194, -2237517.295516717247665 ], [ 1405404.036048617446795, -2238667.523059323430061 ], [ 1402849.204419735120609, -2240765.316982046701014 ], [ 1401117.904889006633312, -2243581.432379016652703 ], [ 1401006.55479490221478, -2244081.44127647113055 ], [ 1400722.888951592380181, -2244299.680378165096045 ], [ 1399405.52955869701691, -2246192.578969229478389 ], [ 1398734.395142011111602, -2246175.27950873458758 ], [ 1397461.374119332525879, -2246555.551786600612104 ], [ 1397187.007885792991146, -2246448.554919689893723 ], [ 1393755.11118930648081, -2246356.505356475245208 ], [ 1391668.708074229536578, -2247043.766832826193422 ], [ 1391327.321189985377714, -2246994.920888428110629 ], [ 1388396.594714911887422, -2247454.781181186437607 ], [ 1385729.741818649228662, -2248754.21366894710809 ], [ 1383561.462334854993969, -2250778.860117271076888 ], [ 1382082.578500062227249, -2253350.538900428451598 ], [ 1381423.241396286524832, -2256242.926105513237417 ], [ 1381430.725889107678086, -2256344.390956382732838 ], [ 1381310.239881878485903, -2256484.817169660236686 ], [ 1380124.159431616775692, -2259202.769123404286802 ], [ 1380046.26554370764643, -2259884.103810292668641 ], [ 1378146.463205532869324, -2258369.613551286514848 ], [ 1374961.24011175846681, -2257263.54455634066835 ], [ 1373401.113138547632843, -2257004.044141687918454 ], [ 1370343.016389574389905, -2256969.464787798933685 ], [ 1368367.501885063014925, -2257571.325660886708647 ], [ 1366534.475665210280567, -2255895.903168157208711 ], [ 1364899.399411445483565, -2255108.709249244071543 ], [ 1364339.107660401845351, -2253913.029521186836064 ], [ 1362263.672210815595463, -2251664.583551834803075 ], [ 1359605.497201657854021, -2250148.982283959630877 ], [ 1356613.466006196802482, -2249508.130578895565122 ], [ 1354546.25769140641205, -2249707.606687346473336 ], [ 1351955.499446327332407, -2247912.893394568935037 ], [ 1349200.445966149447486, -2246574.935057539958507 ], [ 1348450.752624974120408, -2246465.762182377278805 ], [ 1348327.378337190719321, -2245972.837543957401067 ], [ 1346788.801277083111927, -2243427.814685190096498 ], [ 1344569.800942822825164, -2241447.815130117349327 ], [ 1341866.633728383574635, -2240207.957181673962623 ], [ 1338918.377493117004633, -2239817.898349255789071 ], [ 1338172.905352781061083, -2239943.535046610981226 ], [ 1337629.677578287897632, -2239707.156236101407558 ], [ 1335502.404406419256702, -2239460.494175063911825 ], [ 1334318.939360540127382, -2238283.771718903444707 ], [ 1331453.574024919420481, -2236293.061268008314073 ], [ 1329838.671098156832159, -2235869.513851083349437 ], [ 1328472.037452554097399, -2234766.188531900756061 ], [ 1325458.412133416160941, -2233644.763410192914307 ], [ 1322244.679346907418221, -2233537.742642746306956 ], [ 1319163.124018633039668, -2234456.191675915848464 ], [ 1316532.364543782314286, -2236305.147179228253663 ], [ 1315774.094215650809929, -2237333.799348655156791 ], [ 1314755.810883824946359, -2237892.778132316656411 ], [ 1312648.880564912920818, -2240098.205886750947684 ], [ 1311799.539064790122211, -2241828.307552949525416 ], [ 1311719.721109149511904, -2241796.61265872977674 ], [ 1308623.446728751296178, -2241590.640986725222319 ], [ 1307216.051289280643687, -2241716.742648028768599 ], [ 1303827.743439357494935, -2242639.399020288139582 ], [ 1300967.331495570717379, -2244676.546137941535562 ], [ 1298987.559309717733413, -2247576.96454900642857 ], [ 1297928.926411574240774, -2249932.082302532158792 ], [ 1297811.996505862334743, -2250390.944852024316788 ], [ 1297598.039920395473018, -2250628.064739474095404 ], [ 1296344.702730076154694, -2253313.94695996074006 ], [ 1295933.700802961597219, -2256249.231414808891714 ], [ 1296126.213337691500783, -2257454.631087281741202 ], [ 1294765.11316699674353, -2256939.051205998752266 ], [ 1292567.438123127445579, -2255359.847604710608721 ], [ 1289696.270838707918301, -2254409.964063082356006 ], [ 1286672.438156041083857, -2254361.836887691635638 ], [ 1283772.496193293016404, -2255219.867732399143279 ], [ 1281261.670171661768109, -2256905.582123058382422 ], [ 1278449.94260093010962, -2259488.713453338481486 ], [ 1276889.302073667291552, -2261314.071001003030688 ], [ 1275808.866898751584813, -2263458.876088873483241 ], [ 1275735.57511161104776, -2263662.008661406580359 ], [ 1273405.411485362099484, -2263974.651427519507706 ], [ 1270476.537729664240032, -2265433.243889717385173 ], [ 1268496.090206246823072, -2266866.287569421809167 ], [ 1266509.346193592762575, -2268771.520356940571219 ], [ 1265203.507952235406265, -2270999.221089700702578 ], [ 1262173.89338722685352, -2270648.236628140788525 ], [ 1261168.738836810691282, -2270743.38250361289829 ], [ 1261346.195592272328213, -2269964.179078901652247 ], [ 1261058.851785890525207, -2266835.380175939295441 ], [ 1260412.867180535802618, -2264298.444217971991748 ], [ 1259022.268853281624615, -2261188.646992978174239 ], [ 1256668.468406852567568, -2258726.082080792170018 ], [ 1254180.268250753637403, -2257475.740733677521348 ], [ 1253953.359572138637304, -2257198.42387156561017 ], [ 1251731.119532223092392, -2255190.695902330800891 ], [ 1249014.028139714151621, -2253931.038505176547915 ], [ 1246045.790081330342218, -2253532.434413106646389 ], [ 1243092.636197933694348, -2254030.635712212417275 ], [ 1237892.376707915682346, -2255739.168794308323413 ], [ 1236127.067081977147609, -2256514.831924200057983 ], [ 1230809.084092873381451, -2259493.38682649936527 ], [ 1230228.773120517609641, -2259103.024976737331599 ], [ 1227361.188850609585643, -2258242.230544678401202 ], [ 1224367.312505348352715, -2258268.895663711242378 ], [ 1223061.409187628421932, -2258686.399758688174188 ], [ 1222188.458560458384454, -2258477.583393890410662 ], [ 1219244.288608741713688, -2258222.300344821065664 ], [ 1218560.017637894488871, -2258368.230576590169221 ], [ 1218433.273830586113036, -2255175.090984291862696 ], [ 1217245.155873016919941, -2252110.512403866741806 ], [ 1215127.635558511363342, -2249596.675918660592288 ], [ 1213703.45635176752694, -2248741.854489635676146 ], [ 1214007.104245831957087, -2246484.565312715712935 ], [ 1213929.594494186341763, -2240908.230260116048157 ], [ 1213381.798151108436286, -2237780.089696706738323 ], [ 1211880.81194512010552, -2234981.449915068224072 ], [ 1210209.749849520158023, -2233394.499743082094938 ], [ 1210785.126809199806303, -2231554.075859434437007 ], [ 1210735.15352004673332, -2228380.436650615185499 ], [ 1209693.140289292205125, -2225382.321978973224759 ], [ 1207764.064564365893602, -2222861.776402141433209 ], [ 1205142.270754269091412, -2221072.731859732884914 ], [ 1202091.89103482128121, -2220195.425342850387096 ], [ 1198920.235397094395012, -2220318.24094877531752 ], [ 1192764.906852409942076, -2221553.682398980017751 ], [ 1189360.944495618809015, -2220378.797361924313009 ], [ 1186774.884293805574998, -2220012.289150038734078 ], [ 1185999.556808509631082, -2219100.724328546319157 ], [ 1183331.383313583442941, -2217459.560992885380983 ], [ 1180286.368169075576589, -2216724.408176756929606 ], [ 1178190.493986879242584, -2216557.176057021133602 ], [ 1173817.650652956217527, -2217187.30490295169875 ], [ 1171116.423523293575272, -2218222.144988181069493 ], [ 1170604.595209155930206, -2217996.989728732034564 ], [ 1167624.148377567762509, -2217657.787894708104432 ], [ 1165161.882643164601177, -2218125.673129149246961 ], [ 1162477.653053904650733, -2218155.808671546634287 ], [ 1160413.603365653660148, -2218877.573598505463451 ], [ 1158346.226348576135933, -2218335.066312928684056 ], [ 1146858.676898829406127, -2217197.370506247971207 ], [ 1145580.308039267314598, -2217152.974444340448827 ], [ 1139857.318572501651943, -2217320.625459888018668 ], [ 1138907.97822456387803, -2217495.350760894361883 ], [ 1138272.323448507580906, -2217406.161575199104846 ], [ 1135316.77580501162447, -2217886.65837821085006 ], [ 1132635.983362132683396, -2219220.633988513145596 ], [ 1131344.549828626215458, -2220453.732351038604975 ], [ 1130586.620319731999189, -2220733.32089851796627 ], [ 1128126.979901781538501, -2222673.984332989435643 ], [ 1126388.571616385597736, -2225280.503503219224513 ], [ 1125542.037717347033322, -2228297.022342757321894 ], [ 1125625.673485200852156, -2230335.502222431823611 ], [ 1125147.184000271372497, -2231484.097342583816499 ], [ 1118637.81859167595394, -2229741.967604190576822 ], [ 1117631.214103751350194, -2229053.420028732623905 ], [ 1112419.062255619326606, -2218937.757828585803509 ], [ 1112385.384088324615732, -2217035.332884998526424 ], [ 1111788.453669157344848, -2213804.732231347821653 ], [ 1110176.809016602346674, -2210941.917528544552624 ], [ 1107724.396654551615939, -2208755.875416608527303 ], [ 1104695.908061273396015, -2207482.547749006655067 ], [ 1101418.21123624430038, -2207259.36613710783422 ], [ 1096773.116725745378062, -2207711.481205584015697 ], [ 1094326.208588401088491, -2202243.892139634117484 ], [ 1091519.482702933019027, -2198579.835548596456647 ], [ 1087411.759044877719134, -2195229.114995802752674 ], [ 1084553.106519109802321, -2193596.54522317647934 ], [ 1081319.243190342094749, -2192980.666747805662453 ], [ 1079530.864979922072962, -2192939.810931739397347 ], [ 1077370.789142112014815, -2191820.238179289735854 ], [ 1074820.298635002458468, -2191259.798158338759094 ], [ 1074364.344961687223986, -2191280.595461246091872 ], [ 1073098.844807490706444, -2190489.563976493198425 ], [ 1072860.834069793811068, -2190432.659291979856789 ], [ 1072454.162912150844932, -2189650.465149188414216 ], [ 1070764.203400753671303, -2187305.551669057458639 ], [ 1068474.173291273415089, -2185541.934795374982059 ], [ 1065775.395035721594468, -2184506.957352711353451 ], [ 1065740.731971943518147, -2184504.312931488268077 ], [ 1065734.152507238090038, -2184498.377552344463766 ], [ 1062822.957458285614848, -2183217.266156570054591 ], [ 1060605.436193285277113, -2182639.565930264536291 ], [ 1057661.734327592654154, -2182325.510428307112306 ], [ 1054755.076590445358306, -2182887.072830426041037 ], [ 1052645.962867371039465, -2184006.582252292428166 ], [ 1047450.342935614287853, -2184484.434505355078727 ], [ 1044436.045725327916443, -2185247.087328212801367 ], [ 1041801.701062454259954, -2186898.70931805903092 ], [ 1039801.987562898430042, -2189279.627821462228894 ], [ 1038630.230068869190291, -2192159.664518335834146 ], [ 1038399.709724235697649, -2195260.388203359209001 ], [ 1038926.004704612889327, -2197429.924983848817647 ], [ 1038577.286774290027097, -2198838.995179507415742 ], [ 1038552.372085887473077, -2199113.027707340661436 ], [ 1038089.608267438947223, -2199749.174438918475062 ], [ 1037120.880718970904127, -2202750.76645033294335 ], [ 1037135.206159951514564, -2205904.776984222233295 ], [ 1037685.533242045319639, -2207558.415211186278611 ], [ 1037440.133313096361235, -2209303.51284730155021 ], [ 1037444.136954470886849, -2210150.651672177016735 ], [ 1037225.627775477129035, -2211066.882976825349033 ], [ 1036691.714728471473791, -2210360.854089695494622 ], [ 1032085.025330302421935, -2205936.680643287021667 ], [ 1029207.936031452380121, -2204005.864422383718193 ], [ 1028931.291829493711703, -2203937.33857005648315 ], [ 1026530.317237826995552, -2200179.949541884008795 ], [ 1024736.663656982593238, -2198080.870626145973802 ], [ 1023780.110994361108169, -2197444.953525497112423 ], [ 1022967.053005740628578, -2195421.589335974771529 ], [ 1021472.367938858573325, -2193392.14636205881834 ], [ 1017935.694812157191336, -2189679.764773690141737 ], [ 1016157.824096056283452, -2188201.167451175395399 ], [ 1006757.761289420421235, -2182071.032483889721334 ], [ 1003980.251031240681186, -2180814.467867875471711 ], [ 1000953.214046830427833, -2180453.130126245319843 ], [ 997957.968559222528711, -2181020.600246584042907 ], [ 995272.878243013401516, -2182464.140291859395802 ], [ 993147.482446525827982, -2184649.594610024243593 ], [ 991779.305207882891409, -2187373.857613512314856 ], [ 991495.712365767685696, -2188251.924138494301587 ], [ 989718.684257317800075, -2189222.469926150515676 ], [ 987759.287936495966278, -2191141.654507996048778 ], [ 986895.426994391251355, -2192648.228979744017124 ], [ 979885.507164556300268, -2190508.345864781644195 ], [ 977273.155460071051493, -2187309.053864433430135 ], [ 975008.58754299627617, -2185269.837442358024418 ], [ 972234.995630713063292, -2184007.356008345726877 ], [ 969209.954091953695752, -2183638.85206550732255 ], [ 966868.427758374251425, -2184076.345848527736962 ], [ 965598.234856966650113, -2183488.341520775575191 ], [ 962407.062841037055477, -2182614.254744709003717 ], [ 959105.343908290495165, -2182829.332908381707966 ], [ 956054.53725612279959, -2184110.030100709293038 ], [ 953588.633192723384127, -2186316.140632268972695 ], [ 951977.589192295214161, -2189206.148202506359667 ], [ 951842.535195469507016, -2189964.911257200874388 ], [ 951348.927494129631668, -2190654.555914931930602 ], [ 950403.610324528766796, -2193578.553230070974678 ], [ 950390.805147605133243, -2196651.535637688357383 ], [ 951311.721205496345647, -2199583.309582657646388 ], [ 956559.761771449819207, -2210212.720608752220869 ], [ 956598.409095742623322, -2212089.684506070334464 ], [ 957665.044145912514068, -2216381.918586041312665 ], [ 958859.800914470106363, -2218754.182651292067021 ], [ 958758.814213584177196, -2219448.563661895226687 ], [ 959247.384482167195529, -2222453.321506028063595 ], [ 960617.372117695631459, -2225171.851345430128276 ], [ 961204.339165254030377, -2225774.269685584586114 ], [ 962014.391611941624433, -2228764.840331797953695 ], [ 963745.907063762657344, -2231400.704450532328337 ], [ 965599.038581739412621, -2232877.586808222346008 ], [ 966636.864137775497511, -2234177.464996751863509 ], [ 970509.807124213897623, -2237819.980184544809163 ], [ 968495.144924908294342, -2240906.700579904951155 ], [ 967180.34461636049673, -2243897.630864902865142 ], [ 966899.776997691369615, -2247152.726198749151081 ], [ 967683.390877281548455, -2250324.525862786453217 ], [ 970620.285325739532709, -2257150.712292381562293 ], [ 969724.209310478181578, -2266896.581342415884137 ], [ 969727.24338161945343, -2268760.161361082457006 ], [ 970248.139183197519742, -2274230.09645467158407 ], [ 963864.193525396054611, -2284364.447817259468138 ], [ 962741.518915298627689, -2286839.625589668750763 ], [ 962381.762867451878265, -2289169.666288939770311 ], [ 959237.683832108043134, -2292943.20873861014843 ], [ 957814.572342604631558, -2295211.217919858638197 ], [ 957044.270482862135395, -2297775.53985804412514 ], [ 956766.300176795804873, -2299525.392170406877995 ], [ 954580.200286126811989, -2303438.303634129930288 ], [ 954179.371372245019302, -2303667.387405674904585 ], [ 952135.703619717154652, -2305857.037217174656689 ], [ 950832.150825203047134, -2308553.68222377775237 ], [ 950173.920629645464942, -2310681.914683366194367 ], [ 948649.670077362679876, -2312418.68501528352499 ], [ 942597.431088393670507, -2321800.970542709808797 ], [ 941996.318265408626758, -2323088.406618211884052 ], [ 941156.10595157800708, -2323941.886814243625849 ], [ 941007.74800603708718, -2324153.72154237003997 ], [ 940564.711879906244576, -2324277.346703785937279 ], [ 937870.702224632841535, -2326120.415845397859812 ], [ 936259.308537692995742, -2327664.096153121907264 ], [ 934699.119822884444147, -2329581.94749114010483 ], [ 933657.129773530759849, -2331823.955367487389594 ], [ 932506.847939676023088, -2335401.047561770770699 ], [ 932353.388114032917656, -2335362.741809679660946 ], [ 930440.238864483777434, -2335515.21096927812323 ], [ 928883.634932065499015, -2330138.516607359051704 ], [ 929530.700486618210562, -2328195.708143552299589 ], [ 929670.473307503503747, -2325513.02132434817031 ], [ 929368.596179734100588, -2321869.695020465645939 ], [ 930644.930421271594241, -2319015.304519443307072 ], [ 931398.62889158364851, -2316460.931339235976338 ], [ 931451.363777454127558, -2313798.206652054563165 ], [ 930799.394654744071886, -2311215.994423955213279 ], [ 929133.247610923135653, -2307055.074420379474759 ], [ 930196.907260658452287, -2300205.828490755520761 ], [ 930203.673071044380777, -2298716.755331915803254 ], [ 930441.887927360832691, -2298596.926567786838859 ], [ 932661.999514972558245, -2296402.953191782347858 ], [ 934097.554367621080019, -2293631.383798622060567 ], [ 934170.365071032545529, -2293192.766738383565098 ], [ 934796.341720275580883, -2292628.876913437154144 ], [ 936281.90878527238965, -2290229.520784772932529 ], [ 937952.621550066280179, -2286414.895716240629554 ], [ 938739.592915373039432, -2283431.788863636553288 ], [ 938579.789224818348885, -2280350.76416325615719 ], [ 937488.420993855805136, -2277465.081261703744531 ], [ 935569.367383755045012, -2275049.406683987472206 ], [ 933005.288722893572412, -2273333.670385839417577 ], [ 930040.240439277258702, -2272481.180444731377065 ], [ 929290.926808854448609, -2272503.510327993892133 ], [ 929080.993091948912479, -2272301.766260919626802 ], [ 928914.370737067889422, -2272225.077545974869281 ], [ 929253.349136491306126, -2269819.789714127313346 ], [ 929245.367638223106042, -2266302.856668941210955 ], [ 928811.038666856242344, -2263410.344337487593293 ], [ 927558.342987235053442, -2260767.235793133731931 ], [ 925594.452087546233088, -2258599.656088232528418 ], [ 924234.530140234157443, -2257782.419190304353833 ], [ 924209.11076656205114, -2256893.229282127227634 ], [ 923093.265258698957041, -2253863.419123938772827 ], [ 921070.16268906078767, -2251347.089100908488035 ], [ 916221.228200824116357, -2246994.749684607610106 ], [ 913779.868223744211718, -2245379.224573666229844 ], [ 913197.327006570529193, -2245204.895475446712226 ], [ 913246.541029220330529, -2244994.471464471425861 ], [ 913483.265282758045942, -2241995.882819358259439 ], [ 912817.588610873906873, -2239062.549083943478763 ], [ 911309.738591306959279, -2236459.865746826399118 ], [ 909096.139043770264834, -2234423.31246297666803 ], [ 906377.066986316698603, -2233137.147861850447953 ], [ 903398.532427460886538, -2232717.738614793866873 ], [ 900430.020432954537682, -2233203.031076394021511 ], [ 900346.107777358265594, -2233230.189863996580243 ], [ 899835.635562355746515, -2233091.961823171935976 ], [ 898619.261136561748572, -2231388.941967801190913 ], [ 896045.704655243316665, -2228891.916809652931988 ], [ 895636.99613279721234, -2228714.390353222377598 ], [ 894430.300609318655916, -2227590.102386842016131 ], [ 894426.093815872911364, -2227587.244124268647283 ], [ 893280.52726778993383, -2225256.89295401237905 ], [ 890979.507990999380127, -2222950.199195640161633 ], [ 888059.10623401904013, -2221505.630268624052405 ], [ 884829.337999031413347, -2221076.534760212060064 ], [ 884627.685286706779152, -2221116.403048852458596 ], [ 882061.510730313835666, -2220250.613897558767349 ], [ 879495.624656129977666, -2220260.560842166654766 ], [ 878146.307791928527877, -2218582.303501831367612 ], [ 875512.475215133512393, -2216864.698903766460717 ], [ 874167.846497064456344, -2216503.941468372009695 ], [ 874235.967474688426591, -2216118.601216007489711 ], [ 873786.531416400452144, -2212988.285358065739274 ], [ 872382.086868837708607, -2210154.841225249227136 ], [ 872251.332011640770361, -2210022.070714217144996 ], [ 872360.226414485718124, -2209702.603890235070139 ], [ 872528.481509255245328, -2207068.45602264534682 ], [ 872189.809723516111262, -2202137.423372112214565 ], [ 874397.58885200903751, -2197464.878222763538361 ], [ 875287.466014084173366, -2194362.13652592105791 ], [ 875142.602575420984067, -2191137.558726418297738 ], [ 874744.279159758472815, -2190107.828341499902308 ], [ 875564.299292881740257, -2187645.13589637260884 ], [ 875482.690560380229726, -2184211.303407622966915 ], [ 874243.96633925253991, -2181007.644897419027984 ], [ 873239.011671698652208, -2179336.999963345006108 ], [ 871167.32444908330217, -2176890.095456793438643 ], [ 868427.751876789261587, -2175224.570994750130922 ], [ 866809.673280166927725, -2174855.521054383832961 ], [ 866173.348694114014506, -2174029.842370657715946 ], [ 864698.037387571996078, -2173031.355869946070015 ], [ 866622.793743119807914, -2161298.582929671276361 ], [ 866692.03310769284144, -2159015.715582749340683 ], [ 868071.753841575351544, -2157409.780193394050002 ], [ 869252.471113248262554, -2154748.915694608353078 ], [ 871212.429002781864256, -2147709.784933608025312 ], [ 871549.216574526042677, -2144257.64119927585125 ], [ 870699.298867106670514, -2140947.94369127927348 ], [ 871273.808959099114873, -2140045.919620715081692 ], [ 872045.604020018596202, -2136854.277693764772266 ], [ 871741.994056475465186, -2133584.710934090893716 ], [ 871674.377430727821775, -2133327.974820195231587 ], [ 872250.075409859768115, -2131597.434520500712097 ], [ 872673.99817479099147, -2127121.927524081431329 ], [ 871490.348351000342518, -2118225.795458385255188 ], [ 872162.378590684500523, -2117519.924220982007682 ], [ 873962.763402441167273, -2114893.717636969406158 ], [ 874846.344360396498814, -2111834.693089331500232 ], [ 874723.540965492837131, -2108652.985085991676897 ], [ 873606.803451409796253, -2105671.166208703070879 ], [ 873249.855900727910921, -2105228.05427603982389 ], [ 873229.975028202170506, -2104141.446765238419175 ], [ 871975.314947102102451, -2100891.625432855915278 ], [ 869681.980548352468759, -2098269.388230193406343 ], [ 865522.657339984667487, -2094925.563040048582479 ], [ 862868.968886770075187, -2093394.363485195441172 ], [ 859876.240462509449571, -2092738.458719143643975 ], [ 856825.388545472174883, -2093019.416124842362478 ], [ 854002.785453743650578, -2094210.863257564138621 ], [ 851673.378622464486398, -2096200.963329896563664 ], [ 849164.589274419937283, -2099119.784943929407746 ], [ 847266.432238099048845, -2102460.763957889284939 ], [ 846768.276835272903554, -2106270.879717402625829 ], [ 847335.931037399335764, -2115223.569927731528878 ], [ 845660.25705257395748, -2121718.143847168888897 ], [ 845343.162635021028109, -2124203.893695259466767 ], [ 845336.117690071812831, -2129818.303658913820982 ], [ 844691.158434799872339, -2129980.432771230582148 ], [ 844485.415663396357559, -2128469.263795843813568 ], [ 843144.895269817905501, -2125671.441622505430132 ], [ 841538.591287727467716, -2123975.66554640699178 ], [ 841967.719097037799656, -2121817.967276218812913 ], [ 841492.491326883202419, -2118487.306359214242548 ], [ 839939.562602358055301, -2115502.753469058778137 ], [ 837484.711155448807403, -2113202.134432538878173 ], [ 836668.995597086264752, -2112842.807300972286612 ], [ 835545.254627993796021, -2111118.715145531110466 ], [ 833370.638996934518218, -2109263.39914613077417 ], [ 831510.284292415133677, -2108433.738397351931781 ], [ 830348.502029006252997, -2105568.857389897108078 ], [ 829213.803567596012726, -2103507.449474612716585 ], [ 827628.823902947595343, -2101768.259245174471289 ], [ 826929.399501344654709, -2101162.411955586634576 ], [ 826622.942688271170482, -2099465.105985979549587 ], [ 825527.479704522062093, -2096392.421014712657779 ], [ 823501.379126108600758, -2093835.792663237545639 ], [ 820860.323375490494072, -2092131.849531109677628 ], [ 820798.869553890312091, -2091648.488078546477482 ], [ 819591.970349447452463, -2088961.22250249190256 ], [ 817654.446023639873601, -2086742.213387405266985 ], [ 815913.32798938639462, -2085657.023188897641376 ], [ 815066.158209283836186, -2083519.685790979769081 ], [ 813124.554958911146969, -2081144.754320142557845 ], [ 811019.868302867049351, -2079773.409900919068605 ], [ 810690.704536571865901, -2079305.229960716096684 ], [ 811991.608047187561169, -2077214.317459798650816 ], [ 812743.39541614218615, -2074189.588177177589387 ], [ 812527.451056811027229, -2071080.321460580453277 ], [ 811871.840238630888052, -2069449.742626231629401 ], [ 811937.279011024278589, -2069072.525620257249102 ], [ 811567.773949591093697, -2066136.828590466175228 ], [ 810355.370634595863521, -2063437.767782900249586 ], [ 808882.219830195303075, -2061755.287470077164471 ], [ 808973.19171852490399, -2061564.438922189641744 ], [ 809365.68464564322494, -2058381.128888070583344 ], [ 808730.184149014297873, -2055237.301190828671679 ], [ 807132.067427837755531, -2052456.377528327750042 ], [ 804735.740955089917406, -2050324.445796970278025 ], [ 802184.422813137993217, -2049230.865756152197719 ], [ 802355.000014410121366, -2042188.974457188975066 ], [ 801912.941562742111273, -2038996.931607195641845 ], [ 800478.638113213586621, -2036111.220802981872112 ], [ 798201.035671033314429, -2033831.510219100862741 ], [ 795316.653074197238311, -2032394.537614645669237 ], [ 792125.020568856387399, -2031949.526174639351666 ], [ 788017.150134942261502, -2032045.229357956675813 ], [ 786552.489965480868705, -2030875.487154960399494 ], [ 783772.220635229838081, -2029783.967660054797307 ], [ 780793.604512302903458, -2029562.250839010579512 ], [ 777882.373244927381165, -2030230.116741979960352 ], [ 775878.230314453830943, -2031019.953730167122558 ], [ 771925.421639640582725, -2029205.616081706015393 ], [ 768969.272923316108063, -2028368.104251300683245 ], [ 765898.387333573889919, -2028467.618038330459967 ], [ 763002.663880104664713, -2029494.763101174263284 ], [ 760921.997050606179982, -2031074.319160219980404 ], [ 760890.353295955806971, -2028705.10307774017565 ], [ 759988.751005385885946, -2025890.437960153212771 ], [ 759840.303534700535238, -2025676.513348006410524 ], [ 760325.538923811283894, -2023508.781637161038816 ], [ 760073.886197563726455, -2020495.541986077325419 ], [ 759617.199612446594983, -2018588.865234086988494 ], [ 758328.13694526697509, -2015548.251496663549915 ], [ 756118.972785409423523, -2013093.336391222197562 ], [ 753230.660987237584777, -2011491.877863296773285 ], [ 749978.230136231402867, -2010918.547226101160049 ], [ 747759.587098896619864, -2010899.474496324779466 ], [ 747142.956113158259541, -2009452.019520207773894 ], [ 745111.955070940195583, -2007108.560769197531044 ], [ 742460.673592357779853, -2005499.999091019621119 ], [ 739444.079164190101437, -2004781.02606849046424 ], [ 737565.62254116195254, -2004926.692976860096678 ], [ 737242.790887647308409, -2004285.67308729630895 ], [ 734619.350288000307046, -2001864.451201253570616 ], [ 733880.054459905833937, -2001394.878859759075567 ], [ 736241.19251791620627, -1999507.868349275784567 ], [ 738556.384522864012979, -1996868.672231092583388 ], [ 739816.724720468861051, -1993591.934103577630594 ], [ 739866.870255634188652, -1990081.527347187511623 ], [ 738700.640455381711945, -1986770.12609952641651 ], [ 737580.733514783205464, -1984791.627345655811951 ], [ 735556.504521804046817, -1982274.50990118808113 ], [ 732835.49915897496976, -1980533.960257909726351 ], [ 731246.58577291329857, -1980137.283830726286396 ], [ 729285.529587893513963, -1977871.490686875535175 ], [ 726702.214001941494644, -1976278.127309036441147 ], [ 723759.876913559273817, -1975533.158364186761901 ], [ 722026.092114615486935, -1975631.599216697737575 ], [ 720713.195637361845002, -1974768.247196529991925 ], [ 719646.70283180475235, -1974518.126700929133222 ], [ 718286.631929516326636, -1972993.015004456508905 ], [ 715666.87187622836791, -1971434.950188557850197 ], [ 712699.448159730294719, -1970738.455253824358806 ], [ 708041.111191219184548, -1970376.517176350811496 ], [ 704720.879890722455457, -1970675.89867933630012 ], [ 701683.555227858712897, -1972050.025334884179756 ], [ 695694.492487405776046, -1976080.242600423516706 ], [ 693429.52977854013443, -1978179.04953501210548 ], [ 691912.86655133892782, -1980868.804036167217419 ], [ 691652.810651136329398, -1982129.67870067153126 ], [ 691559.001752072363161, -1982199.530416363151744 ], [ 689641.508615562925115, -1985139.649413927458227 ], [ 686531.567440663930029, -1992464.963692476507276 ], [ 685887.887513466179371, -1994638.692555861081928 ], [ 684957.528026164509356, -1999922.349658245919272 ], [ 684885.260312331840396, -2002912.913915859535336 ], [ 684980.172622451209463, -2003247.882006012834609 ], [ 683846.860785655910149, -2004364.084361149929464 ], [ 683345.384443542570807, -2005270.107962102396414 ], [ 682536.596369727165438, -2004936.074064805405214 ], [ 679666.063605445437133, -2004641.967508189147338 ], [ 670791.64896261121612, -2005020.979395989794284 ], [ 666868.36629870638717, -2002730.350828838767484 ], [ 664071.857023956603371, -2001621.566804516129196 ], [ 635054.88593886885792, -1994934.85359322396107 ], [ 632279.575105459894985, -1994693.506409825989977 ], [ 629545.375917108496651, -1995227.129388519795612 ], [ 619330.487605261732824, -1998754.390961092198268 ], [ 616523.087260719737969, -2000260.737869511824101 ], [ 614331.963802711223252, -2002573.648523818235844 ], [ 612979.52892041078303, -2005458.349130844231695 ], [ 612701.476751892711036, -2007794.991391362855211 ], [ 609597.131051249802113, -2008096.824247248005122 ], [ 606524.22568009281531, -2008902.579109044745564 ], [ 603859.100549354683608, -2010631.479440151946619 ], [ 599766.152049823082052, -2014331.237832855200395 ], [ 590690.943972289562225, -2017242.30406737793237 ], [ 585250.073874516761862, -2015135.834723975742236 ], [ 582410.102721816976555, -2014491.051835844758898 ], [ 579504.787806551787071, -2014691.866088652983308 ], [ 578061.876973171602003, -2015007.176321208942682 ], [ 572172.862436839030124, -2010221.772043011151254 ], [ 568949.764914056519046, -2008469.739837394328788 ], [ 558345.650075838668272, -2005032.733059263322502 ], [ 555560.542576217907481, -2002971.092482826439664 ], [ 552956.106087793130428, -2001584.721990107558668 ], [ 550060.463897841866128, -2001018.710618230048567 ], [ 547125.684918488375843, -2001322.330294248182327 ], [ 546972.58442635636311, -2001361.611113738967106 ], [ 546799.356341237900779, -2001247.954171931836754 ], [ 544089.727259675040841, -2000002.033288668375462 ], [ 541133.178188598714769, -1999610.592108769342303 ], [ 538192.676683056983165, -2000108.447010231204331 ], [ 537426.695935462368652, -2000360.072059435537085 ], [ 533022.050244943937287, -1997904.287395591381937 ], [ 528809.275451895082369, -1996660.07698998786509 ], [ 523430.262129246082623, -1996305.95304657635279 ], [ 520213.096691858081613, -1996617.649173838086426 ], [ 518488.925691280048341, -1997074.29897856968455 ], [ 515495.277543153322767, -1998425.096737854648381 ], [ 513100.704607471590862, -2000672.896612614858896 ], [ 511563.49950110365171, -2003575.237785224802792 ], [ 511049.47414135269355, -2006819.056792322080582 ], [ 511614.074304510839283, -2010054.456377695314586 ], [ 512309.238788864633534, -2012033.944484217558056 ], [ 514009.499071063182782, -2015058.654785773716867 ], [ 524889.852417024434544, -2028336.589999827090651 ], [ 525034.724737715325318, -2030410.076011374825612 ], [ 524502.137126346235164, -2031004.687412048922852 ], [ 501591.475071142369416, -2030715.581029462162405 ], [ 503834.363322409044486, -2028309.375886595109478 ], [ 505510.356888308131602, -2025868.453122643753886 ], [ 506398.108866146067157, -2023043.748749022372067 ], [ 506419.789521822647657, -2020082.906247017206624 ], [ 503406.275733725517057, -1998893.406934126280248 ], [ 503218.519024955981877, -1997921.29638412152417 ], [ 501404.020530592068098, -1990516.808615922695026 ], [ 500072.614285367832053, -1987442.091570761054754 ], [ 498158.726406917441636, -1985368.172001510392874 ], [ 498161.50524391309591, -1985347.552988060051575 ], [ 497709.788933647447266, -1982487.255108013050631 ], [ 497017.20725880964892, -1980263.543563227169216 ], [ 495488.262007021578029, -1977262.194634932558984 ], [ 493049.534023854357656, -1974938.754341648425907 ], [ 489977.715752141957637, -1973556.834851260529831 ], [ 488440.042890080541838, -1973158.428415328264236 ], [ 485803.774273677379824, -1969376.213520918274298 ], [ 488874.951749025844038, -1960247.734217164106667 ], [ 489321.973662312084343, -1955836.423900130670518 ], [ 488473.527081760694273, -1948948.520486482651904 ], [ 487795.311440497578587, -1946363.551132226362824 ], [ 486456.687413681240287, -1944050.516603014431894 ], [ 484553.260105162858963, -1942174.614819955313578 ], [ 472707.341791506332811, -1933279.248406748753041 ], [ 473690.964128513238393, -1931492.337729043792933 ], [ 477542.887153088930063, -1928756.008293292485178 ], [ 479646.688645237998571, -1926741.043277142103761 ], [ 481080.508483600337058, -1924205.254365226021037 ], [ 481722.671788513893262, -1921363.830246144207194 ], [ 482376.048950403637718, -1912793.768420668318868 ], [ 482162.094086454366334, -1909842.957391489995643 ], [ 481094.093389205343556, -1907083.892889814916998 ], [ 479265.529626265808474, -1904758.077553509734571 ], [ 468654.814450305595528, -1894752.543514788383618 ], [ 467065.636029776826035, -1893530.239936832804233 ], [ 461825.411769347381778, -1890279.619544652290642 ], [ 463024.01060480682645, -1885373.027123321779072 ], [ 463309.114956342615187, -1882895.597387511050329 ], [ 462972.358925458916929, -1880424.65870700776577 ], [ 462053.733642930106726, -1876977.933748970739543 ], [ 461011.424445339478552, -1874484.828548696357757 ], [ 459339.655918149393983, -1872361.81842283392325 ], [ 455721.018414498365019, -1868865.358889484312385 ], [ 453058.16492227546405, -1867021.734904260840267 ], [ 449945.745587850280572, -1866125.86437420011498 ], [ 432791.320444006356411, -1864099.051749947713688 ], [ 428812.730658232467249, -1864431.506023837253451 ], [ 418628.857535340066534, -1867407.836627469165251 ], [ 408586.441831584612373, -1866813.429239969700575 ], [ 406077.072742722462863, -1866981.716693156398833 ], [ 403689.054053820145782, -1867770.779829090461135 ], [ 399231.132088747050148, -1869897.956964248558506 ], [ 396618.169676053745206, -1871703.668930183397606 ], [ 394703.256805018812884, -1874237.692799528827891 ], [ 391911.080741397745442, -1879502.340027963509783 ], [ 390830.899890752858482, -1882883.528056941460818 ], [ 390999.87925204471685, -1886429.042001754278317 ], [ 392396.728738454170525, -1889692.174648418091238 ], [ 392987.646805990429129, -1890588.445915936492383 ], [ 392646.614699987694621, -1891530.221550753572956 ], [ 391288.966976119962055, -1892511.299003024585545 ], [ 384669.882167127041612, -1894175.228674403158948 ], [ 380677.662257730436977, -1893461.354806671384722 ], [ 377521.476962469925638, -1893403.12541767465882 ], [ 374696.119330401124898, -1894272.626149049261585 ], [ 370615.070969371823594, -1892805.35159692238085 ], [ 367680.783169192727655, -1892225.709397430066019 ], [ 364706.325699464883655, -1892539.767886397661641 ], [ 359156.562296246760525, -1893988.277309224242344 ], [ 341435.985855437174905, -1891375.212392333196476 ], [ 338137.16160471906187, -1891438.971243766369298 ], [ 335038.646026500151493, -1892572.773625046713278 ], [ 332477.753027549770195, -1894653.190332388971001 ], [ 330887.059569860226475, -1897206.849735051160678 ], [ 330439.803234702907503, -1897431.269055939977989 ], [ 327609.321721495478414, -1899551.073794639669359 ], [ 326543.413664555759169, -1901204.956575786927715 ], [ 323767.12713893369073, -1901123.107251853216439 ], [ 313509.74648123094812, -1902599.879263172857463 ], [ 305981.101452234899625, -1897458.084455226315185 ], [ 302162.218886928108986, -1895883.140163697069511 ], [ 297058.126842619967647, -1894937.910241765202954 ], [ 296257.696620903734583, -1892269.089035959448665 ], [ 294454.09350807662122, -1889679.211535586509854 ], [ 291933.184752902772743, -1887780.404356427257881 ], [ 288946.064202803361695, -1886761.797231618082151 ], [ 285790.262496321345679, -1886724.848011012887582 ], [ 282780.11167365941219, -1887673.237003128509969 ], [ 273924.726494767935947, -1892101.309689825866371 ], [ 271162.216436581336893, -1894142.135112843709067 ], [ 269253.172577086486854, -1896997.302668582182378 ], [ 269202.698049246799201, -1897199.880799729144201 ], [ 263603.982397647458129, -1898132.929596050176769 ], [ 261687.278762074565748, -1896920.403075092937797 ], [ 258476.97667355282465, -1896159.848008869914338 ], [ 257292.12319217363256, -1896277.305092969210818 ], [ 256192.893771415692754, -1895744.945377575466409 ], [ 255583.243862340867054, -1892072.641427032416686 ], [ 256058.268727018323261, -1887957.153969329549 ], [ 256042.442959526728373, -1885534.236125054070726 ], [ 255444.340221572725568, -1883186.246676637092605 ], [ 250254.313727465923876, -1869839.70229405304417 ], [ 249896.195727590442402, -1866167.41382901952602 ], [ 249296.230499389814213, -1863598.970248855417594 ], [ 248045.602511424163822, -1861276.732032122788951 ], [ 241710.370237230905332, -1852519.364409725181758 ], [ 239703.123677120544016, -1850452.730780372163281 ], [ 233039.001759651000611, -1845329.373834719182923 ], [ 230171.291340362135088, -1843792.342973409686238 ], [ 226961.938343838060973, -1843257.291329904692248 ], [ 224920.891685346490704, -1843590.068520582281053 ], [ 222773.25495193147799, -1841488.744511530967429 ], [ 220564.533096046827268, -1839855.507611330132931 ], [ 217994.749962197558489, -1838884.87397610838525 ], [ 210161.053662464400986, -1837105.448746846523136 ], [ 206767.238459460641025, -1836926.750083195976913 ], [ 203509.566822840133682, -1837894.990937781287357 ], [ 200764.29705254684086, -1839898.34031640784815 ], [ 196214.632869369845139, -1844593.795627787709236 ], [ 194388.614435846335255, -1847209.527847673511133 ], [ 193479.255509909300599, -1850267.217287354404107 ], [ 192728.766897237423109, -1856057.92233724729158 ], [ 191593.965097590145888, -1856041.042090178932995 ], [ 188915.008325397851877, -1856763.741672283271328 ], [ 186537.769469234801363, -1858194.769098294898868 ], [ 183935.914746075606672, -1860303.320826591458172 ], [ 177899.608135473332368, -1860659.13066087430343 ], [ 173842.465137536666589, -1858749.785096717299893 ], [ 170913.747535914852051, -1852051.06148766563274 ], [ 169805.882647335034562, -1845673.713073684135452 ], [ 168641.42567336850334, -1842433.606084958883002 ], [ 163545.318136348127155, -1833492.181541974889114 ], [ 160944.779659465479199, -1823118.145963504211977 ], [ 157140.819904612348182, -1806963.887256379239261 ], [ 158539.729012815514579, -1803525.762046600691974 ], [ 159270.888955968955997, -1799404.467702174792066 ], [ 158847.246837573155062, -1787393.880953862331808 ], [ 158368.354739792121109, -1784669.567275709705427 ], [ 157161.456993437022902, -1782180.667822511633858 ], [ 155318.896032339252997, -1780117.613833173410967 ], [ 153649.669117308076238, -1778702.933045868296176 ], [ 150669.734924664982827, -1776958.803016462828964 ], [ 147274.259503271459835, -1776332.110097507014871 ], [ 143868.05134295244352, -1776897.568602203158662 ], [ 135404.933485539688263, -1779872.430414263624698 ], [ 132675.712085515930085, -1781340.822537823114544 ], [ 130527.141238306357991, -1783574.310436469502747 ], [ 129165.587411184111261, -1786358.371508846990764 ], [ 128899.228788038599305, -1787221.678566484944895 ], [ 123457.211628344230121, -1790212.948075881227851 ], [ 109068.599684205604717, -1792687.939275815384462 ], [ 106204.882692799947108, -1793642.857056363951415 ], [ 103756.60886000120081, -1795408.84069561585784 ], [ 101946.883087503607385, -1797824.960643555270508 ], [ 100940.621033497678582, -1800671.042099371552467 ], [ 99453.160035255452385, -1808475.707711211172864 ], [ 99347.731393715104787, -1811540.594378496985883 ], [ 100176.053864736968535, -1814493.30963157559745 ], [ 101860.226656475686468, -1817056.161068808985874 ], [ 104241.859288567924523, -1818988.121598301455379 ], [ 106175.705279947884264, -1820114.931977321160957 ], [ 105342.361415216786554, -1823253.15734593058005 ], [ 105652.858510456309887, -1826712.321903290459886 ], [ 107127.768865952239139, -1829856.660836086375639 ], [ 109589.185433583523263, -1832306.896816892549396 ], [ 114884.380127718963195, -1835996.653949580388144 ], [ 117300.287593503060634, -1837158.659008590737358 ], [ 116647.569592122876202, -1840201.856893229996786 ], [ 116992.011547394577065, -1843366.530833970755339 ], [ 119690.286156847665552, -1853182.481478647328913 ], [ 121213.013238423271105, -1856369.054445204557851 ], [ 123748.49431584928243, -1858827.566341082332656 ], [ 134787.585208847129252, -1866258.422194108832628 ], [ 138644.689091553125763, -1870951.440270177554339 ], [ 138162.946507092157844, -1872060.164900469826534 ], [ 137884.38793623066158, -1875266.287225494394079 ], [ 138638.603516580798896, -1878394.861037757713348 ], [ 139900.522879779600771, -1881394.85701908939518 ], [ 130156.047641785233282, -1891103.628166733076796 ], [ 127710.2368283146061, -1895077.019017057027668 ], [ 122778.850101104384521, -1910143.79089135164395 ], [ 122382.705113613963476, -1914664.871567591326311 ], [ 123421.855633885206771, -1921958.796119989128783 ], [ 124399.222670429560822, -1925063.44669791078195 ], [ 126321.866065702473861, -1927689.764254819136113 ], [ 128506.877576434184448, -1929831.517844408284873 ], [ 111888.120453475334216, -1940421.403383875032887 ], [ 110476.835057995471288, -1941508.915894310222939 ], [ 86167.855621422204422, -1963962.734178878366947 ], [ 84758.220987979104393, -1964534.896188109880313 ], [ 73734.078511633982998, -1964095.364264882169664 ], [ 40916.421142686253006, -1956164.147261273814365 ], [ 39848.508123086219712, -1955966.727418365189806 ], [ 23995.537140492910112, -1953918.749254210386425 ], [ 22840.616531567826314, -1953837.132077934686095 ], [ -78943.740985913391341, -1952551.59259918727912 ], [ -158653.280414420936722, -1937937.047119303839281 ], [ -182112.774267752538435, -1931389.811862419825047 ], [ -184406.312404787808191, -1931029.521021105116233 ], [ -196261.912666262185667, -1930561.329854565206915 ], [ -199863.769310426519951, -1931081.818598181707785 ], [ -215972.663603361608693, -1936536.507137702545151 ], [ -218291.090127339644823, -1937673.551133151631802 ], [ -230383.516708359238692, -1945690.521545659285039 ], [ -232215.468302519904682, -1947252.810125701129436 ], [ -262670.709883012401406, -1980339.863095682580024 ], [ -267968.845203705597669, -1985133.98771555442363 ], [ -275192.693249824165832, -1988438.615960573777556 ], [ -287400.433963054965716, -1989607.982511187903583 ], [ -303194.861017783405259, -1986847.309444312471896 ], [ -306268.946703811991028, -1986789.82796132308431 ], [ -317427.639733993157279, -1988312.819979788269848 ], [ -320461.64714205940254, -1989234.292196354130283 ], [ -323054.640446725883521, -1991059.312119549140334 ], [ -325015.27488315035589, -1992970.02830936992541 ], [ -326791.338331570965238, -1993078.70934676588513 ], [ -330992.072595477919094, -1991292.013840893516317 ], [ -333804.366177077812608, -1990555.101872871164232 ], [ -335779.888862142106518, -1990625.236142861656845 ], [ -335792.627814250066876, -1990598.299969372805208 ], [ -337739.331618989701383, -1988438.516611307859421 ], [ -340225.058583948994055, -1986930.046753194183111 ], [ -343039.657400734431576, -1986200.421261785784736 ], [ -349814.895851694745943, -1985467.570985238300636 ], [ -352560.265159778704401, -1985550.007996860891581 ], [ -355179.653540150378831, -1986376.236180493142456 ], [ -368861.313554124557413, -1992872.801732674241066 ], [ -372036.666864034370519, -1995251.981624965555966 ], [ -377393.530375871749129, -2001261.377803665120155 ], [ -386801.578899870917667, -2003822.106420760275796 ], [ -389162.373754522704985, -2004803.381360999308527 ], [ -391197.199311357166152, -2006351.198471430921927 ], [ -396280.777321981731802, -2011364.840023844502866 ], [ -398528.53945071506314, -2014733.321984563721344 ], [ -401042.733094514289405, -2020945.89233097829856 ], [ -401446.718825331307016, -2021241.866212204564363 ], [ -403619.944680993852671, -2023421.164252378745005 ], [ -405027.509960642200895, -2026158.135306510608643 ], [ -405536.086554085079115, -2029193.526618389412761 ], [ -405594.679550037311856, -2034284.820991798071191 ], [ -406681.276943628501613, -2036166.272306779166684 ], [ -407635.110965305066202, -2038413.837400547927245 ], [ -408015.856237364991102, -2040825.554885959252715 ], [ -408053.968132120091468, -2041939.630305216182023 ], [ -408220.352663812751416, -2042029.436693768715486 ], [ -410463.697599791339599, -2044473.829617055365816 ], [ -411137.830411301983986, -2046028.200453000608832 ], [ -414129.01779134653043, -2046666.125169830163941 ], [ -415872.543765102280304, -2047673.593237636378035 ], [ -416918.810189825657289, -2047451.636000214144588 ], [ -420036.212488497665618, -2047782.524614047259092 ], [ -422897.982046494551469, -2049062.352478821296245 ], [ -425222.873184358992148, -2051165.342151551274583 ], [ -434105.091156094975304, -2062192.518416829872876 ], [ -442982.618562212970573, -2069268.267468778882176 ], [ -450431.001227786997333, -2072588.707113225478679 ], [ -453227.310403247538488, -2074453.76040919078514 ], [ -455247.691131396160927, -2077139.990204811794683 ], [ -456263.885468655615114, -2080343.912468300433829 ], [ -456355.562373495078646, -2081002.693554564844817 ], [ -460470.209515599650331, -2078968.693701209034771 ], [ -462741.833159091591369, -2071136.603504360886291 ], [ -464188.648321287531871, -2068137.980223206803203 ], [ -466539.709458286000881, -2065780.539401905843988 ], [ -469534.401074031891767, -2064325.603725519729778 ], [ -472840.761132877785712, -2063934.453042140230536 ], [ -489706.194191456015687, -2064769.877775054192171 ], [ -491296.662123812362552, -2064977.45267650578171 ], [ -532583.541098422603682, -2073780.129640974570066 ], [ -544582.813747976906598, -2074093.983367136213928 ], [ -555630.382684761076234, -2071000.671922841807827 ], [ -558819.011246324749663, -2070642.440971694886684 ], [ -560969.084094592602924, -2070748.425252628745511 ], [ -562370.190796391223557, -2067755.641724234679714 ], [ -564787.428589800256304, -2065323.99172580242157 ], [ -567883.97750990674831, -2063851.801164038013667 ], [ -571295.808496084180661, -2063512.14017640450038 ], [ -586147.487391751841642, -2064599.122934886487201 ], [ -587074.188843409647234, -2064321.80860092304647 ], [ -594707.85501477739308, -2058875.630100012756884 ], [ -597161.163173929438926, -2057595.6407201429829 ], [ -599871.330474830116145, -2057036.993302293587476 ], [ -602630.836866837809794, -2057242.464002904947847 ], [ -612309.657713335822336, -2059337.069193572970107 ], [ -614752.349009984987788, -2060209.91277436283417 ], [ -616888.36165198253002, -2061681.662304846337065 ], [ -625582.174477612483315, -2069515.002956038340926 ], [ -629079.616297917556949, -2070855.383686946239322 ], [ -636068.998956491588615, -2069334.866827410412952 ], [ -638630.164146975730546, -2069115.799230535281822 ], [ -641162.558761336025782, -2069556.860747908242047 ], [ -654340.53370813804213, -2073652.35922275739722 ], [ -680876.944928654353134, -2073879.251991488039494 ], [ -684682.256751886219718, -2074666.851483018137515 ], [ -694829.893740891944617, -2078952.825098757864907 ], [ -703146.423708352725953, -2076506.284643983002752 ], [ -705299.061104014865123, -2076122.223461765563115 ], [ -715549.092505806474946, -2075434.379759122151881 ], [ -723992.457562514580786, -2073127.892956713913009 ], [ -726452.521857729181647, -2070954.168301025638357 ], [ -729113.152862097369507, -2069265.756024394650012 ], [ -749588.563107106485404, -2060433.365618724375963 ], [ -749397.123919449397363, -2060164.817908839322627 ], [ -748047.334486828069203, -2057505.067590830149129 ], [ -747542.024170451564714, -2054565.532806084724143 ], [ -747464.334050668287091, -2050784.916884848382324 ], [ -748022.737134726019576, -2047278.540043925167993 ], [ -749771.128338191774674, -2044188.293976944405586 ], [ -759430.130906171514653, -2032564.709902756148949 ], [ -761604.578665212960914, -2030615.220581416739151 ], [ -767972.872394519625232, -2026403.128119729226455 ], [ -771376.693686133832671, -2024969.537604157347232 ], [ -776696.304041252238676, -2023819.637578179594129 ], [ -777362.449108911678195, -2022087.424999159062281 ], [ -779323.846592782298103, -2019663.142098044045269 ], [ -781936.613956678891554, -2017960.886424964992329 ], [ -784946.679753534263, -2017146.189197172177956 ], [ -788061.338332113926299, -2017298.273427952779457 ], [ -790977.713200957514346, -2018402.350100449053571 ], [ -791895.775356744881719, -2019137.218111837748438 ], [ -792322.057672757422552, -2019112.121328652836382 ], [ -795988.767809818731621, -2020373.971228799084201 ], [ -814192.787728066090494, -2030956.206816939869896 ], [ -831521.282154615968466, -2034717.354643947444856 ], [ -831879.569751672795974, -2034856.276767044560984 ], [ -832984.706287983572111, -2034856.36716915643774 ], [ -836060.261952947941609, -2035896.787223236402497 ], [ -837599.22019486699719, -2036716.191436955705285 ], [ -837894.037973999744281, -2036691.043543305015191 ], [ -839729.842810378991999, -2037119.565461104270071 ], [ -841568.414010539301671, -2035648.497833558591083 ], [ -844498.232881515519693, -2034544.304359232308343 ], [ -864917.577621072297916, -2030336.539556410862133 ], [ -868695.183408709825017, -2030286.731228967662901 ], [ -872221.682884880458005, -2031641.938888643402606 ], [ -873880.803313405020162, -2032675.044280947186053 ], [ -876154.035790634690784, -2034617.064801789587364 ], [ -877751.560919241630472, -2037144.305008492199704 ], [ -877762.67467953171581, -2037185.485774391563609 ], [ -877856.072339913924225, -2037253.033770929323509 ], [ -879198.956434890860692, -2039158.596721661044285 ], [ -880202.182216317160055, -2039453.213015577988699 ], [ -882683.617025201325305, -2041119.268042922019958 ], [ -883228.794698565849103, -2041064.911499640904367 ], [ -886860.507642542244866, -2041370.235140444943681 ], [ -890141.615510052186437, -2042956.706884549930692 ], [ -892151.488627476384863, -2044433.322581013664603 ], [ -895601.905918086995371, -2043853.289644801290706 ], [ -909592.707274476764724, -2044405.602024339139462 ], [ -910328.381903168745339, -2042567.07967541879043 ], [ -912128.685583694954403, -2039649.667151204776019 ], [ -914808.538129386608489, -2037511.729006190318614 ], [ -916796.146031527314335, -2036422.981952785048634 ], [ -919816.979898071731441, -2035353.691175998654217 ], [ -923020.939078828203492, -2035294.821976680541411 ], [ -929353.440805917605758, -2036203.663742817705497 ], [ -930350.134758679196239, -2036398.811973424395546 ], [ -974890.378636484616436, -2047494.776730773737654 ], [ -976901.87083384685684, -2048232.408972783014178 ], [ -1022914.825033676228486, -2070961.41874527791515 ], [ -1023909.862965279491618, -2071525.924100442556664 ], [ -1047639.04204054037109, -2086845.475103338249028 ], [ -1049577.881683687213808, -2088479.89408086403273 ], [ -1065010.339079598197713, -2105271.217600750736892 ], [ -1066838.962901193182915, -2108098.619288536719978 ], [ -1070920.985120145836845, -2117622.552114372141659 ], [ -1071725.623613556381315, -2121278.186659720726311 ], [ -1071129.7158927640412, -2124973.589347186032683 ], [ -1068348.839504631934687, -2132635.872869602404535 ], [ -1066702.301668567815796, -2135539.5894686402753 ], [ -1064191.815077612176538, -2137739.615379794500768 ], [ -1057092.262195921735838, -2142110.944527911487967 ], [ -1057127.573367421515286, -2142710.484664775896817 ], [ -1059348.402509431121871, -2143022.937117052730173 ], [ -1104103.14467487228103, -2143705.21374486386776 ], [ -1105159.00348442629911, -2143777.318443058989942 ], [ -1109911.92535516503267, -2144355.847441869787872 ], [ -1112289.755664359079674, -2144947.713583383709192 ], [ -1114452.26165337394923, -2146100.080866964533925 ], [ -1116612.168922311393544, -2147617.526325198821723 ], [ -1123617.136269352398813, -2148375.62136819306761 ], [ -1126811.768920949427411, -2149275.3256372702308 ], [ -1129535.991502332733944, -2151171.046312244608998 ], [ -1131452.007471309043467, -2153802.169650971889496 ], [ -1132815.646811845945194, -2153424.520784224383533 ], [ -1136421.683495698962361, -2153764.647424289025366 ], [ -1137707.00537029793486, -2154128.895778964273632 ] ] ] } }
]
}
